#
# A fatal error has been detected by the Java Runtime Environment:
#
#  SIGSEGV (0xb) at pc=0x00007f975fd7a0d7, pid=280840, tid=302249
#
# JRE version: OpenJDK Runtime Environment Temurin-21.0.11+10 (21.0.11+10) (build 21.0.11+10-LTS)
# Java VM: OpenJDK 64-Bit Server VM Temurin-21.0.11+10 (21.0.11+10-LTS, mixed mode, sharing, tiered, compressed oops, compressed class ptrs, g1 gc, linux-amd64)
# Problematic frame:
# v  ~BufferBlob::vtable chunks 0x00007f975fd7a0d7
#
# Core dump will be written. Default location: Core dumps may be processed with "/usr/lib/systemd/systemd-coredump %P %u %g %s %t %c %h %d %F" (or dumping to /home/itzrival/projects/lightly/core.280840)
#
# If you would like to submit a bug report, please visit:
#   https://github.com/adoptium/adoptium-support/issues
#

---------------  S U M M A R Y ------------

Command Line: --add-opens=java.base/java.util=ALL-UNNAMED --add-opens=java.base/java.lang=ALL-UNNAMED --add-opens=java.base/java.lang.invoke=ALL-UNNAMED --add-opens=java.prefs/java.util.prefs=ALL-UNNAMED --add-opens=java.base/java.nio.charset=ALL-UNNAMED --add-opens=java.base/java.net=ALL-UNNAMED --add-opens=java.base/java.util.concurrent.atomic=ALL-UNNAMED -Xmx4096M -Dfile.encoding=UTF-8 -Duser.country=RU -Duser.language=ru -Duser.variant -javaagent:/home/itzrival/.gradle/wrapper/dists/gradle-8.7-bin/bhs2wmbdwecv87pi65oeuq5iu/gradle-8.7/lib/agents/gradle-instrumentation-agent-8.7.jar org.gradle.launcher.daemon.bootstrap.GradleDaemon 8.7

Host: Intel(R) Core(TM) i5-14600KF, 20 cores, 31G, CachyOS
Time: Tue Jun 16 20:01:58 2026 +03 elapsed time: 666.761757 seconds (0d 0h 11m 6s)

---------------  T H R E A D  ---------------

Current thread (0x00007f94e00073b0):  JavaThread "Execution worker Thread 5"        [_thread_in_Java, id=302249, stack(0x00007f96f18ee000,0x00007f96f19ee000) (1024K)]

Stack: [0x00007f96f18ee000,0x00007f96f19ee000],  sp=0x00007f96f19e7368,  free space=996k
Native frames: (J=compiled Java code, j=interpreted, Vv=VM code, C=native code)
v  ~BufferBlob::vtable chunks 0x00007f975fd7a0d7

siginfo: si_signo: 11 (SIGSEGV), si_code: 128 (SI_KERNEL), si_addr: 0x0000000000000000

Registers:
RAX=0x00007f96f7000001, RBX=0x1000007f9777ae21, RCX=0x00000000fc4588fd, RDX=0x00000007e22c47e8
RSP=0x00007f96f19e7368, RBP=0x00000007e22c47e8, RSI=0x000000076ac26990, RDI=0x00007f97752d664e
R8 =0x00000007037f9250, R9 =0x00000000020b7838, R10=0x00007f96f7000000, R11=0x00000007e22c47e8
R12=0x0000000000000000, R13=0x00000000000002d8, R14=0x00007f96f9096978, R15=0x00007f94e00073b0
RIP=0x00007f975fd7a0d7, EFLAGS=0x0000000000010202, CSGSFS=0x002b000000000033, ERR=0x0000000000000000
  TRAPNO=0x000000000000000d

XMM[0]=0x7dd7bc017dd7bc01 0x7dd7bc017dd7bc01
XMM[1]=0x294fe48100acab9f 0x14e8c84188303fdf
XMM[2]=0x0c98f5818685ba9f 0x4a319941fc018edf
XMM[3]=0xee830681e1ddc99f 0x59db6a41e191dddf
XMM[4]=0x000e178101b4d89f 0x34e63b4167e12cdf
XMM[5]=0x6c5b0f2e45790cf9 0x4fa92cf20cebb1b1
XMM[6]=0x5d2087edf8abb63f 0x0a163ef264a07bb9
XMM[7]=0x5952d8702b6ed8b3 0xf623122f092d115d
XMM[8]=0x043d11cd4e7eec92 0xc36c9e331208550c
XMM[9]=0xeabeab77eabeab77 0xeabeab772469d9ee
XMM[10]=0x0000000000000000 0x0000000039ab2e77
XMM[11]=0x2860991a2860991a 0x2860991a4cca7308
XMM[12]=0x0000000000000000 0x000000002469d9ee
XMM[13]=0x0000000000000000 0x00000000f51268a4
XMM[14]=0x0000000000000000 0xb863eb6001bdb895
XMM[15]=0x0000000000000000 0x000000004959cd35
  MXCSR=0x00001fa7


Register to memory mapping:

RAX=0x00007f96f7000001 is pointing into metadata
RBX=0x1000007f9777ae21 is an unknown value
RCX=4232415485 is a compressed pointer to object: com.sun.tools.javac.tree.JCTree$JCIdent 
{0x00000007e22c47e8} - klass: 'com/sun/tools/javac/tree/JCTree$JCIdent'
 - ---- fields (total size 4 words):
 - public 'pos' 'I' @12  13218 (0x000033a2)
 - public 'type' 'Lcom/sun/tools/javac/code/Type;' @16  a 'com/sun/tools/javac/code/Type$MethodType'{0x000000074ac269d8} (0xe9584d3b)
 - public 'name' 'Lcom/sun/tools/javac/util/Name;' @20  a 'com/sun/tools/javac/util/UnsharedNameTable$NameImpl'{0x00000007e22c4808} (0xfc458901)
 - public 'sym' 'Lcom/sun/tools/javac/code/Symbol;' @24  
[error occurred during error reporting (printing register info), id 0xb, SIGSEGV (0xb) at pc=0x00007f9777ef440b]
RDX=0x00000007e22c47e8 is an oop: com.sun.tools.javac.tree.JCTree$JCIdent 
{0x00000007e22c47e8} - klass: 'com/sun/tools/javac/tree/JCTree$JCIdent'
 - ---- fields (total size 4 words):
 - public 'pos' 'I' @12  13218 (0x000033a2)
 - public 'type' 'Lcom/sun/tools/javac/code/Type;' @16  a 'com/sun/tools/javac/code/Type$MethodType'{0x000000074ac269d8} (0xe9584d3b)
 - public 'name' 'Lcom/sun/tools/javac/util/Name;' @20  a 'com/sun/tools/javac/util/UnsharedNameTable$NameImpl'{0x00000007e22c4808} (0xfc458901)
 - public 'sym' 'Lcom/sun/tools/javac/code/Symbol;' @24  
[error occurred during error reporting (printing register info, attempt 2), id 0xb, SIGSEGV (0xb) at pc=0x00007f9777ef440b]
RSP=0x00007f96f19e7368 is pointing into the stack for thread: 0x00007f94e00073b0
RBP=0x00000007e22c47e8 is an oop: com.sun.tools.javac.tree.JCTree$JCIdent 
{0x00000007e22c47e8} - klass: 'com/sun/tools/javac/tree/JCTree$JCIdent'
 - ---- fields (total size 4 words):
 - public 'pos' 'I' @12  13218 (0x000033a2)
 - public 'type' 'Lcom/sun/tools/javac/code/Type;' @16  a 'com/sun/tools/javac/code/Type$MethodType'{0x000000074ac269d8} (0xe9584d3b)
 - public 'name' 'Lcom/sun/tools/javac/util/Name;' @20  a 'com/sun/tools/javac/util/UnsharedNameTable$NameImpl'{0x00000007e22c4808} (0xfc458901)
 - public 'sym' 'Lcom/sun/tools/javac/code/Symbol;' @24  
[error occurred during error reporting (printing register info, attempt 3), id 0xb, SIGSEGV (0xb) at pc=0x00007f9777ef440b]
Top of Stack: (sp=0x00007f96f19e7368)
0x00007f96f19e7368:   00007f97613a1578 000000072645e6f8   x.:a......E&....
0x00007f96f19e7378:   00000007e22c47e8 000000079acc9088   .G,.............
0x00007f96f19e7388:   f35993b3e4c8bcdf 000000079acbfa30   ......Y.0.......
0x00007f96f19e7398:   000000079acc9d98 00000007e22c47e8   .........G,.....
0x00007f96f19e73a8:   00000007e22c47e8 000000079acbfa30   .G,.....0.......
0x00007f96f19e73b8:   00007f97614d98f8 000000079acc9028   ..Ma....(.......
0x00007f96f19e73c8:   00000007005ad3a0 000000079acbfa30   ..Z.....0.......
0x00007f96f19e73d8:   00007f97614d98f8 00000007e22c46c8   ..Ma.....F,.....
0x00007f96f19e73e8:   000000079acc9088 00000007f3599398   ..........Y.....
0x00007f96f19e73f8:   000000079acbfa30 000000079acbfa30   0.......0.......
0x00007f96f19e7408:   00007f97609f1af4 00000007e22c47c0   ...`.....G,.....
0x00007f96f19e7418:   000000079acc9088 00000007f35993b0   ..........Y.....
0x00007f96f19e7428:   000000079acbfa30 0000000000000000   0...............
0x00007f96f19e7438:   f35993b3fc4588fd 00000007e22c47e8   ..E...Y..G,.....
0x00007f96f19e7448:   000000079acc9d80 000000079acbfa30   ........0.......
0x00007f96f19e7458:   00007f9761613ec8 f3599395f3599395   .>aa......Y...Y.
0x00007f96f19e7468:   000000079acbfa30 000000079acc9088   0...............
0x00007f96f19e7478:   00000007e22c46c8 000000079acbfa30   .F,.....0.......
0x00007f96f19e7488:   00007f97614926a0 00000007f35993ad   .&Ia......Y.....
0x00007f96f19e7498:   000000079acc9088 f35993b0fc4588f8   ..........E...Y.
0x00007f96f19e74a8:   000000079acbfa30 00000007e22c47c0   0........G,.....
0x00007f96f19e74b8:   000000079acc9d68 000000079acbfa30   h.......0.......
0x00007f96f19e74c8:   00007f976145dd10 00000007f3599383   ..Ea......Y.....
0x00007f96f19e74d8:   000000079acc9088 000000079acbfa30   ........0.......
0x00007f96f19e74e8:   00007f97613a5fb4 f35993a702168000   ._:a..........Y.
0x00007f96f19e74f8:   000000079acc9d50 f35993a7020d1d30   P.......0.....Y.
0x00007f96f19e7508:   000000079acbfa30 00007f9771600000   0.........`q....
0x00007f96f19e7518:   000000079acc9088 00000007e22c47a8   .........G,.....
0x00007f96f19e7528:   000000079acbfa30 000000079acc9d38   0.......8.......
0x00007f96f19e7538:   000000079acc9d68 000000079acc9088   h...............
0x00007f96f19e7548:   f3599380f3599380 000000079acbfa30   ..Y...Y.0.......
0x00007f96f19e7558:   00000007e22c45d8 000000079acc9c00   .E,.............

Instructions: (pc=0x00007f975fd7a0d7)
0x00007f975fd79fd7:   00 f7 96 7f 00 00 49 03 c2 48 8b 98 10 03 00 00
0x00007f975fd79fe7:   ff 63 40 00 00 00 00 00 00 00 00 00 00 00 00 00
0x00007f975fd79ff7:   00 19 00 17 00 00 00 01 00 8b 46 08 49 ba 00 00
0x00007f975fd7a007:   00 f7 96 7f 00 00 49 03 c2 48 8b 98 98 02 00 00
0x00007f975fd7a017:   ff 63 40 00 00 00 00 00 00 00 00 00 00 00 00 00
0x00007f975fd7a027:   00 07 00 17 00 00 00 01 00 8b 46 08 49 ba 00 00
0x00007f975fd7a037:   00 f7 96 7f 00 00 49 03 c2 48 8b 98 08 02 00 00
0x00007f975fd7a047:   ff 63 40 00 00 00 00 00 00 00 00 00 00 00 00 00
0x00007f975fd7a057:   00 14 00 17 00 00 00 01 00 8b 46 08 49 ba 00 00
0x00007f975fd7a067:   00 f7 96 7f 00 00 49 03 c2 48 8b 98 70 02 00 00
0x00007f975fd7a077:   ff 63 40 00 00 00 00 00 00 00 00 00 00 00 00 00
0x00007f975fd7a087:   00 0e 00 17 00 00 00 01 00 8b 46 08 49 ba 00 00
0x00007f975fd7a097:   00 f7 96 7f 00 00 49 03 c2 48 8b 98 40 02 00 00
0x00007f975fd7a0a7:   ff 63 40 00 00 00 00 00 00 00 00 00 00 00 00 00
0x00007f975fd7a0b7:   00 25 00 17 00 00 00 01 00 8b 46 08 49 ba 00 00
0x00007f975fd7a0c7:   00 f7 96 7f 00 00 49 03 c2 48 8b 98 f8 02 00 00
0x00007f975fd7a0d7:   ff 63 40 00 00 00 00 00 00 00 00 00 00 00 00 00
0x00007f975fd7a0e7:   00 02 00 17 00 00 00 01 00 8b 46 08 49 ba 00 00
0x00007f975fd7a0f7:   00 f7 96 7f 00 00 49 03 c2 48 8b 98 e0 01 00 00
0x00007f975fd7a107:   ff 63 40 00 00 00 00 00 00 00 00 00 00 00 00 00
0x00007f975fd7a117:   00 1f 00 17 00 00 00 01 00 8b 46 08 49 ba 00 00
0x00007f975fd7a127:   00 f7 96 7f 00 00 49 03 c2 48 8b 98 c8 02 00 00
0x00007f975fd7a137:   ff 63 40 00 00 00 00 00 00 00 00 00 00 00 00 00
0x00007f975fd7a147:   00 13 00 17 00 00 00 01 00 8b 46 08 49 ba 00 00
0x00007f975fd7a157:   00 f7 96 7f 00 00 49 03 c2 48 8b 98 68 02 00 00
0x00007f975fd7a167:   ff 63 40 00 00 00 00 00 00 80 9a d7 5f 97 7f 00
0x00007f975fd7a177:   00 30 00 17 00 00 00 01 00 8b 46 08 49 ba 00 00
0x00007f975fd7a187:   00 f7 96 7f 00 00 49 03 c2 48 8b 98 50 03 00 00
0x00007f975fd7a197:   ff 63 40 00 00 00 00 00 00 00 00 00 00 00 00 00
0x00007f975fd7a1a7:   00 0c 00 7f 00 07 00 00 00 4c 8b 70 08 48 8b 00
0x00007f975fd7a1b7:   44 8b 56 08 49 bb 00 00 00 f7 96 7f 00 00 4d 03
0x00007f975fd7a1c7:   d3 45 8b 9a ac 00 00 00 4b 8b 9c da d0 01 00 00


Stack slot to memory mapping:

stack at sp + 0 slots: 0x00007f97613a1578 is at entry_point+504 in (nmethod*)0x00007f97613a1090
Compiled method (c2) 666768 21095       4       org.gradle.internal.compiler.java.listeners.constants.ConstantsTreeVisitor::visitIdentifier (10 bytes)
 total in heap  [0x00007f97613a1090,0x00007f97613a2c20] = 7056
 relocation     [0x00007f97613a11e8,0x00007f97613a1368] = 384
 main code      [0x00007f97613a1380,0x00007f97613a20e0] = 3424
 stub code      [0x00007f97613a20e0,0x00007f97613a2190] = 176
 oops           [0x00007f97613a2190,0x00007f97613a21c8] = 56
 metadata       [0x00007f97613a21c8,0x00007f97613a22f0] = 296
 scopes data    [0x00007f97613a22f0,0x00007f97613a2750] = 1120
 scopes pcs     [0x00007f97613a2750,0x00007f97613a2a30] = 736
 dependencies   [0x00007f97613a2a30,0x00007f97613a2a78] = 72
 handler table  [0x00007f97613a2a78,0x00007f97613a2be0] = 360
 nul chk table  [0x00007f97613a2be0,0x00007f97613a2c20] = 64
0x00007f97613a152d:   41 81 f9 00 80 0b 02 0f 85 d2 09 00 00 45 8b 53
0x00007f97613a153d:   30 49 8b f2 48 c1 e6 03 eb 18 41 81 f9 38 78 0b
0x00007f97613a154d:   02 0f 85 68 09 00 00 45 8b 53 18 49 8b f2 48 c1
0x00007f97613a155d:   e6 03 48 85 f6 0f 84 d8 04 00 00 90 48 b8 ff ff
0x00007f97613a156d:   ff ff ff ff ff ff e8 48 8b 9d fe 0f 1f 84 00 e8
0x00007f97613a157d:   04 00 03 48 85 c0 0f 84 b7 04 00 00 4c 8b c0 8b
0x00007f97613a158d:   68 08 
stack at sp + 1 slots: 0x000000072645e6f8 is an oop: com.sun.tools.javac.api.JavacTrees 
{0x000000072645e6f8} - klass: 'com/sun/tools/javac/api/JavacTrees'
 - ---- fields (total size 11 words):
 - private final 'modules' 'Lcom/sun/tools/javac/comp/Modules;' @12  a 'com/sun/tools/javac/comp/Modules'{0x000000072643fff8} (0xe4c87fff)
 - private final 'resolve' 'Lcom/sun/tools/javac/comp/Resolve;' @16  a 'com/sun/tools/javac/comp/Resolve'{0x000000072643f6b0} (0xe4c87ed6)
 - private final 'enter' 'Lcom/sun/tools/javac/comp/Enter;' @20  a 'com/sun/tools/javac/comp/Enter'{0x000000072643f828} (0xe4c87f05)
 - private final 'log' 'Lcom/sun/tools/javac/util/Log;' @24  a 'com/sun/tools/javac/util/Log'{0x000000070740e258} (0xe0e81c4b)
 - private final 'memberEnter' 'Lcom/sun/tools/javac/comp/MemberEnter;' @28  a 'com/sun/tools/javac/comp/MemberEnter'{0x000000072643f8e8} (0xe4c87f1d)
 - private final 'attr' 'Lcom/sun/tools/javac/comp/Attr;' @32  a 'com/sun/tools/javac/comp/Attr'{0x000000072643f5e8} (0xe4c87ebd)
 - private final 'chk' 'Lcom/sun/tools/javac/comp/Check;' @36  a 'com/sun/tools/javac/comp/Check'{0x000000072643f798} (0xe4c87ef3)
 - private final 'treeMaker' 'Lcom/sun/tools/javac/tree/TreeMaker;' @40  a 'com/sun/tools/javac/tree/TreeMaker'{0x000000070740cfc8} (0xe0e819f9)
 - private final 'elements' 'Lcom/sun/tools/javac/model/JavacElements;' @44  a 'com/sun/tools/javac/model/JavacElements'{0x000000072645e750} (0xe4c8bcea)
 - private final 'javacTaskImpl' 'Lcom/sun/tools/javac/api/JavacTaskImpl;' @48  a 'com/sun/tools/javac/api/JavacTaskImpl'{0x000000072645e790} (0xe4c8bcf2)
 - private final 'names' 'Lcom/sun/tools/javac/util/Names;' @52  a 'com/sun/tools/javac/util/Names'{0x000000070bd02568} (0xe17a04ad)
 - private final 'types' 'Lcom/sun/tools/javac/code/Types;' @56  a 'com/sun/tools/javac/code/Types'{0x000000070740cff0} (0xe0e819fe)
 - private final 'docTreeMaker' 'Lcom/sun/tools/javac/tree/DocTreeMaker;' @60  a 'com/sun/tools/javac/tree/DocTreeMaker'{0x000000072645e6d8} (0xe4c8bcdb)
 - private final 'fileManager' 'Ljavax/tools/JavaFileManager;' @64  a 'com/sun/tools/javac/api/ClientCodeWrapper$WrappedJavaFileManager'{0x000000070740e158} (0xe0e81c2b)
 - private final 'parser' 'Lcom/sun/tools/javac/parser/ParserFactory;' @68  a 'com/sun/tools/javac/parser/ParserFactory'{0x000000070740cf90} (0xe0e819f2)
 - private final 'syms' 'Lcom/sun/tools/javac/code/Symtab;' @72  a 'com/sun/tools/javac/code/Symtab'{0x000000070740d0a0} (0xe0e81a14)
 - private 'breakIterator' 'Ljava/text/BreakIterator;' @76  null (0x00000000)
 - private final 'extraType2OriginalMap' 'Ljava/util/Map;' @80  a 'java/util/WeakHashMap'{0x000000072645e8c0} (0xe4c8bd18)
stack at sp + 2 slots: 0x00000007e22c47e8 is an oop: com.sun.tools.javac.tree.JCTree$JCIdent 
{0x00000007e22c47e8} - klass: 'com/sun/tools/javac/tree/JCTree$JCIdent'
 - ---- fields (total size 4 words):
 - public 'pos' 'I' @12  13218 (0x000033a2)
 - public 'type' 'Lcom/sun/tools/javac/code/Type;' @16  a 'com/sun/tools/javac/code/Type$MethodType'{0x000000074ac269d8} (0xe9584d3b)
 - public 'name' 'Lcom/sun/tools/javac/util/Name;' @20  a 'com/sun/tools/javac/util/UnsharedNameTable$NameImpl'{0x00000007e22c4808} (0xfc458901)
 - public 'sym' 'Lcom/sun/tools/javac/code/Symbol;' @24  a 'com/sun/tools/javac/code/Symbol$MethodSymbol'{0x000000074ac26990} (0xe9584d32)
stack at sp + 3 slots: 0x000000079acc9088 is an oop: org.gradle.internal.compiler.java.listeners.constants.ConstantsVisitorContext 
{0x000000079acc9088} - klass: 'org/gradle/internal/compiler/java/listeners/constants/ConstantsVisitorContext'
 - ---- fields (total size 3 words):
 - private final 'visitedClass' 'Ljava/lang/String;' @12  "org.telegram.ui.Components.MessagePreviewView$Page$4"{0x000000079acc9028} (0xf3599205)
 - private final 'consumer' 'Ljava/util/function/BiConsumer;' @16  a 'org/gradle/internal/compiler/java/listeners/constants/ConstantsTreeVisitor$$Lambda+0x00007f96f9168900'{0x000000079acc90a0} (0xf3599214)
stack at sp + 4 slots: 0xf35993b3e4c8bcdf is an unknown value
stack at sp + 5 slots: 0x000000079acbfa30 is an oop: org.gradle.internal.compiler.java.listeners.constants.ConstantsTreeVisitor 
{0x000000079acbfa30} - klass: 'org/gradle/internal/compiler/java/listeners/constants/ConstantsTreeVisitor'
 - ---- fields (total size 4 words):
 - private 'path' 'Lcom/sun/source/util/TreePath;' @12  a 'com/sun/source/util/TreePath'{0x000000079acc9d98} (0xf35993b3)
 - private final 'elements' 'Ljavax/lang/model/util/Elements;' @16  a 'com/sun/tools/javac/model/JavacElements'{0x000000072645e750} (0xe4c8bcea)
 - private final 'trees' 'Lcom/sun/source/util/Trees;' @20  a 'com/sun/tools/javac/api/JavacTrees'{0x000000072645e6f8} (0xe4c8bcdf)
 - private final 'consumer' 'Lorg/gradle/internal/compiler/java/listeners/constants/ConstantDependentsConsumer;' @24  a 'org/gradle/internal/compiler/java/listeners/constants/ConstantDependentsConsumer'{0x000000072645fd38} (0xe4c8bfa7)
stack at sp + 6 slots: 0x000000079acc9d98 is an oop: com.sun.source.util.TreePath 
{0x000000079acc9d98} - klass: 'com/sun/source/util/TreePath'
 - ---- fields (total size 3 words):
 - private 'compilationUnit' 'Lcom/sun/source/tree/CompilationUnitTree;' @12  a 'com/sun/tools/javac/tree/JCTree$JCCompilationUnit'{0x00000007da59b200} (0xfb4b3640)
 - private 'leaf' 'Lcom/sun/source/tree/Tree;' @16  a 'com/sun/tools/javac/tree/JCTree$JCIdent'{0x00000007e22c47e8} (0xfc4588fd)
 - private 'parent' 'Lcom/sun/source/util/TreePath;' @20  a 'com/sun/source/util/TreePath'{0x000000079acc9d80} (0xf35993b0)
stack at sp + 7 slots: 0x00000007e22c47e8 is an oop: com.sun.tools.javac.tree.JCTree$JCIdent 
{0x00000007e22c47e8} - klass: 'com/sun/tools/javac/tree/JCTree$JCIdent'
 - ---- fields (total size 4 words):
 - public 'pos' 'I' @12  13218 (0x000033a2)
 - public 'type' 'Lcom/sun/tools/javac/code/Type;' @16  a 'com/sun/tools/javac/code/Type$MethodType'{0x000000074ac269d8} (0xe9584d3b)
 - public 'name' 'Lcom/sun/tools/javac/util/Name;' @20  a 'com/sun/tools/javac/util/UnsharedNameTable$NameImpl'{0x00000007e22c4808} (0xfc458901)
 - public 'sym' 'Lcom/sun/tools/javac/code/Symbol;' @24  a 'com/sun/tools/javac/code/Symbol$MethodSymbol'{0x000000074ac26990} (0xe9584d32)

--------------------------------------------------------------------------------
Decoding CodeBlob, name: vtable chunks, at  [0x00007f975fd79a00, 0x00007f975fd7a408]  2568 bytes
[MachCode]
  0x00007f975fd79a00: 0000 0000 | 0000 0000 | 0300 1700 | 0000 0100 | 8b46 0849 | ba00 0000 | f796 7f00 | 0049 03c2 
  0x00007f975fd79a20: 488b 98e8 | 0100 00ff | 6340 0000 | 0000 0000 | 0000 0000 | 0000 0000 | 0000 0000 | 0000 0000 
  0x00007f975fd79a40: 0000 0000 | 0000 0000 | 0000 0000 | 0000 0000 | 0000 0000 | 0000 0000 | 0100 1700 | 0000 0100 
  0x00007f975fd79a60: 8b46 0849 | ba00 0000 | f796 7f00 | 0049 03c2 | 488b 98d8 | 0100 00ff | 6340 0000 | 0000 0000 
  0x00007f975fd79a80: 0000 0000 | 0000 0000 | 0300 7f00 | 0700 0000 | 4c8b 7008 | 488b 0044 | 8b56 0849 | bb00 0000 
  0x00007f975fd79aa0: f796 7f00 | 004d 03d3 | 458b 9aac | 0000 004b | 8b9c dad0 | 0100 004f | 8d9c dae0 | 0100 004d 
  0x00007f975fd79ac0: 33ed 493b | c675 2448 | 85db 7446 | 483b c374 | 3549 8b1b | 4983 c310 | 483b c374 | 2948 85db 
  0x00007f975fd79ae0: 75ef eb2e | 498b 1b49 | 83c3 1048 | 3bc3 450f | 446b f84c | 3bf3 7407 | 4885 db75 | e7eb 134d 
  0x00007f975fd79b00: 85ed 74cd | eb04 458b | 6bf8 4b8b | 5c2a 18ff | 6340 e969 | c4ee ff00 | 0000 0000 | 0000 0000 
  0x00007f975fd79b20: 0000 0000 | 0000 0000 | 0000 0000 | 0000 0000 | 0000 0000 | 0000 0000 | 0000 0000 | 0000 0000 
  0x00007f975fd79b40: 0000 0000 | 0000 0000 | 0000 0000 | 0000 0000 | 0000 0000 | 0000 0000 | 0000 0000 | 0000 0000 
  0x00007f975fd79b60: 0000 0000 | 0000 0000 | 0000 0000 | 0000 0000 | 0000 0000 | 0000 0000 | 0000 0000 | 0000 0000 
  0x00007f975fd79b80: 0000 0000 | 0000 0000 | 0000 0000 | 0000 0000 | 0000 0000 | 0000 0000 | 1c00 1700 | 0000 0100 
  0x00007f975fd79ba0: 8b46 0849 | ba00 0000 | f796 7f00 | 0049 03c2 | 488b 98b0 | 0200 00ff | 6340 0000 | 0000 0000 
  0x00007f975fd79bc0: 0000 0000 | 0000 0000 | 1e00 1700 | 0000 0100 | 8b46 0849 | ba00 0000 | f796 7f00 | 0049 03c2 
  0x00007f975fd79be0: 488b 98c0 | 0200 00ff | 6340 0000 | 0000 0000 | 0000 0000 | 0000 0000 | 0f00 1700 | 0000 0100 
  0x00007f975fd79c00: 8b46 0849 | ba00 0000 | f796 7f00 | 0049 03c2 | 488b 9848 | 0200 00ff | 6340 0000 | 0000 0000 
  0x00007f975fd79c20: 0000 0000 | 0000 0000 | 0700 7f00 | 0700 0000 | 4c8b 7008 | 488b 0044 | 8b56 0849 | bb00 0000 
  0x00007f975fd79c40: f796 7f00 | 004d 03d3 | 458b 9aac | 0000 004b | 8b9c dad0 | 0100 004f | 8d9c dae0 | 0100 004d 
  0x00007f975fd79c60: 33ed 493b | c675 2448 | 85db 7446 | 483b c374 | 3549 8b1b | 4983 c310 | 483b c374 | 2948 85db 
  0x00007f975fd79c80: 75ef eb2e | 498b 1b49 | 83c3 1048 | 3bc3 450f | 446b f84c | 3bf3 7407 | 4885 db75 | e7eb 134d 
  0x00007f975fd79ca0: 85ed 74cd | eb04 458b | 6bf8 4b8b | 5c2a 38ff | 6340 e9c9 | c2ee ff00 | 0000 0000 | 0000 0000 
  0x00007f975fd79cc0: 0000 0000 | 0000 0000 | 0000 0000 | 0000 0000 | 0000 0000 | 0000 0000 | 0000 0000 | 0000 0000 
  0x00007f975fd79ce0: 0500 1700 | 0000 0100 | 8b46 0849 | ba00 0000 | f796 7f00 | 0049 03c2 | 488b 98f8 | 0100 00ff 
  0x00007f975fd79d00: 6340 0000 | 0000 0000 | 0000 0000 | 0000 0000 | 0800 1700 | 0000 0100 | 8b46 0849 | ba00 0000 
  0x00007f975fd79d20: f796 7f00 | 0049 03c2 | 488b 9810 | 0200 00ff | 6340 0000 | 0000 0000 | 0000 0000 | 0000 0000 
  0x00007f975fd79d40: 0600 1700 | 0000 0100 | 8b46 0849 | ba00 0000 | f796 7f00 | 0049 03c2 | 488b 9800 | 0200 00ff 
  0x00007f975fd79d60: 6340 0000 | 0000 0000 | 0000 0000 | 0000 0000 | 0000 7e00 | 0700 0000 | 4c8b 7008 | 488b 0044 
  0x00007f975fd79d80: 8b56 0849 | bb00 0000 | f796 7f00 | 004d 03d3 | 458b 9aac | 0000 004b | 8b9c dad0 | 0100 004f 
  0x00007f975fd79da0: 8d9c dae0 | 0100 004d | 33ed 493b | c675 2448 | 85db 7445 | 483b c374 | 3549 8b1b | 4983 c310 
  0x00007f975fd79dc0: 483b c374 | 2948 85db | 75ef eb2d | 498b 1b49 | 83c3 1048 | 3bc3 450f | 446b f84c | 3bf3 7407 
  0x00007f975fd79de0: 4885 db75 | e7eb 124d | 85ed 74cd | eb04 458b | 6bf8 4b8b | 1c2a ff63 | 40e9 82c1 | eeff 0000 
  0x00007f975fd79e00: 0000 0000 | 0000 0000 | 0000 0000 | 0000 0000 | 0000 0000 | 0000 0000 | 0000 0000 | 0000 0000 
  0x00007f975fd79e20: 0000 0000 | 0000 0000 | 0800 7f00 | 0700 0000 | 4c8b 7008 | 488b 0044 | 8b56 0849 | bb00 0000 
  0x00007f975fd79e40: f796 7f00 | 004d 03d3 | 458b 9aac | 0000 004b | 8b9c dad0 | 0100 004f | 8d9c dae0 | 0100 004d 
  0x00007f975fd79e60: 33ed 493b | c675 2448 | 85db 7446 | 483b c374 | 3549 8b1b | 4983 c310 | 483b c374 | 2948 85db 
  0x00007f975fd79e80: 75ef eb2e | 498b 1b49 | 83c3 1048 | 3bc3 450f | 446b f84c | 3bf3 7407 | 4885 db75 | e7eb 134d 
  0x00007f975fd79ea0: 85ed 74cd | eb04 458b | 6bf8 4b8b | 5c2a 40ff | 6340 e9c9 | c0ee ff00 | 0000 0000 | 0000 0000 
  0x00007f975fd79ec0: 0000 0000 | 0000 0000 | 0000 0000 | 0000 0000 | 0000 0000 | 0000 0000 | 0000 0000 | 0000 0000 
  0x00007f975fd79ee0: 0200 7f00 | 0700 0000 | 4c8b 7008 | 488b 0044 | 8b56 0849 | bb00 0000 | f796 7f00 | 004d 03d3 
  0x00007f975fd79f00: 458b 9aac | 0000 004b | 8b9c dad0 | 0100 004f | 8d9c dae0 | 0100 004d | 33ed 493b | c675 2448 
  0x00007f975fd79f20: 85db 7446 | 483b c374 | 3549 8b1b | 4983 c310 | 483b c374 | 2948 85db | 75ef eb2e | 498b 1b49 
  0x00007f975fd79f40: 83c3 1048 | 3bc3 450f | 446b f84c | 3bf3 7407 | 4885 db75 | e7eb 134d | 85ed 74cd | eb04 458b 
  0x00007f975fd79f60: 6bf8 4b8b | 5c2a 10ff | 6340 e911 | c0ee ff00 | 0000 0000 | 0000 0000 | 0000 0000 | 0000 0000 
  0x00007f975fd79f80: 0000 0000 | 0000 0000 | 0000 0000 | 0000 0000 | 0000 0000 | 0000 0000 | 0900 1700 | 0000 0100 
  0x00007f975fd79fa0: 8b46 0849 | ba00 0000 | f796 7f00 | 0049 03c2 | 488b 9818 | 0200 00ff | 6340 0000 | 0000 0000 
  0x00007f975fd79fc0: 0000 0000 | 0000 0000 | 2800 1700 | 0000 0100 | 8b46 0849 | ba00 0000 | f796 7f00 | 0049 03c2 
  0x00007f975fd79fe0: 488b 9810 | 0300 00ff | 6340 0000 | 0000 0000 | 0000 0000 | 0000 0000 | 1900 1700 | 0000 0100 
  0x00007f975fd7a000: 8b46 0849 | ba00 0000 | f796 7f00 | 0049 03c2 | 488b 9898 | 0200 00ff | 6340 0000 | 0000 0000 
  0x00007f975fd7a020: 0000 0000 | 0000 0000 | 0700 1700 | 0000 0100 | 8b46 0849 | ba00 0000 | f796 7f00 | 0049 03c2 
  0x00007f975fd7a040: 488b 9808 | 0200 00ff | 6340 0000 | 0000 0000 | 0000 0000 | 0000 0000 | 1400 1700 | 0000 0100 
  0x00007f975fd7a060: 8b46 0849 | ba00 0000 | f796 7f00 | 0049 03c2 | 488b 9870 | 0200 00ff | 6340 0000 | 0000 0000 
  0x00007f975fd7a080: 0000 0000 | 0000 0000 | 0e00 1700 | 0000 0100 | 8b46 0849 | ba00 0000 | f796 7f00 | 0049 03c2 
  0x00007f975fd7a0a0: 488b 9840 | 0200 00ff | 6340 0000 | 0000 0000 | 0000 0000 | 0000 0000 | 2500 1700 | 0000 0100 
  0x00007f975fd7a0c0: 8b46 0849 | ba00 0000 | f796 7f00 | 0049 03c2 | 488b 98f8 | 0200 00ff | 6340 0000 | 0000 0000 
  0x00007f975fd7a0e0: 0000 0000 | 0000 0000 | 0200 1700 | 0000 0100 | 8b46 0849 | ba00 0000 | f796 7f00 | 0049 03c2 
  0x00007f975fd7a100: 488b 98e0 | 0100 00ff | 6340 0000 | 0000 0000 | 0000 0000 | 0000 0000 | 1f00 1700 | 0000 0100 
  0x00007f975fd7a120: 8b46 0849 | ba00 0000 | f796 7f00 | 0049 03c2 | 488b 98c8 | 0200 00ff | 6340 0000 | 0000 0000 
  0x00007f975fd7a140: 0000 0000 | 0000 0000 | 1300 1700 | 0000 0100 | 8b46 0849 | ba00 0000 | f796 7f00 | 0049 03c2 
  0x00007f975fd7a160: 488b 9868 | 0200 00ff | 6340 0000 | 0000 0000 | 809a d75f | 977f 0000 | 3000 1700 | 0000 0100 
  0x00007f975fd7a180: 8b46 0849 | ba00 0000 | f796 7f00 | 0049 03c2 | 488b 9850 | 0300 00ff | 6340 0000 | 0000 0000 
  0x00007f975fd7a1a0: 0000 0000 | 0000 0000 | 0c00 7f00 | 0700 0000 | 4c8b 7008 | 488b 0044 | 8b56 0849 | bb00 0000 
  0x00007f975fd7a1c0: f796 7f00 | 004d 03d3 | 458b 9aac | 0000 004b | 8b9c dad0 | 0100 004f | 8d9c dae0 | 0100 004d 
  0x00007f975fd7a1e0: 33ed 493b | c675 2448 | 85db 7446 | 483b c374 | 3549 8b1b | 4983 c310 | 483b c374 | 2948 85db 
  0x00007f975fd7a200: 75ef eb2e | 498b 1b49 | 83c3 1048 | 3bc3 450f | 446b f84c | 3bf3 7407 | 4885 db75 | e7eb 134d 
  0x00007f975fd7a220: 85ed 74cd | eb04 458b | 6bf8 4b8b | 5c2a 60ff | 6340 e949 | bdee ff00 | 0000 0000 | 0000 0000 
  0x00007f975fd7a240: 0000 0000 | 0000 0000 | 0000 0000 | 0000 0000 | 0000 0000 | 0000 0000 | 0000 0000 | 0000 0000 
  0x00007f975fd7a260: 0d00 1700 | 0000 0100 | 8b46 0849 | ba00 0000 | f796 7f00 | 0049 03c2 | 488b 9838 | 0200 00ff 
  0x00007f975fd7a280: 6340 0000 | 0000 0000 | 0000 0000 | 0000 0000 | 1d00 1700 | 0000 0100 | 8b46 0849 | ba00 0000 
  0x00007f975fd7a2a0: f796 7f00 | 0049 03c2 | 488b 98b8 | 0200 00ff | 6340 0000 | 0000 0000 | 0000 0000 | 0000 0000 
  0x00007f975fd7a2c0: 2300 1700 | 0000 0100 | 8b46 0849 | ba00 0000 | f796 7f00 | 0049 03c2 | 488b 98e8 | 0200 00ff 
  0x00007f975fd7a2e0: 6340 0000 | 0000 0000 | 0000 0000 | 0000 0000 | 1100 1700 | 0000 0100 | 8b46 0849 | ba00 0000 
  0x00007f975fd7a300: f796 7f00 | 0049 03c2 | 488b 9858 | 0200 00ff | 6340 0000 | 0000 0000 | 209e d75f | 977f 0000 
  0x00007f975fd7a320: 2b00 1700 | 0000 0100 | 8b46 0849 | ba00 0000 | f796 7f00 | 0049 03c2 | 488b 9828 | 0300 00ff 
  0x00007f975fd7a340: 6340 0000 | 0000 0000 | 0000 0000 | 0000 0000 | 1a00 1700 | 0000 0100 | 8b46 0849 | ba00 0000 
  0x00007f975fd7a360: f796 7f00 | 0049 03c2 | 488b 98a0 | 0200 00ff | 6340 0000 | 0000 0000 | 0000 0000 | 0000 0000 
  0x00007f975fd7a380: 0000 0000 | 0000 0000 | 0000 0000 | 0000 0000 | 0000 0000 | 0000 0000 | 0000 0000 | 0000 0000 
  0x00007f975fd7a3a0: 0000 0000 | 0000 0000 | 0000 0000 | 0000 0000 | 0000 0000 | 0000 0000 | 0000 0000 | 0000 0000 
  0x00007f975fd7a3c0: 0000 0000 | 0000 0000 | 0000 0000 | 0000 0000 | 0000 0000 | 0000 0000 | 0000 0000 | 0000 0000 
  0x00007f975fd7a3e0: 0000 0000 | 0000 0000 | 0000 0000 | 0000 0000 | 0000 0000 | 0000 0000 | 0000 0000 | 0000 0000 
  0x00007f975fd7a400: 0000 0000 | 0000 0000 
[/MachCode]
--------------------------------------------------------------------------------


---------------  P R O C E S S  ---------------

Threads class SMR info:
_java_thread_list=0x00007f96d8462420, length=177, elements={
0x00007f977002ddc0, 0x00007f97701fb370, 0x00007f97701fc8e0, 0x00007f97701fe070,
0x00007f97701ff6b0, 0x00007f9770200c50, 0x00007f9770202810, 0x00007f9770203ed0,
0x00007f977025a9e0, 0x00007f97702b76f0, 0x00007f977126e4d0, 0x00007f97712d2e80,
0x00007f9771325700, 0x00007f966c203e60, 0x00007f966c20fd70, 0x00007f966c21f890,
0x00007f966c9b62e0, 0x00007f966c9c85b0, 0x00007f966cb7f680, 0x00007f966cf70490,
0x00007f966cf85d70, 0x00007f966d362e90, 0x00007f966e091e90, 0x00007f966e15cf10,
0x00007f966e612f00, 0x00007f966e6142c0, 0x00007f966f30f630, 0x00007f966f3190b0,
0x00007f966f3cedd0, 0x00007f966dd08910, 0x00007f966ee03010, 0x00007f966ee06d20,
0x00007f966de316b0, 0x00007f966de32d10, 0x00007f966ec53230, 0x00007f966ec54ac0,
0x00007f956c0aa6d0, 0x00007f96ac03c820, 0x00007f94e8001e90, 0x00007f94e8004830,
0x00007f94e80054c0, 0x00007f953400bb30, 0x00007f9534000880, 0x00007f95340012b0,
0x00007f9534002340, 0x00007f9534006ed0, 0x00007f95340077a0, 0x00007f9534008230,
0x00007f9534037080, 0x00007f9534039520, 0x00007f953403a2e0, 0x00007f953403b1a0,
0x00007f953403c060, 0x00007f9534044f20, 0x00007f9534045df0, 0x00007f9534056a90,
0x00007f9534067d40, 0x00007f9534068df0, 0x00007f953406a0d0, 0x00007f953406b180,
0x00007f953407c450, 0x00007f953408d730, 0x00007f9534096a20, 0x00007f95340976e0,
0x00007f9534098600, 0x00007f9534099290, 0x00007f95340ba640, 0x00007f95340cb8d0,
0x00007f95340ccd70, 0x00007f95340cf920, 0x00007f94e0003750, 0x00007f94e0004100,
0x00007f94e00051d0, 0x00007f94e00062c0, 0x00007f94e00073b0, 0x00007f94e00084b0,
0x00007f94e00099a0, 0x00007f94e000aea0, 0x00007f94e000c3a0, 0x00007f9524002fa0,
0x00007f94e000d4c0, 0x00007f94e000e5f0, 0x00007f94e000f720, 0x00007f94e0010c50,
0x00007f94e0012180, 0x00007f94e00132d0, 0x00007f94e0014420, 0x00007f94e0015970,
0x00007f94e0016ec0, 0x00007f94e0018420, 0x00007f9524007a60, 0x00007f9524008b80,
0x00007f9524009d00, 0x00007f952400ae90, 0x00007f952400c020, 0x00007f952400d1c0,
0x00007f952400e390, 0x00007f952400f930, 0x00007f9524010ae0, 0x00007f9524012090,
0x00007f9524013730, 0x00007f9524014930, 0x00007f9524015b00, 0x00007f9524016f60,
0x00007f9524018530, 0x00007f9524019d60, 0x00007f952401b260, 0x00007f952401c460,
0x00007f952401da50, 0x00007f952401f050, 0x00007f9524020260, 0x00007f95340d07f0,
0x00007f95340d1910, 0x00007f95340d2c20, 0x00007f95340d4050, 0x00007f95340d5170,
0x00007f95340d63b0, 0x00007f95340d7790, 0x00007f95340d84f0, 0x00007f95340d9710,
0x00007f95340da970, 0x00007f95340db7c0, 0x00007f95340dc610, 0x00007f95340dd460,
0x00007f95340de2b0, 0x00007f95340df500, 0x00007f95340e0750, 0x00007f95340e1990,
0x00007f95340e2810, 0x00007f95340e3a20, 0x00007f95340e4c60, 0x00007f95340e5ea0,
0x00007f95340e70e0, 0x00007f95340fd8e0, 0x00007f9508000880, 0x00007f950c4889d0,
0x00007f950c652aa0, 0x00007f950c654b60, 0x00007f950c18e410, 0x00007f950c575440,
0x00007f950c03d4b0, 0x00007f950c77c680, 0x00007f950c77cd90, 0x00007f950c48c7f0,
0x00007f950c4fdf10, 0x00007f950c4fd550, 0x00007f950c48db80, 0x00007f950c48ed30,
0x00007f950c48ffb0, 0x00007f950c491160, 0x00007f950c492340, 0x00007f950c493880,
0x00007f950c494b40, 0x00007f950c5003f0, 0x00007f950c5015b0, 0x00007f950c502630,
0x00007f950c5034c0, 0x00007f950c5042d0, 0x00007f950c505120, 0x00007f950c505f80,
0x00007f950c506de0, 0x00007f950c1851f0, 0x00007f950c1863d0, 0x00007f950c187210,
0x00007f950c188420, 0x00007f950c189270, 0x00007f950c18a0c0, 0x00007f950c18b550,
0x00007f950c18c790, 0x00007f950c47e930, 0x00007f950c47f5f0, 0x00007f950c480840,
0x00007f950c481a80, 0x00007f96d895d000, 0x00007f96d88c4fa0, 0x00007f96d8b07c40,
0x00007f96d8853d20
}

Java Threads: ( => current thread )
  0x00007f977002ddc0 JavaThread "main"                              [_thread_blocked, id=280841, stack(0x00007f9776ffa000,0x00007f97770fa000) (1024K)]
  0x00007f97701fb370 JavaThread "Reference Handler"          daemon [_thread_blocked, id=280852, stack(0x00007f9745cfe000,0x00007f9745dfe000) (1024K)]
  0x00007f97701fc8e0 JavaThread "Finalizer"                  daemon [_thread_blocked, id=280853, stack(0x00007f9745900000,0x00007f9745a00000) (1024K)]
  0x00007f97701fe070 JavaThread "Signal Dispatcher"          daemon [_thread_blocked, id=280854, stack(0x00007f97457ff000,0x00007f97458ff000) (1024K)]
  0x00007f97701ff6b0 JavaThread "Service Thread"             daemon [_thread_blocked, id=280855, stack(0x00007f97456fe000,0x00007f97457fe000) (1024K)]
  0x00007f9770200c50 JavaThread "Monitor Deflation Thread"   daemon [_thread_blocked, id=280856, stack(0x00007f97455fd000,0x00007f97456fd000) (1024K)]
  0x00007f9770202810 JavaThread "C2 CompilerThread0"         daemon [_thread_in_native, id=280857, stack(0x00007f97454fc000,0x00007f97455fc000) (1024K)]
  0x00007f9770203ed0 JavaThread "C1 CompilerThread0"         daemon [_thread_blocked, id=280858, stack(0x00007f97453fb000,0x00007f97454fb000) (1024K)]
  0x00007f977025a9e0 JavaThread "Common-Cleaner"             daemon [_thread_blocked, id=280863, stack(0x00007f9744ef6000,0x00007f9744ff6000) (1024K)]
  0x00007f97702b76f0 JavaThread "Notification Thread"        daemon [_thread_blocked, id=280864, stack(0x00007f9744df5000,0x00007f9744ef5000) (1024K)]
  0x00007f977126e4d0 JavaThread "Daemon health stats"               [_thread_blocked, id=280878, stack(0x00007f9744cf4000,0x00007f9744df4000) (1024K)]
  0x00007f97712d2e80 JavaThread "Incoming local TCP Connector on port 38451"        [_thread_in_native, id=280879, stack(0x00007f9744bf3000,0x00007f9744cf3000) (1024K)]
  0x00007f9771325700 JavaThread "Daemon periodic checks"            [_thread_blocked, id=280880, stack(0x00007f96f24fa000,0x00007f96f25fa000) (1024K)]
  0x00007f966c203e60 JavaThread "Cache worker for journal cache (/home/itzrival/.gradle/caches/journal-1)"        [_thread_blocked, id=280890, stack(0x00007f96f1cf2000,0x00007f96f1df2000) (1024K)]
  0x00007f966c20fd70 JavaThread "File lock request listener"        [_thread_in_native, id=280891, stack(0x00007f96f1bf1000,0x00007f96f1cf1000) (1024K)]
  0x00007f966c21f890 JavaThread "Cache worker for file hash cache (/home/itzrival/.gradle/caches/8.7/fileHashes)"        [_thread_blocked, id=280892, stack(0x00007f96f1af0000,0x00007f96f1bf0000) (1024K)]
  0x00007f966c9b62e0 JavaThread "File watcher server"        daemon [_thread_in_native, id=280901, stack(0x00007f96f11e7000,0x00007f96f12e7000) (1024K)]
  0x00007f966c9c85b0 JavaThread "File watcher consumer"      daemon [_thread_in_Java, id=280902, stack(0x00007f96f10e6000,0x00007f96f11e6000) (1024K)]
  0x00007f966cb7f680 JavaThread "Cache worker for file content cache (/home/itzrival/.gradle/caches/8.7/fileContent)"        [_thread_blocked, id=280906, stack(0x00007f96f0ce2000,0x00007f96f0de2000) (1024K)]
  0x00007f966cf70490 JavaThread "jar transforms"                    [_thread_blocked, id=280930, stack(0x00007f9744ff7000,0x00007f97450f7000) (1024K)]
  0x00007f966cf85d70 JavaThread "jar transforms Thread 2"           [_thread_blocked, id=280933, stack(0x00007f96f0ae0000,0x00007f96f0be0000) (1024K)]
  0x00007f966d362e90 JavaThread "Memory manager"                    [_thread_blocked, id=280936, stack(0x00007f96f07dd000,0x00007f96f08dd000) (1024K)]
  0x00007f966e091e90 JavaThread "jar transforms Thread 3"           [_thread_blocked, id=281053, stack(0x00007f94ed6d8000,0x00007f94ed7d8000) (1024K)]
  0x00007f966e15cf10 JavaThread "jar transforms Thread 4"           [_thread_blocked, id=281114, stack(0x00007f97450f8000,0x00007f97451f8000) (1024K)]
  0x00007f966e612f00 JavaThread "jar transforms Thread 5"           [_thread_blocked, id=281116, stack(0x00007f94ed5d7000,0x00007f94ed6d7000) (1024K)]
  0x00007f966e6142c0 JavaThread "jar transforms Thread 6"           [_thread_blocked, id=281117, stack(0x00007f9486def000,0x00007f9486eef000) (1024K)]
  0x00007f966f30f630 JavaThread "jar transforms Thread 7"           [_thread_blocked, id=281123, stack(0x00007f94867e9000,0x00007f94868e9000) (1024K)]
  0x00007f966f3190b0 JavaThread "jar transforms Thread 8"           [_thread_blocked, id=281124, stack(0x00007f94866e8000,0x00007f94867e8000) (1024K)]
  0x00007f966f3cedd0 JavaThread "jar transforms Thread 9"           [_thread_blocked, id=281125, stack(0x00007f94865e7000,0x00007f94866e7000) (1024K)]
  0x00007f966dd08910 JavaThread "jar transforms Thread 10"          [_thread_blocked, id=281126, stack(0x00007f94864e6000,0x00007f94865e6000) (1024K)]
  0x00007f966ee03010 JavaThread "jar transforms Thread 11"          [_thread_blocked, id=281127, stack(0x00007f94863e5000,0x00007f94864e5000) (1024K)]
  0x00007f966ee06d20 JavaThread "jar transforms Thread 12"          [_thread_blocked, id=281128, stack(0x00007f94862e4000,0x00007f94863e4000) (1024K)]
  0x00007f966de316b0 JavaThread "jar transforms Thread 13"          [_thread_blocked, id=281129, stack(0x00007f94861e3000,0x00007f94862e3000) (1024K)]
  0x00007f966de32d10 JavaThread "jar transforms Thread 14"          [_thread_blocked, id=281130, stack(0x00007f94860e2000,0x00007f94861e2000) (1024K)]
  0x00007f966ec53230 JavaThread "jar transforms Thread 15"          [_thread_blocked, id=281131, stack(0x00007f9481f00000,0x00007f9482000000) (1024K)]
  0x00007f966ec54ac0 JavaThread "jar transforms Thread 16"          [_thread_blocked, id=281132, stack(0x00007f9481dff000,0x00007f9481eff000) (1024K)]
  0x00007f956c0aa6d0 JavaThread "Cache worker for Java compile cache (/home/itzrival/.gradle/caches/8.7/javaCompile)"        [_thread_blocked, id=281196, stack(0x00007f947f5d7000,0x00007f947f6d7000) (1024K)]
  0x00007f96ac03c820 JavaThread "Daemon Thread 3"                   [_thread_blocked, id=302200, stack(0x00007f96f23f9000,0x00007f96f24f9000) (1024K)]
  0x00007f94e8001e90 JavaThread "Handler for socket connection from /127.0.0.1:38451 to /127.0.0.1:34646"        [_thread_in_native, id=302201, stack(0x00007f94ee3e5000,0x00007f94ee4e5000) (1024K)]
  0x00007f94e8004830 JavaThread "Cancel handler"                    [_thread_blocked, id=302202, stack(0x00007f95f0dcf000,0x00007f95f0ecf000) (1024K)]
  0x00007f94e80054c0 JavaThread "Daemon worker Thread 3"            [_thread_blocked, id=302203, stack(0x00007f97451f9000,0x00007f97452f9000) (1024K)]
  0x00007f953400bb30 JavaThread "Asynchronous log dispatcher for DefaultDaemonConnection: socket connection from /127.0.0.1:38451 to /127.0.0.1:34646"        [_thread_blocked, id=302209, stack(0x00007f94877f9000,0x00007f94878f9000) (1024K)]
  0x00007f9534000880 JavaThread "Stdin handler"                     [_thread_blocked, id=302210, stack(0x00007f94874f6000,0x00007f94875f6000) (1024K)]
  0x00007f95340012b0 JavaThread "Daemon client event forwarder"        [_thread_blocked, id=302212, stack(0x00007f95f02c4000,0x00007f95f03c4000) (1024K)]
  0x00007f9534002340 JavaThread "Cache worker for file hash cache (/home/itzrival/projects/lightly/.gradle/8.7/fileHashes)"        [_thread_blocked, id=302215, stack(0x00007f94ee8ea000,0x00007f94ee9ea000) (1024K)]
  0x00007f9534006ed0 JavaThread "Cache worker for checksums cache (/home/itzrival/projects/lightly/.gradle/8.7/checksums)"        [_thread_blocked, id=302218, stack(0x00007f94873f5000,0x00007f94874f5000) (1024K)]
  0x00007f95340077a0 JavaThread "Cache worker for cache directory md-supplier (/home/itzrival/.gradle/caches/8.7/md-supplier)"        [_thread_blocked, id=302219, stack(0x00007f94871f3000,0x00007f94872f3000) (1024K)]
  0x00007f9534008230 JavaThread "Cache worker for cache directory md-rule (/home/itzrival/.gradle/caches/8.7/md-rule)"        [_thread_blocked, id=302220, stack(0x00007f94870f2000,0x00007f94871f2000) (1024K)]
  0x00007f9534037080 JavaThread "Cache worker for Build Output Cleanup Cache (/home/itzrival/projects/lightly/buildSrc/.gradle/buildOutputCleanup)"        [_thread_blocked, id=302223, stack(0x00007f94ed9db000,0x00007f94edadb000) (1024K)]
  0x00007f9534039520 JavaThread "Unconstrained build operations"        [_thread_blocked, id=302224, stack(0x00007f94ed2d4000,0x00007f94ed3d4000) (1024K)]
  0x00007f953403a2e0 JavaThread "Unconstrained build operations Thread 2"        [_thread_blocked, id=302225, stack(0x00007f95f22e4000,0x00007f95f23e4000) (1024K)]
  0x00007f953403b1a0 JavaThread "Unconstrained build operations Thread 3"        [_thread_blocked, id=302226, stack(0x00007f95f1ee0000,0x00007f95f1fe0000) (1024K)]
  0x00007f953403c060 JavaThread "Unconstrained build operations Thread 4"        [_thread_blocked, id=302227, stack(0x00007f94ed3d5000,0x00007f94ed4d5000) (1024K)]
  0x00007f9534044f20 JavaThread "Unconstrained build operations Thread 5"        [_thread_blocked, id=302228, stack(0x00007f95f1bdd000,0x00007f95f1cdd000) (1024K)]
  0x00007f9534045df0 JavaThread "Unconstrained build operations Thread 6"        [_thread_blocked, id=302229, stack(0x00007f94ed0d2000,0x00007f94ed1d2000) (1024K)]
  0x00007f9534056a90 JavaThread "Unconstrained build operations Thread 7"        [_thread_blocked, id=302230, stack(0x00007f94eccce000,0x00007f94ecdce000) (1024K)]
  0x00007f9534067d40 JavaThread "Unconstrained build operations Thread 8"        [_thread_blocked, id=302231, stack(0x00007f94ed4d6000,0x00007f94ed5d6000) (1024K)]
  0x00007f9534068df0 JavaThread "Unconstrained build operations Thread 9"        [_thread_blocked, id=302232, stack(0x00007f94ee9eb000,0x00007f94eeaeb000) (1024K)]
  0x00007f953406a0d0 JavaThread "Unconstrained build operations Thread 10"        [_thread_blocked, id=302233, stack(0x00007f94ec5c7000,0x00007f94ec6c7000) (1024K)]
  0x00007f953406b180 JavaThread "Unconstrained build operations Thread 11"        [_thread_blocked, id=302234, stack(0x00007f95f25e7000,0x00007f95f26e7000) (1024K)]
  0x00007f953407c450 JavaThread "Unconstrained build operations Thread 12"        [_thread_blocked, id=302235, stack(0x00007f94ef0f2000,0x00007f94ef1f2000) (1024K)]
  0x00007f953408d730 JavaThread "Unconstrained build operations Thread 13"        [_thread_blocked, id=302236, stack(0x00007f95f34f6000,0x00007f95f35f6000) (1024K)]
  0x00007f9534096a20 JavaThread "Unconstrained build operations Thread 14"        [_thread_blocked, id=302237, stack(0x00007f95f3bfd000,0x00007f95f3cfd000) (1024K)]
  0x00007f95340976e0 JavaThread "Unconstrained build operations Thread 15"        [_thread_blocked, id=302238, stack(0x00007f95f36f8000,0x00007f95f37f8000) (1024K)]
  0x00007f9534098600 JavaThread "Unconstrained build operations Thread 16"        [_thread_blocked, id=302239, stack(0x00007f95f00c2000,0x00007f95f01c2000) (1024K)]
  0x00007f9534099290 JavaThread "Unconstrained build operations Thread 17"        [_thread_blocked, id=302240, stack(0x00007f94ec0c2000,0x00007f94ec1c2000) (1024K)]
  0x00007f95340ba640 JavaThread "Unconstrained build operations Thread 18"        [_thread_blocked, id=302241, stack(0x00007f97452fa000,0x00007f97453fa000) (1024K)]
  0x00007f95340cb8d0 JavaThread "Unconstrained build operations Thread 19"        [_thread_blocked, id=302242, stack(0x00007f96f22f8000,0x00007f96f23f8000) (1024K)]
  0x00007f95340ccd70 JavaThread "build event listener"              [_thread_blocked, id=302243, stack(0x00007f96f21f7000,0x00007f96f22f7000) (1024K)]
  0x00007f95340cf920 JavaThread "included builds"                   [_thread_blocked, id=302244, stack(0x00007f96f20f6000,0x00007f96f21f6000) (1024K)]
  0x00007f94e0003750 JavaThread "Execution worker"                  [_thread_blocked, id=302245, stack(0x00007f96f1ff5000,0x00007f96f20f5000) (1024K)]
  0x00007f94e0004100 JavaThread "Execution worker Thread 2"         [_thread_blocked, id=302246, stack(0x00007f96f1ef4000,0x00007f96f1ff4000) (1024K)]
  0x00007f94e00051d0 JavaThread "Execution worker Thread 3"         [_thread_blocked, id=302247, stack(0x00007f96f1df3000,0x00007f96f1ef3000) (1024K)]
  0x00007f94e00062c0 JavaThread "Execution worker Thread 4"         [_thread_blocked, id=302248, stack(0x00007f96f19ef000,0x00007f96f1aef000) (1024K)]
=>0x00007f94e00073b0 JavaThread "Execution worker Thread 5"         [_thread_in_Java, id=302249, stack(0x00007f96f18ee000,0x00007f96f19ee000) (1024K)]
  0x00007f94e00084b0 JavaThread "Execution worker Thread 6"         [_thread_blocked, id=302250, stack(0x00007f96f0fe5000,0x00007f96f10e5000) (1024K)]
  0x00007f94e00099a0 JavaThread "Execution worker Thread 7"         [_thread_blocked, id=302251, stack(0x00007f96f0ee4000,0x00007f96f0fe4000) (1024K)]
  0x00007f94e000aea0 JavaThread "Execution worker Thread 8"         [_thread_blocked, id=302252, stack(0x00007f96f0de3000,0x00007f96f0ee3000) (1024K)]
  0x00007f94e000c3a0 JavaThread "Execution worker Thread 9"         [_thread_blocked, id=302253, stack(0x00007f96f0be1000,0x00007f96f0ce1000) (1024K)]
  0x00007f9524002fa0 JavaThread "Cache worker for execution history cache (/home/itzrival/projects/lightly/buildSrc/.gradle/8.7/executionHistory)"        [_thread_blocked, id=302254, stack(0x00007f96f09df000,0x00007f96f0adf000) (1024K)]
  0x00007f94e000d4c0 JavaThread "Execution worker Thread 10"        [_thread_blocked, id=302255, stack(0x00007f96f08de000,0x00007f96f09de000) (1024K)]
  0x00007f94e000e5f0 JavaThread "Execution worker Thread 11"        [_thread_blocked, id=302256, stack(0x00007f96f05db000,0x00007f96f06db000) (1024K)]
  0x00007f94e000f720 JavaThread "Execution worker Thread 12"        [_thread_blocked, id=302257, stack(0x00007f96f04da000,0x00007f96f05da000) (1024K)]
  0x00007f94e0010c50 JavaThread "Execution worker Thread 13"        [_thread_blocked, id=302258, stack(0x00007f96f03d9000,0x00007f96f04d9000) (1024K)]
  0x00007f94e0012180 JavaThread "Execution worker Thread 14"        [_thread_blocked, id=302259, stack(0x00007f96f02d8000,0x00007f96f03d8000) (1024K)]
  0x00007f94e00132d0 JavaThread "Execution worker Thread 15"        [_thread_blocked, id=302260, stack(0x00007f96f01d7000,0x00007f96f02d7000) (1024K)]
  0x00007f94e0014420 JavaThread "Execution worker Thread 16"        [_thread_blocked, id=302261, stack(0x00007f96f00d6000,0x00007f96f01d6000) (1024K)]
  0x00007f94e0015970 JavaThread "Execution worker Thread 17"        [_thread_blocked, id=302262, stack(0x00007f95f3f00000,0x00007f95f4000000) (1024K)]
  0x00007f94e0016ec0 JavaThread "Execution worker Thread 18"        [_thread_blocked, id=302263, stack(0x00007f95f3dff000,0x00007f95f3eff000) (1024K)]
  0x00007f94e0018420 JavaThread "Execution worker Thread 19"        [_thread_blocked, id=302264, stack(0x00007f95f3cfe000,0x00007f95f3dfe000) (1024K)]
  0x00007f9524007a60 JavaThread "Unconstrained build operations Thread 20"        [_thread_blocked, id=302265, stack(0x00007f95f3afc000,0x00007f95f3bfc000) (1024K)]
  0x00007f9524008b80 JavaThread "Unconstrained build operations Thread 21"        [_thread_blocked, id=302266, stack(0x00007f95f39fb000,0x00007f95f3afb000) (1024K)]
  0x00007f9524009d00 JavaThread "Unconstrained build operations Thread 22"        [_thread_blocked, id=302267, stack(0x00007f95f38fa000,0x00007f95f39fa000) (1024K)]
  0x00007f952400ae90 JavaThread "Unconstrained build operations Thread 23"        [_thread_blocked, id=302268, stack(0x00007f95f37f9000,0x00007f95f38f9000) (1024K)]
  0x00007f952400c020 JavaThread "Unconstrained build operations Thread 24"        [_thread_blocked, id=302269, stack(0x00007f95f33f5000,0x00007f95f34f5000) (1024K)]
  0x00007f952400d1c0 JavaThread "Unconstrained build operations Thread 25"        [_thread_blocked, id=302270, stack(0x00007f95f32f4000,0x00007f95f33f4000) (1024K)]
  0x00007f952400e390 JavaThread "Unconstrained build operations Thread 26"        [_thread_blocked, id=302271, stack(0x00007f95f31f3000,0x00007f95f32f3000) (1024K)]
  0x00007f952400f930 JavaThread "Unconstrained build operations Thread 27"        [_thread_blocked, id=302272, stack(0x00007f95f30f2000,0x00007f95f31f2000) (1024K)]
  0x00007f9524010ae0 JavaThread "Unconstrained build operations Thread 28"        [_thread_blocked, id=302273, stack(0x00007f95f2ff1000,0x00007f95f30f1000) (1024K)]
  0x00007f9524012090 JavaThread "Unconstrained build operations Thread 29"        [_thread_blocked, id=302274, stack(0x00007f95f2ef0000,0x00007f95f2ff0000) (1024K)]
  0x00007f9524013730 JavaThread "Unconstrained build operations Thread 30"        [_thread_blocked, id=302275, stack(0x00007f95f2def000,0x00007f95f2eef000) (1024K)]
  0x00007f9524014930 JavaThread "Unconstrained build operations Thread 31"        [_thread_blocked, id=302276, stack(0x00007f95f2cee000,0x00007f95f2dee000) (1024K)]
  0x00007f9524015b00 JavaThread "Unconstrained build operations Thread 32"        [_thread_blocked, id=302277, stack(0x00007f95f2bed000,0x00007f95f2ced000) (1024K)]
  0x00007f9524016f60 JavaThread "Unconstrained build operations Thread 33"        [_thread_blocked, id=302278, stack(0x00007f95f2aec000,0x00007f95f2bec000) (1024K)]
  0x00007f9524018530 JavaThread "Unconstrained build operations Thread 34"        [_thread_blocked, id=302279, stack(0x00007f95f29eb000,0x00007f95f2aeb000) (1024K)]
  0x00007f9524019d60 JavaThread "Unconstrained build operations Thread 35"        [_thread_blocked, id=302280, stack(0x00007f95f27e9000,0x00007f95f28e9000) (1024K)]
  0x00007f952401b260 JavaThread "Unconstrained build operations Thread 36"        [_thread_blocked, id=302281, stack(0x00007f95f26e8000,0x00007f95f27e8000) (1024K)]
  0x00007f952401c460 JavaThread "Unconstrained build operations Thread 37"        [_thread_blocked, id=302282, stack(0x00007f95f24e6000,0x00007f95f25e6000) (1024K)]
  0x00007f952401da50 JavaThread "Unconstrained build operations Thread 38"        [_thread_blocked, id=302283, stack(0x00007f95f21e3000,0x00007f95f22e3000) (1024K)]
  0x00007f952401f050 JavaThread "Unconstrained build operations Thread 39"        [_thread_blocked, id=302284, stack(0x00007f95f20e2000,0x00007f95f21e2000) (1024K)]
  0x00007f9524020260 JavaThread "Unconstrained build operations Thread 40"        [_thread_blocked, id=302285, stack(0x00007f95f1fe1000,0x00007f95f20e1000) (1024K)]
  0x00007f95340d07f0 JavaThread "Unconstrained build operations Thread 41"        [_thread_blocked, id=302286, stack(0x00007f95f1ddf000,0x00007f95f1edf000) (1024K)]
  0x00007f95340d1910 JavaThread "Unconstrained build operations Thread 42"        [_thread_blocked, id=302287, stack(0x00007f95f1cde000,0x00007f95f1dde000) (1024K)]
  0x00007f95340d2c20 JavaThread "Cache worker for Build Output Cleanup Cache (/home/itzrival/projects/lightly/.gradle/buildOutputCleanup)"        [_thread_blocked, id=302288, stack(0x00007f95f1adc000,0x00007f95f1bdc000) (1024K)]
  0x00007f95340d4050 JavaThread "Unconstrained build operations Thread 43"        [_thread_blocked, id=302289, stack(0x00007f95f19db000,0x00007f95f1adb000) (1024K)]
  0x00007f95340d5170 JavaThread "Unconstrained build operations Thread 44"        [_thread_blocked, id=302290, stack(0x00007f95f18da000,0x00007f95f19da000) (1024K)]
  0x00007f95340d63b0 JavaThread "Unconstrained build operations Thread 45"        [_thread_blocked, id=302291, stack(0x00007f95f17d9000,0x00007f95f18d9000) (1024K)]
  0x00007f95340d7790 JavaThread "Unconstrained build operations Thread 46"        [_thread_blocked, id=302292, stack(0x00007f95f16d8000,0x00007f95f17d8000) (1024K)]
  0x00007f95340d84f0 JavaThread "Unconstrained build operations Thread 47"        [_thread_blocked, id=302293, stack(0x00007f95f15d7000,0x00007f95f16d7000) (1024K)]
  0x00007f95340d9710 JavaThread "Unconstrained build operations Thread 48"        [_thread_blocked, id=302294, stack(0x00007f95f13d5000,0x00007f95f14d5000) (1024K)]
  0x00007f95340da970 JavaThread "Unconstrained build operations Thread 49"        [_thread_blocked, id=302295, stack(0x00007f95f12d4000,0x00007f95f13d4000) (1024K)]
  0x00007f95340db7c0 JavaThread "Unconstrained build operations Thread 50"        [_thread_blocked, id=302296, stack(0x00007f95f11d3000,0x00007f95f12d3000) (1024K)]
  0x00007f95340dc610 JavaThread "Unconstrained build operations Thread 51"        [_thread_blocked, id=302297, stack(0x00007f95f10d2000,0x00007f95f11d2000) (1024K)]
  0x00007f95340dd460 JavaThread "Unconstrained build operations Thread 52"        [_thread_blocked, id=302298, stack(0x00007f95f0fd1000,0x00007f95f10d1000) (1024K)]
  0x00007f95340de2b0 JavaThread "Unconstrained build operations Thread 53"        [_thread_blocked, id=302299, stack(0x00007f95f0ed0000,0x00007f95f0fd0000) (1024K)]
  0x00007f95340df500 JavaThread "Unconstrained build operations Thread 54"        [_thread_blocked, id=302300, stack(0x00007f95f0cce000,0x00007f95f0dce000) (1024K)]
  0x00007f95340e0750 JavaThread "Unconstrained build operations Thread 55"        [_thread_blocked, id=302301, stack(0x00007f95f09cb000,0x00007f95f0acb000) (1024K)]
  0x00007f95340e1990 JavaThread "Unconstrained build operations Thread 56"        [_thread_blocked, id=302302, stack(0x00007f95f08ca000,0x00007f95f09ca000) (1024K)]
  0x00007f95340e2810 JavaThread "Unconstrained build operations Thread 57"        [_thread_blocked, id=302303, stack(0x00007f95f04c6000,0x00007f95f05c6000) (1024K)]
  0x00007f95340e3a20 JavaThread "Unconstrained build operations Thread 58"        [_thread_blocked, id=302304, stack(0x00007f95f03c5000,0x00007f95f04c5000) (1024K)]
  0x00007f95340e4c60 JavaThread "Unconstrained build operations Thread 59"        [_thread_blocked, id=302305, stack(0x00007f95f01c3000,0x00007f95f02c3000) (1024K)]
  0x00007f95340e5ea0 JavaThread "Unconstrained build operations Thread 60"        [_thread_blocked, id=302306, stack(0x00007f94eff00000,0x00007f94f0000000) (1024K)]
  0x00007f95340e70e0 JavaThread "Unconstrained build operations Thread 61"        [_thread_blocked, id=302307, stack(0x00007f94efcfe000,0x00007f94efdfe000) (1024K)]
  0x00007f95340fd8e0 JavaThread "build event listener"              [_thread_blocked, id=302308, stack(0x00007f94efbfd000,0x00007f94efcfd000) (1024K)]
  0x00007f9508000880 JavaThread "Cache worker for execution history cache (/home/itzrival/projects/lightly/.gradle/8.7/executionHistory)"        [_thread_blocked, id=302309, stack(0x00007f94efafc000,0x00007f94efbfc000) (1024K)]
  0x00007f950c4889d0 JavaThread "Unconstrained build operations Thread 62"        [_thread_blocked, id=302310, stack(0x00007f94ef9fb000,0x00007f94efafb000) (1024K)]
  0x00007f950c652aa0 JavaThread "Unconstrained build operations Thread 63"        [_thread_blocked, id=302311, stack(0x00007f94ef8fa000,0x00007f94ef9fa000) (1024K)]
  0x00007f950c654b60 JavaThread "Unconstrained build operations Thread 64"        [_thread_blocked, id=302312, stack(0x00007f94ef6f8000,0x00007f94ef7f8000) (1024K)]
  0x00007f950c18e410 JavaThread "Unconstrained build operations Thread 65"        [_thread_blocked, id=302313, stack(0x00007f94ef5f7000,0x00007f94ef6f7000) (1024K)]
  0x00007f950c575440 JavaThread "Unconstrained build operations Thread 66"        [_thread_blocked, id=302314, stack(0x00007f94ef4f6000,0x00007f94ef5f6000) (1024K)]
  0x00007f950c03d4b0 JavaThread "Unconstrained build operations Thread 67"        [_thread_blocked, id=302315, stack(0x00007f94ef3f5000,0x00007f94ef4f5000) (1024K)]
  0x00007f950c77c680 JavaThread "Unconstrained build operations Thread 68"        [_thread_blocked, id=302316, stack(0x00007f94ef2f4000,0x00007f94ef3f4000) (1024K)]
  0x00007f950c77cd90 JavaThread "Unconstrained build operations Thread 69"        [_thread_blocked, id=302317, stack(0x00007f94ef1f3000,0x00007f94ef2f3000) (1024K)]
  0x00007f950c48c7f0 JavaThread "Unconstrained build operations Thread 70"        [_thread_blocked, id=302318, stack(0x00007f94eeff1000,0x00007f94ef0f1000) (1024K)]
  0x00007f950c4fdf10 JavaThread "Unconstrained build operations Thread 71"        [_thread_blocked, id=302319, stack(0x00007f94eeef0000,0x00007f94eeff0000) (1024K)]
  0x00007f950c4fd550 JavaThread "Unconstrained build operations Thread 72"        [_thread_blocked, id=302320, stack(0x00007f94eedef000,0x00007f94eeeef000) (1024K)]
  0x00007f950c48db80 JavaThread "Unconstrained build operations Thread 73"        [_thread_blocked, id=302321, stack(0x00007f94eecee000,0x00007f94eedee000) (1024K)]
  0x00007f950c48ed30 JavaThread "Unconstrained build operations Thread 74"        [_thread_blocked, id=302322, stack(0x00007f94eebed000,0x00007f94eeced000) (1024K)]
  0x00007f950c48ffb0 JavaThread "Unconstrained build operations Thread 75"        [_thread_blocked, id=302323, stack(0x00007f94eeaec000,0x00007f94eebec000) (1024K)]
  0x00007f950c491160 JavaThread "Unconstrained build operations Thread 76"        [_thread_blocked, id=302324, stack(0x00007f94ee7e9000,0x00007f94ee8e9000) (1024K)]
  0x00007f950c492340 JavaThread "Unconstrained build operations Thread 77"        [_thread_blocked, id=302325, stack(0x00007f94ee6e8000,0x00007f94ee7e8000) (1024K)]
  0x00007f950c493880 JavaThread "Unconstrained build operations Thread 78"        [_thread_blocked, id=302326, stack(0x00007f94ee5e7000,0x00007f94ee6e7000) (1024K)]
  0x00007f950c494b40 JavaThread "Unconstrained build operations Thread 79"        [_thread_blocked, id=302327, stack(0x00007f94ee4e6000,0x00007f94ee5e6000) (1024K)]
  0x00007f950c5003f0 JavaThread "Unconstrained build operations Thread 80"        [_thread_blocked, id=302328, stack(0x00007f94ee2e4000,0x00007f94ee3e4000) (1024K)]
  0x00007f950c5015b0 JavaThread "Unconstrained build operations Thread 81"        [_thread_blocked, id=302329, stack(0x00007f94ee1e3000,0x00007f94ee2e3000) (1024K)]
  0x00007f950c502630 JavaThread "Unconstrained build operations Thread 82"        [_thread_blocked, id=302330, stack(0x00007f94ee0e2000,0x00007f94ee1e2000) (1024K)]
  0x00007f950c5034c0 JavaThread "Unconstrained build operations Thread 83"        [_thread_blocked, id=302331, stack(0x00007f94edfe1000,0x00007f94ee0e1000) (1024K)]
  0x00007f950c5042d0 JavaThread "Unconstrained build operations Thread 84"        [_thread_blocked, id=302332, stack(0x00007f94edee0000,0x00007f94edfe0000) (1024K)]
  0x00007f950c505120 JavaThread "Unconstrained build operations Thread 85"        [_thread_blocked, id=302333, stack(0x00007f94edddf000,0x00007f94ededf000) (1024K)]
  0x00007f950c505f80 JavaThread "Unconstrained build operations Thread 86"        [_thread_blocked, id=302334, stack(0x00007f94edcde000,0x00007f94eddde000) (1024K)]
  0x00007f950c506de0 JavaThread "Unconstrained build operations Thread 87"        [_thread_blocked, id=302335, stack(0x00007f94edbdd000,0x00007f94edcdd000) (1024K)]
  0x00007f950c1851f0 JavaThread "Unconstrained build operations Thread 88"        [_thread_blocked, id=302336, stack(0x00007f94edadc000,0x00007f94edbdc000) (1024K)]
  0x00007f950c1863d0 JavaThread "Unconstrained build operations Thread 89"        [_thread_blocked, id=302337, stack(0x00007f94ed7d9000,0x00007f94ed8d9000) (1024K)]
  0x00007f950c187210 JavaThread "Unconstrained build operations Thread 90"        [_thread_blocked, id=302338, stack(0x00007f94ed1d3000,0x00007f94ed2d3000) (1024K)]
  0x00007f950c188420 JavaThread "Unconstrained build operations Thread 91"        [_thread_blocked, id=302339, stack(0x00007f94ecfd1000,0x00007f94ed0d1000) (1024K)]
  0x00007f950c189270 JavaThread "Unconstrained build operations Thread 92"        [_thread_blocked, id=302340, stack(0x00007f94eced0000,0x00007f94ecfd0000) (1024K)]
  0x00007f950c18a0c0 JavaThread "Unconstrained build operations Thread 93"        [_thread_blocked, id=302341, stack(0x00007f94ecdcf000,0x00007f94ececf000) (1024K)]
  0x00007f950c18b550 JavaThread "Unconstrained build operations Thread 94"        [_thread_blocked, id=302342, stack(0x00007f94ecbcd000,0x00007f94ecccd000) (1024K)]
  0x00007f950c18c790 JavaThread "Unconstrained build operations Thread 95"        [_thread_blocked, id=302343, stack(0x00007f94ecacc000,0x00007f94ecbcc000) (1024K)]
  0x00007f950c47e930 JavaThread "Unconstrained build operations Thread 96"        [_thread_blocked, id=302344, stack(0x00007f94ec9cb000,0x00007f94ecacb000) (1024K)]
  0x00007f950c47f5f0 JavaThread "Unconstrained build operations Thread 97"        [_thread_blocked, id=302345, stack(0x00007f94ec8ca000,0x00007f94ec9ca000) (1024K)]
  0x00007f950c480840 JavaThread "Unconstrained build operations Thread 98"        [_thread_blocked, id=302346, stack(0x00007f94ec7c9000,0x00007f94ec8c9000) (1024K)]
  0x00007f950c481a80 JavaThread "Unconstrained build operations Thread 99"        [_thread_blocked, id=302347, stack(0x00007f94ec6c8000,0x00007f94ec7c8000) (1024K)]
  0x00007f96d895d000 JavaThread "C1 CompilerThread1"         daemon [_thread_blocked, id=302406, stack(0x00007f947fee0000,0x00007f947ffe0000) (1024K)]
  0x00007f96d88c4fa0 JavaThread "C1 CompilerThread2"         daemon [_thread_blocked, id=302407, stack(0x00007f94875f7000,0x00007f94876f7000) (1024K)]
  0x00007f96d8b07c40 JavaThread "C1 CompilerThread3"         daemon [_thread_blocked, id=302408, stack(0x00007f94ed8da000,0x00007f94ed9da000) (1024K)]
  0x00007f96d8853d20 JavaThread "C2 CompilerThread1"         daemon [_thread_in_native, id=302409, stack(0x00007f94ef7f9000,0x00007f94ef8f9000) (1024K)]
Total: 177

Other Threads:
  0x00007f97701f1f80 VMThread "VM Thread"                           [id=280849, stack(0x00007f9745dff000,0x00007f9745eff000) (1024K)]
  0x00007f97701dfc70 WatcherThread "VM Periodic Task Thread"        [id=280848, stack(0x00007f9745f00000,0x00007f9746000000) (1024K)]
  0x00007f9770099090 WorkerThread "GC Thread#0"                     [id=280842, stack(0x00007f9774d00000,0x00007f9774e00000) (1024K)]
  0x00007f96ec009220 WorkerThread "GC Thread#1"                     [id=280867, stack(0x00007f9744abc000,0x00007f9744bbc000) (1024K)]
  0x00007f96ec009d30 WorkerThread "GC Thread#2"                     [id=280868, stack(0x00007f9744700000,0x00007f9744800000) (1024K)]
  0x00007f96ec00a840 WorkerThread "GC Thread#3"                     [id=280869, stack(0x00007f9744300000,0x00007f9744400000) (1024K)]
  0x00007f96ec00b350 WorkerThread "GC Thread#4"                     [id=280870, stack(0x00007f97441ff000,0x00007f97442ff000) (1024K)]
  0x00007f96ec00be60 WorkerThread "GC Thread#5"                     [id=280871, stack(0x00007f97440fe000,0x00007f97441fe000) (1024K)]
  0x00007f96ec00c970 WorkerThread "GC Thread#6"                     [id=280872, stack(0x00007f96f2b00000,0x00007f96f2c00000) (1024K)]
  0x00007f96ec00d480 WorkerThread "GC Thread#7"                     [id=280873, stack(0x00007f96f29ff000,0x00007f96f2aff000) (1024K)]
  0x00007f96ec00df90 WorkerThread "GC Thread#8"                     [id=280874, stack(0x00007f96f28fe000,0x00007f96f29fe000) (1024K)]
  0x00007f96ec00eae0 WorkerThread "GC Thread#9"                     [id=280875, stack(0x00007f96f27fd000,0x00007f96f28fd000) (1024K)]
  0x00007f96ec00f630 WorkerThread "GC Thread#10"                    [id=280876, stack(0x00007f96f26fc000,0x00007f96f27fc000) (1024K)]
  0x00007f96ec010180 WorkerThread "GC Thread#11"                    [id=280877, stack(0x00007f96f25fb000,0x00007f96f26fb000) (1024K)]
  0x00007f96ec018fd0 WorkerThread "GC Thread#12"                    [id=280895, stack(0x00007f96f17ed000,0x00007f96f18ed000) (1024K)]
  0x00007f96ec011ae0 WorkerThread "GC Thread#13"                    [id=280896, stack(0x00007f96f16ec000,0x00007f96f17ec000) (1024K)]
  0x00007f96ec012580 WorkerThread "GC Thread#14"                    [id=280897, stack(0x00007f96f15eb000,0x00007f96f16eb000) (1024K)]
  0x00007f97700aa610 ConcurrentGCThread "G1 Main Marker"            [id=280843, stack(0x00007f9774bff000,0x00007f9774cff000) (1024K)]
  0x00007f97700ab510 WorkerThread "G1 Conc#0"                       [id=280844, stack(0x00007f9774afe000,0x00007f9774bfe000) (1024K)]
  0x00007f9748000d00 WorkerThread "G1 Conc#1"                       [id=280898, stack(0x00007f96f14ea000,0x00007f96f15ea000) (1024K)]
  0x00007f9748001850 WorkerThread "G1 Conc#2"                       [id=280899, stack(0x00007f96f13e9000,0x00007f96f14e9000) (1024K)]
  0x00007f97480023a0 WorkerThread "G1 Conc#3"                       [id=280900, stack(0x00007f96f12e8000,0x00007f96f13e8000) (1024K)]
  0x00007f97701cd4c0 ConcurrentGCThread "G1 Refine#0"               [id=280845, stack(0x00007f97541fb000,0x00007f97542fb000) (1024K)]
  0x00007f9740001cc0 ConcurrentGCThread "G1 Refine#1"               [id=299138, stack(0x00007f95f23e5000,0x00007f95f24e5000) (1024K)]
  0x00007f9740002400 ConcurrentGCThread "G1 Refine#2"               [id=299139, stack(0x00007f94efdff000,0x00007f94efeff000) (1024K)]
  0x00007f9740002bc0 ConcurrentGCThread "G1 Refine#3"               [id=299140, stack(0x00007f95f28ea000,0x00007f95f29ea000) (1024K)]
  0x00007f97400033d0 ConcurrentGCThread "G1 Refine#4"               [id=299141, stack(0x00007f95f05c7000,0x00007f95f06c7000) (1024K)]
  0x00007f9740003be0 ConcurrentGCThread "G1 Refine#5"               [id=299142, stack(0x00007f95f0bcd000,0x00007f95f0ccd000) (1024K)]
  0x00007f9740004420 ConcurrentGCThread "G1 Refine#6"               [id=299143, stack(0x00007f95f0acc000,0x00007f95f0bcc000) (1024K)]
  0x00007f9740004c60 ConcurrentGCThread "G1 Refine#7"               [id=299144, stack(0x00007f95f07c9000,0x00007f95f08c9000) (1024K)]
  0x00007f97400054a0 ConcurrentGCThread "G1 Refine#8"               [id=299145, stack(0x00007f95f06c8000,0x00007f95f07c8000) (1024K)]
  0x00007f9740005ce0 ConcurrentGCThread "G1 Refine#9"               [id=299146, stack(0x00007f9487f00000,0x00007f9488000000) (1024K)]
  0x00007f9740006790 ConcurrentGCThread "G1 Refine#10"              [id=299147, stack(0x00007f9487dff000,0x00007f9487eff000) (1024K)]
  0x00007f9740007240 ConcurrentGCThread "G1 Refine#11"              [id=299148, stack(0x00007f9487cfe000,0x00007f9487dfe000) (1024K)]
  0x00007f9740007cf0 ConcurrentGCThread "G1 Refine#12"              [id=299149, stack(0x00007f9487bfd000,0x00007f9487cfd000) (1024K)]
  0x00007f97400087a0 ConcurrentGCThread "G1 Refine#13"              [id=299150, stack(0x00007f9487afc000,0x00007f9487bfc000) (1024K)]
  0x00007f9740009250 ConcurrentGCThread "G1 Refine#14"              [id=299151, stack(0x00007f94879fb000,0x00007f9487afb000) (1024K)]
  0x00007f97701ce3b0 ConcurrentGCThread "G1 Service"                [id=280846, stack(0x00007f97540fa000,0x00007f97541fa000) (1024K)]
Total: 38

Threads with active compile tasks:
C2 CompilerThread0  666788 68163       4       org.gradle.internal.snapshot.AbstractIncompleteFileSystemNode::invalidate (65 bytes)
C1 CompilerThread2  666788 68165   !   3       org.gradle.internal.vfs.impl.AbstractVirtualFileSystem::underLock (34 bytes)
C2 CompilerThread1  666788 68157       4       org.gradle.internal.event.ListenerBroadcast::getSource (35 bytes)
Total: 3

VM state: not at safepoint (normal execution)

VM Mutex/Monitor currently owned by a thread: None

Heap address: 0x0000000700000000, size: 4096 MB, Compressed Oops mode: Zero based, Oop shift amount: 3

CDS archive(s) mapped at: [0x00007f96f7000000-0x00007f96f7c9b000-0x00007f96f7c9b000), size 13217792, SharedBaseAddress: 0x00007f96f7000000, ArchiveRelocationMode: 1.
Compressed class space mapped at: 0x00007f96f8000000-0x00007f9738000000, reserved size: 1073741824
Narrow klass base: 0x00007f96f7000000, Narrow klass shift: 0, Narrow klass range: 0x100000000

GC Precious Log:
 CardTable entry size: 512
 Card Set container configuration: InlinePtr #cards 4 size 8 Array Of Cards #cards 16 size 48 Howl #buckets 8 coarsen threshold 3686 Howl Bitmap #cards 512 size 80 coarsen threshold 460 Card regions per heap region 1 cards per card region 4096
 CPUs: 20 total, 20 available
 Memory: 31863M
 Large Page Support: Disabled
 NUMA Support: Disabled
 Compressed Oops: Enabled (Zero based)
 Heap Region Size: 2M
 Heap Min Capacity: 8M
 Heap Initial Capacity: 498M
 Heap Max Capacity: 4G
 Pre-touch: Disabled
 Parallel Workers: 15
 Concurrent Workers: 4
 Concurrent Refinement Workers: 15
 Periodic GC: Disabled

Heap:
 garbage-first heap   total 3450880K, used 1924067K [0x0000000700000000, 0x0000000800000000)
  region size 2048K, 382 young (782336K), 39 survivors (79872K)
 Metaspace       used 126277K, committed 130752K, reserved 1179648K
  class space    used 16368K, committed 18368K, reserved 1048576K

Heap Regions: E=young(eden), S=young(survivor), O=old, HS=humongous(starts), HC=humongous(continues), CS=collection set, F=free, TAMS=top-at-mark-start, PB=parsable bottom
|   0|0x0000000700000000, 0x0000000700200000, 0x0000000700200000|100%|HS|  |TAMS 0x0000000700000000| PB 0x0000000700000000| Complete 
|   1|0x0000000700200000, 0x0000000700400000, 0x0000000700400000|100%|HC|  |TAMS 0x0000000700200000| PB 0x0000000700200000| Complete 
|   2|0x0000000700400000, 0x00000007005fff58, 0x0000000700600000| 99%| O|  |TAMS 0x0000000700400000| PB 0x0000000700400000| Untracked 
|   3|0x0000000700600000, 0x0000000700800000, 0x0000000700800000|100%| O|  |TAMS 0x0000000700600000| PB 0x0000000700600000| Untracked 
|   4|0x0000000700800000, 0x00000007009fffa8, 0x0000000700a00000| 99%| O|  |TAMS 0x0000000700800000| PB 0x0000000700800000| Untracked 
|   5|0x0000000700a00000, 0x0000000700bffff8, 0x0000000700c00000| 99%| O|  |TAMS 0x0000000700a00000| PB 0x0000000700a00000| Untracked 
|   6|0x0000000700c00000, 0x0000000700dff3d0, 0x0000000700e00000| 99%| O|  |TAMS 0x0000000700c00000| PB 0x0000000700c00000| Untracked 
|   7|0x0000000700e00000, 0x0000000700ffffe8, 0x0000000701000000| 99%| O|  |TAMS 0x0000000700e00000| PB 0x0000000700e00000| Untracked 
|   8|0x0000000701000000, 0x00000007011f8b98, 0x0000000701200000| 98%| O|  |TAMS 0x0000000701000000| PB 0x0000000701000000| Untracked 
|   9|0x0000000701200000, 0x00000007013fffe8, 0x0000000701400000| 99%| O|  |TAMS 0x0000000701200000| PB 0x0000000701200000| Untracked 
|  10|0x0000000701400000, 0x00000007015fffe0, 0x0000000701600000| 99%| O|  |TAMS 0x0000000701400000| PB 0x0000000701400000| Untracked 
|  11|0x0000000701600000, 0x0000000701800000, 0x0000000701800000|100%| O|  |TAMS 0x0000000701600000| PB 0x0000000701600000| Untracked 
|  12|0x0000000701800000, 0x0000000701a00000, 0x0000000701a00000|100%| O|  |TAMS 0x0000000701800000| PB 0x0000000701800000| Untracked 
|  13|0x0000000701a00000, 0x0000000701bffff8, 0x0000000701c00000| 99%| O|  |TAMS 0x0000000701a00000| PB 0x0000000701a00000| Untracked 
|  14|0x0000000701c00000, 0x0000000701dfffc8, 0x0000000701e00000| 99%| O|  |TAMS 0x0000000701c00000| PB 0x0000000701c00000| Untracked 
|  15|0x0000000701e00000, 0x0000000701fff1f8, 0x0000000702000000| 99%| O|  |TAMS 0x0000000701e00000| PB 0x0000000701e00000| Untracked 
|  16|0x0000000702000000, 0x00000007021bf9b8, 0x0000000702200000| 87%| O|  |TAMS 0x0000000702000000| PB 0x0000000702000000| Untracked 
|  17|0x0000000702200000, 0x0000000702400000, 0x0000000702400000|100%|HS|  |TAMS 0x0000000702200000| PB 0x0000000702200000| Complete 
|  18|0x0000000702400000, 0x00000007025a5a88, 0x0000000702600000| 82%| O|  |TAMS 0x0000000702400000| PB 0x0000000702400000| Untracked 
|  19|0x0000000702600000, 0x0000000702800000, 0x0000000702800000|100%|HS|  |TAMS 0x0000000702600000| PB 0x0000000702600000| Complete 
|  20|0x0000000702800000, 0x0000000702a00000, 0x0000000702a00000|100%|HS|  |TAMS 0x0000000702800000| PB 0x0000000702800000| Complete 
|  21|0x0000000702a00000, 0x0000000702c00000, 0x0000000702c00000|100%|HC|  |TAMS 0x0000000702a00000| PB 0x0000000702a00000| Complete 
|  22|0x0000000702c00000, 0x0000000702e00000, 0x0000000702e00000|100%|HS|  |TAMS 0x0000000702c00000| PB 0x0000000702c00000| Complete 
|  23|0x0000000702e00000, 0x0000000703000000, 0x0000000703000000|100%|HC|  |TAMS 0x0000000702e00000| PB 0x0000000702e00000| Complete 
|  24|0x0000000703000000, 0x0000000703200000, 0x0000000703200000|100%|HS|  |TAMS 0x0000000703000000| PB 0x0000000703000000| Complete 
|  25|0x0000000703200000, 0x00000007033ffd68, 0x0000000703400000| 99%| O|  |TAMS 0x0000000703200000| PB 0x0000000703200000| Untracked 
|  26|0x0000000703400000, 0x00000007035c8de8, 0x0000000703600000| 89%| O|  |TAMS 0x0000000703400000| PB 0x0000000703400000| Untracked 
|  27|0x0000000703600000, 0x00000007037ffff8, 0x0000000703800000| 99%| O|  |TAMS 0x0000000703600000| PB 0x0000000703600000| Untracked 
|  28|0x0000000703800000, 0x0000000703a00000, 0x0000000703a00000|100%| O|  |TAMS 0x0000000703800000| PB 0x0000000703800000| Untracked 
|  29|0x0000000703a00000, 0x0000000703c00000, 0x0000000703c00000|100%|HS|  |TAMS 0x0000000703a00000| PB 0x0000000703a00000| Complete 
|  30|0x0000000703c00000, 0x0000000703e00000, 0x0000000703e00000|100%|HC|  |TAMS 0x0000000703c00000| PB 0x0000000703c00000| Complete 
|  31|0x0000000703e00000, 0x0000000703fff710, 0x0000000704000000| 99%| O|  |TAMS 0x0000000703e00000| PB 0x0000000703e00000| Untracked 
|  32|0x0000000704000000, 0x00000007041fffd8, 0x0000000704200000| 99%| O|  |TAMS 0x0000000704000000| PB 0x0000000704000000| Untracked 
|  33|0x0000000704200000, 0x00000007043fda80, 0x0000000704400000| 99%| O|  |TAMS 0x0000000704200000| PB 0x0000000704200000| Untracked 
|  34|0x0000000704400000, 0x00000007045f0528, 0x0000000704600000| 96%| O|  |TAMS 0x0000000704400000| PB 0x0000000704400000| Untracked 
|  35|0x0000000704600000, 0x00000007047fffb0, 0x0000000704800000| 99%| O|  |TAMS 0x0000000704600000| PB 0x0000000704600000| Untracked 
|  36|0x0000000704800000, 0x00000007049fec68, 0x0000000704a00000| 99%| O|  |TAMS 0x0000000704800000| PB 0x0000000704800000| Untracked 
|  37|0x0000000704a00000, 0x0000000704bffff0, 0x0000000704c00000| 99%| O|  |TAMS 0x0000000704a00000| PB 0x0000000704a00000| Untracked 
|  38|0x0000000704c00000, 0x0000000704dffff0, 0x0000000704e00000| 99%| O|  |TAMS 0x0000000704c00000| PB 0x0000000704c00000| Untracked 
|  39|0x0000000704e00000, 0x0000000704fde060, 0x0000000705000000| 93%| O|  |TAMS 0x0000000704e00000| PB 0x0000000704e00000| Untracked 
|  40|0x0000000705000000, 0x00000007051ffff8, 0x0000000705200000| 99%| O|  |TAMS 0x0000000705000000| PB 0x0000000705000000| Untracked 
|  41|0x0000000705200000, 0x00000007053fffe0, 0x0000000705400000| 99%| O|  |TAMS 0x0000000705200000| PB 0x0000000705200000| Untracked 
|  42|0x0000000705400000, 0x0000000705600000, 0x0000000705600000|100%| O|  |TAMS 0x0000000705400000| PB 0x0000000705400000| Untracked 
|  43|0x0000000705600000, 0x0000000705800000, 0x0000000705800000|100%| O|  |TAMS 0x0000000705600000| PB 0x0000000705600000| Untracked 
|  44|0x0000000705800000, 0x0000000705a00000, 0x0000000705a00000|100%| O|  |TAMS 0x0000000705800000| PB 0x0000000705800000| Untracked 
|  45|0x0000000705a00000, 0x0000000705bffff8, 0x0000000705c00000| 99%| O|  |TAMS 0x0000000705a00000| PB 0x0000000705a00000| Untracked 
|  46|0x0000000705c00000, 0x0000000705e00000, 0x0000000705e00000|100%| O|  |TAMS 0x0000000705c00000| PB 0x0000000705c00000| Untracked 
|  47|0x0000000705e00000, 0x0000000706000000, 0x0000000706000000|100%|HS|  |TAMS 0x0000000705e00000| PB 0x0000000705e00000| Complete 
|  48|0x0000000706000000, 0x00000007061ffff0, 0x0000000706200000| 99%| O|  |TAMS 0x0000000706000000| PB 0x0000000706000000| Untracked 
|  49|0x0000000706200000, 0x0000000706400000, 0x0000000706400000|100%| O|  |TAMS 0x0000000706200000| PB 0x0000000706200000| Untracked 
|  50|0x0000000706400000, 0x00000007065ffff0, 0x0000000706600000| 99%| O|  |TAMS 0x0000000706400000| PB 0x0000000706400000| Untracked 
|  51|0x0000000706600000, 0x00000007067ffff8, 0x0000000706800000| 99%| O|  |TAMS 0x0000000706600000| PB 0x0000000706600000| Untracked 
|  52|0x0000000706800000, 0x00000007069ffff0, 0x0000000706a00000| 99%| O|  |TAMS 0x0000000706800000| PB 0x0000000706800000| Untracked 
|  53|0x0000000706a00000, 0x0000000706bfff78, 0x0000000706c00000| 99%| O|  |TAMS 0x0000000706a00000| PB 0x0000000706a00000| Untracked 
|  54|0x0000000706c00000, 0x0000000706dfffb0, 0x0000000706e00000| 99%| O|  |TAMS 0x0000000706c00000| PB 0x0000000706c00000| Untracked 
|  55|0x0000000706e00000, 0x0000000707000000, 0x0000000707000000|100%|HS|  |TAMS 0x0000000706e00000| PB 0x0000000706e00000| Complete 
|  56|0x0000000707000000, 0x0000000707200000, 0x0000000707200000|100%|HC|  |TAMS 0x0000000707000000| PB 0x0000000707000000| Complete 
|  57|0x0000000707200000, 0x00000007073fffe0, 0x0000000707400000| 99%| O|  |TAMS 0x0000000707200000| PB 0x0000000707200000| Untracked 
|  58|0x0000000707400000, 0x0000000707600000, 0x0000000707600000|100%| O|  |TAMS 0x0000000707400000| PB 0x0000000707400000| Untracked 
|  59|0x0000000707600000, 0x0000000707800000, 0x0000000707800000|100%| O|  |TAMS 0x0000000707600000| PB 0x0000000707600000| Untracked 
|  60|0x0000000707800000, 0x0000000707a00000, 0x0000000707a00000|100%| O|  |TAMS 0x0000000707800000| PB 0x0000000707800000| Untracked 
|  61|0x0000000707a00000, 0x0000000707bda780, 0x0000000707c00000| 92%| O|  |TAMS 0x0000000707a00000| PB 0x0000000707a00000| Untracked 
|  62|0x0000000707c00000, 0x0000000707e00000, 0x0000000707e00000|100%| O|  |TAMS 0x0000000707c00000| PB 0x0000000707c00000| Untracked 
|  63|0x0000000707e00000, 0x0000000708000000, 0x0000000708000000|100%| O|  |TAMS 0x0000000707e00000| PB 0x0000000707e00000| Untracked 
|  64|0x0000000708000000, 0x0000000708200000, 0x0000000708200000|100%| O|  |TAMS 0x0000000708000000| PB 0x0000000708000000| Untracked 
|  65|0x0000000708200000, 0x0000000708200000, 0x0000000708400000|  0%| F|  |TAMS 0x0000000708200000| PB 0x0000000708200000| Untracked 
|  66|0x0000000708400000, 0x0000000708600000, 0x0000000708600000|100%| O|  |TAMS 0x0000000708400000| PB 0x0000000708400000| Untracked 
|  67|0x0000000708600000, 0x0000000708600000, 0x0000000708800000|  0%| F|  |TAMS 0x0000000708600000| PB 0x0000000708600000| Untracked 
|  68|0x0000000708800000, 0x0000000708800000, 0x0000000708a00000|  0%| F|  |TAMS 0x0000000708800000| PB 0x0000000708800000| Untracked 
|  69|0x0000000708a00000, 0x0000000708a00000, 0x0000000708c00000|  0%| F|  |TAMS 0x0000000708a00000| PB 0x0000000708a00000| Untracked 
|  70|0x0000000708c00000, 0x0000000708c00000, 0x0000000708e00000|  0%| F|  |TAMS 0x0000000708c00000| PB 0x0000000708c00000| Untracked 
|  71|0x0000000708e00000, 0x0000000709000000, 0x0000000709000000|100%| O|  |TAMS 0x0000000708e00000| PB 0x0000000708e00000| Untracked 
|  72|0x0000000709000000, 0x0000000709000000, 0x0000000709200000|  0%| F|  |TAMS 0x0000000709000000| PB 0x0000000709000000| Untracked 
|  73|0x0000000709200000, 0x0000000709200000, 0x0000000709400000|  0%| F|  |TAMS 0x0000000709200000| PB 0x0000000709200000| Untracked 
|  74|0x0000000709400000, 0x0000000709400000, 0x0000000709600000|  0%| F|  |TAMS 0x0000000709400000| PB 0x0000000709400000| Untracked 
|  75|0x0000000709600000, 0x0000000709600000, 0x0000000709800000|  0%| F|  |TAMS 0x0000000709600000| PB 0x0000000709600000| Untracked 
|  76|0x0000000709800000, 0x0000000709a00000, 0x0000000709a00000|100%| O|  |TAMS 0x0000000709800000| PB 0x0000000709800000| Untracked 
|  77|0x0000000709a00000, 0x0000000709a00000, 0x0000000709c00000|  0%| F|  |TAMS 0x0000000709a00000| PB 0x0000000709a00000| Untracked 
|  78|0x0000000709c00000, 0x0000000709e00000, 0x0000000709e00000|100%| O|  |TAMS 0x0000000709c00000| PB 0x0000000709c00000| Untracked 
|  79|0x0000000709e00000, 0x0000000709e00000, 0x000000070a000000|  0%| F|  |TAMS 0x0000000709e00000| PB 0x0000000709e00000| Untracked 
|  80|0x000000070a000000, 0x000000070a000000, 0x000000070a200000|  0%| F|  |TAMS 0x000000070a000000| PB 0x000000070a000000| Untracked 
|  81|0x000000070a200000, 0x000000070a200000, 0x000000070a400000|  0%| F|  |TAMS 0x000000070a200000| PB 0x000000070a200000| Untracked 
|  82|0x000000070a400000, 0x000000070a400000, 0x000000070a600000|  0%| F|  |TAMS 0x000000070a400000| PB 0x000000070a400000| Untracked 
|  83|0x000000070a600000, 0x000000070a600000, 0x000000070a800000|  0%| F|  |TAMS 0x000000070a600000| PB 0x000000070a600000| Untracked 
|  84|0x000000070a800000, 0x000000070a9fffe0, 0x000000070aa00000| 99%| O|  |TAMS 0x000000070a800000| PB 0x000000070a800000| Untracked 
|  85|0x000000070aa00000, 0x000000070aa00000, 0x000000070ac00000|  0%| F|  |TAMS 0x000000070aa00000| PB 0x000000070aa00000| Untracked 
|  86|0x000000070ac00000, 0x000000070ac00000, 0x000000070ae00000|  0%| F|  |TAMS 0x000000070ac00000| PB 0x000000070ac00000| Untracked 
|  87|0x000000070ae00000, 0x000000070ae00000, 0x000000070b000000|  0%| F|  |TAMS 0x000000070ae00000| PB 0x000000070ae00000| Untracked 
|  88|0x000000070b000000, 0x000000070b000000, 0x000000070b200000|  0%| F|  |TAMS 0x000000070b000000| PB 0x000000070b000000| Untracked 
|  89|0x000000070b200000, 0x000000070b400000, 0x000000070b400000|100%| O|  |TAMS 0x000000070b200000| PB 0x000000070b200000| Untracked 
|  90|0x000000070b400000, 0x000000070b400000, 0x000000070b600000|  0%| F|  |TAMS 0x000000070b400000| PB 0x000000070b400000| Untracked 
|  91|0x000000070b600000, 0x000000070b800000, 0x000000070b800000|100%|HS|  |TAMS 0x000000070b600000| PB 0x000000070b600000| Complete 
|  92|0x000000070b800000, 0x000000070b9ffff8, 0x000000070ba00000| 99%| O|  |TAMS 0x000000070b800000| PB 0x000000070b800000| Untracked 
|  93|0x000000070ba00000, 0x000000070bc00000, 0x000000070bc00000|100%| O|  |TAMS 0x000000070ba00000| PB 0x000000070ba00000| Untracked 
|  94|0x000000070bc00000, 0x000000070be00000, 0x000000070be00000|100%| O|  |TAMS 0x000000070bc00000| PB 0x000000070bc00000| Untracked 
|  95|0x000000070be00000, 0x000000070c000000, 0x000000070c000000|100%| O|  |TAMS 0x000000070be00000| PB 0x000000070be00000| Untracked 
|  96|0x000000070c000000, 0x000000070c000000, 0x000000070c200000|  0%| F|  |TAMS 0x000000070c000000| PB 0x000000070c000000| Untracked 
|  97|0x000000070c200000, 0x000000070c200000, 0x000000070c400000|  0%| F|  |TAMS 0x000000070c200000| PB 0x000000070c200000| Untracked 
|  98|0x000000070c400000, 0x000000070c400000, 0x000000070c600000|  0%| F|  |TAMS 0x000000070c400000| PB 0x000000070c400000| Untracked 
|  99|0x000000070c600000, 0x000000070c600000, 0x000000070c800000|  0%| F|  |TAMS 0x000000070c600000| PB 0x000000070c600000| Untracked 
| 100|0x000000070c800000, 0x000000070ca00000, 0x000000070ca00000|100%| O|  |TAMS 0x000000070c800000| PB 0x000000070c800000| Untracked 
| 101|0x000000070ca00000, 0x000000070ca00000, 0x000000070cc00000|  0%| F|  |TAMS 0x000000070ca00000| PB 0x000000070ca00000| Untracked 
| 102|0x000000070cc00000, 0x000000070ce00000, 0x000000070ce00000|100%| O|  |TAMS 0x000000070cc00000| PB 0x000000070cc00000| Untracked 
| 103|0x000000070ce00000, 0x000000070ce00000, 0x000000070d000000|  0%| F|  |TAMS 0x000000070ce00000| PB 0x000000070ce00000| Untracked 
| 104|0x000000070d000000, 0x000000070d000000, 0x000000070d200000|  0%| F|  |TAMS 0x000000070d000000| PB 0x000000070d000000| Untracked 
| 105|0x000000070d200000, 0x000000070d3ffff0, 0x000000070d400000| 99%| O|  |TAMS 0x000000070d200000| PB 0x000000070d200000| Untracked 
| 106|0x000000070d400000, 0x000000070d600000, 0x000000070d600000|100%| O|  |TAMS 0x000000070d400000| PB 0x000000070d400000| Untracked 
| 107|0x000000070d600000, 0x000000070d600000, 0x000000070d800000|  0%| F|  |TAMS 0x000000070d600000| PB 0x000000070d600000| Untracked 
| 108|0x000000070d800000, 0x000000070d800000, 0x000000070da00000|  0%| F|  |TAMS 0x000000070d800000| PB 0x000000070d800000| Untracked 
| 109|0x000000070da00000, 0x000000070da00000, 0x000000070dc00000|  0%| F|  |TAMS 0x000000070da00000| PB 0x000000070da00000| Untracked 
| 110|0x000000070dc00000, 0x000000070de00000, 0x000000070de00000|100%| O|  |TAMS 0x000000070dc00000| PB 0x000000070dc00000| Untracked 
| 111|0x000000070de00000, 0x000000070de00000, 0x000000070e000000|  0%| F|  |TAMS 0x000000070de00000| PB 0x000000070de00000| Untracked 
| 112|0x000000070e000000, 0x000000070e200000, 0x000000070e200000|100%| O|  |TAMS 0x000000070e000000| PB 0x000000070e000000| Untracked 
| 113|0x000000070e200000, 0x000000070e3ffff8, 0x000000070e400000| 99%| O|  |TAMS 0x000000070e200000| PB 0x000000070e200000| Untracked 
| 114|0x000000070e400000, 0x000000070e400000, 0x000000070e600000|  0%| F|  |TAMS 0x000000070e400000| PB 0x000000070e400000| Untracked 
| 115|0x000000070e600000, 0x000000070e600000, 0x000000070e800000|  0%| F|  |TAMS 0x000000070e600000| PB 0x000000070e600000| Untracked 
| 116|0x000000070e800000, 0x000000070e800000, 0x000000070ea00000|  0%| F|  |TAMS 0x000000070e800000| PB 0x000000070e800000| Untracked 
| 117|0x000000070ea00000, 0x000000070ea00000, 0x000000070ec00000|  0%| F|  |TAMS 0x000000070ea00000| PB 0x000000070ea00000| Untracked 
| 118|0x000000070ec00000, 0x000000070ee00000, 0x000000070ee00000|100%| O|  |TAMS 0x000000070ec00000| PB 0x000000070ec00000| Untracked 
| 119|0x000000070ee00000, 0x000000070ee00000, 0x000000070f000000|  0%| F|  |TAMS 0x000000070ee00000| PB 0x000000070ee00000| Untracked 
| 120|0x000000070f000000, 0x000000070f200000, 0x000000070f200000|100%| O|  |TAMS 0x000000070f000000| PB 0x000000070f000000| Untracked 
| 121|0x000000070f200000, 0x000000070f200000, 0x000000070f400000|  0%| F|  |TAMS 0x000000070f200000| PB 0x000000070f200000| Untracked 
| 122|0x000000070f400000, 0x000000070f600000, 0x000000070f600000|100%| O|  |TAMS 0x000000070f400000| PB 0x000000070f400000| Untracked 
| 123|0x000000070f600000, 0x000000070f600000, 0x000000070f800000|  0%| F|  |TAMS 0x000000070f600000| PB 0x000000070f600000| Untracked 
| 124|0x000000070f800000, 0x000000070fa00000, 0x000000070fa00000|100%| O|  |TAMS 0x000000070f800000| PB 0x000000070f800000| Untracked 
| 125|0x000000070fa00000, 0x000000070fc00000, 0x000000070fc00000|100%| O|  |TAMS 0x000000070fa00000| PB 0x000000070fa00000| Untracked 
| 126|0x000000070fc00000, 0x000000070fe00000, 0x000000070fe00000|100%|HS|  |TAMS 0x000000070fc00000| PB 0x000000070fc00000| Complete 
| 127|0x000000070fe00000, 0x000000070fe00000, 0x0000000710000000|  0%| F|  |TAMS 0x000000070fe00000| PB 0x000000070fe00000| Untracked 
| 128|0x0000000710000000, 0x0000000710200000, 0x0000000710200000|100%| O|  |TAMS 0x0000000710000000| PB 0x0000000710000000| Untracked 
| 129|0x0000000710200000, 0x0000000710400000, 0x0000000710400000|100%| O|  |TAMS 0x0000000710200000| PB 0x0000000710200000| Untracked 
| 130|0x0000000710400000, 0x0000000710600000, 0x0000000710600000|100%| O|  |TAMS 0x0000000710400000| PB 0x0000000710400000| Untracked 
| 131|0x0000000710600000, 0x0000000710800000, 0x0000000710800000|100%| O|  |TAMS 0x0000000710600000| PB 0x0000000710600000| Untracked 
| 132|0x0000000710800000, 0x0000000710a00000, 0x0000000710a00000|100%| O|  |TAMS 0x0000000710800000| PB 0x0000000710800000| Untracked 
| 133|0x0000000710a00000, 0x0000000710c00000, 0x0000000710c00000|100%| O|  |TAMS 0x0000000710a00000| PB 0x0000000710a00000| Untracked 
| 134|0x0000000710c00000, 0x0000000710c00000, 0x0000000710e00000|  0%| F|  |TAMS 0x0000000710c00000| PB 0x0000000710c00000| Untracked 
| 135|0x0000000710e00000, 0x0000000710fffff8, 0x0000000711000000| 99%| O|  |TAMS 0x0000000710e00000| PB 0x0000000710e00000| Untracked 
| 136|0x0000000711000000, 0x0000000711000000, 0x0000000711200000|  0%| F|  |TAMS 0x0000000711000000| PB 0x0000000711000000| Untracked 
| 137|0x0000000711200000, 0x0000000711200000, 0x0000000711400000|  0%| F|  |TAMS 0x0000000711200000| PB 0x0000000711200000| Untracked 
| 138|0x0000000711400000, 0x0000000711600000, 0x0000000711600000|100%| O|  |TAMS 0x0000000711400000| PB 0x0000000711400000| Untracked 
| 139|0x0000000711600000, 0x0000000711800000, 0x0000000711800000|100%|HS|  |TAMS 0x0000000711600000| PB 0x0000000711600000| Complete 
| 140|0x0000000711800000, 0x0000000711a00000, 0x0000000711a00000|100%| O|  |TAMS 0x0000000711800000| PB 0x0000000711800000| Untracked 
| 141|0x0000000711a00000, 0x0000000711c00000, 0x0000000711c00000|100%| O|  |TAMS 0x0000000711a00000| PB 0x0000000711a00000| Untracked 
| 142|0x0000000711c00000, 0x0000000711c00000, 0x0000000711e00000|  0%| F|  |TAMS 0x0000000711c00000| PB 0x0000000711c00000| Untracked 
| 143|0x0000000711e00000, 0x0000000712000000, 0x0000000712000000|100%| O|  |TAMS 0x0000000711e00000| PB 0x0000000711e00000| Untracked 
| 144|0x0000000712000000, 0x0000000712000000, 0x0000000712200000|  0%| F|  |TAMS 0x0000000712000000| PB 0x0000000712000000| Untracked 
| 145|0x0000000712200000, 0x0000000712200000, 0x0000000712400000|  0%| F|  |TAMS 0x0000000712200000| PB 0x0000000712200000| Untracked 
| 146|0x0000000712400000, 0x0000000712400000, 0x0000000712600000|  0%| F|  |TAMS 0x0000000712400000| PB 0x0000000712400000| Untracked 
| 147|0x0000000712600000, 0x0000000712600000, 0x0000000712800000|  0%| F|  |TAMS 0x0000000712600000| PB 0x0000000712600000| Untracked 
| 148|0x0000000712800000, 0x0000000712a00000, 0x0000000712a00000|100%|HS|  |TAMS 0x0000000712800000| PB 0x0000000712800000| Complete 
| 149|0x0000000712a00000, 0x0000000712c00000, 0x0000000712c00000|100%| O|  |TAMS 0x0000000712a00000| PB 0x0000000712a00000| Untracked 
| 150|0x0000000712c00000, 0x0000000712e00000, 0x0000000712e00000|100%| O|  |TAMS 0x0000000712c00000| PB 0x0000000712c00000| Untracked 
| 151|0x0000000712e00000, 0x0000000713000000, 0x0000000713000000|100%|HS|  |TAMS 0x0000000712e00000| PB 0x0000000712e00000| Complete 
| 152|0x0000000713000000, 0x0000000713200000, 0x0000000713200000|100%|HC|  |TAMS 0x0000000713000000| PB 0x0000000713000000| Complete 
| 153|0x0000000713200000, 0x0000000713200000, 0x0000000713400000|  0%| F|  |TAMS 0x0000000713200000| PB 0x0000000713200000| Untracked 
| 154|0x0000000713400000, 0x0000000713600000, 0x0000000713600000|100%|HS|  |TAMS 0x0000000713400000| PB 0x0000000713400000| Complete 
| 155|0x0000000713600000, 0x0000000713800000, 0x0000000713800000|100%| O|  |TAMS 0x0000000713600000| PB 0x0000000713600000| Untracked 
| 156|0x0000000713800000, 0x0000000713800000, 0x0000000713a00000|  0%| F|  |TAMS 0x0000000713800000| PB 0x0000000713800000| Untracked 
| 157|0x0000000713a00000, 0x0000000713a00000, 0x0000000713c00000|  0%| F|  |TAMS 0x0000000713a00000| PB 0x0000000713a00000| Untracked 
| 158|0x0000000713c00000, 0x0000000713c00000, 0x0000000713e00000|  0%| F|  |TAMS 0x0000000713c00000| PB 0x0000000713c00000| Untracked 
| 159|0x0000000713e00000, 0x0000000713e00000, 0x0000000714000000|  0%| F|  |TAMS 0x0000000713e00000| PB 0x0000000713e00000| Untracked 
| 160|0x0000000714000000, 0x0000000714000000, 0x0000000714200000|  0%| F|  |TAMS 0x0000000714000000| PB 0x0000000714000000| Untracked 
| 161|0x0000000714200000, 0x0000000714200000, 0x0000000714400000|  0%| F|  |TAMS 0x0000000714200000| PB 0x0000000714200000| Untracked 
| 162|0x0000000714400000, 0x0000000714600000, 0x0000000714600000|100%| O|  |TAMS 0x0000000714400000| PB 0x0000000714400000| Untracked 
| 163|0x0000000714600000, 0x0000000714600000, 0x0000000714800000|  0%| F|  |TAMS 0x0000000714600000| PB 0x0000000714600000| Untracked 
| 164|0x0000000714800000, 0x0000000714a00000, 0x0000000714a00000|100%| O|  |TAMS 0x0000000714800000| PB 0x0000000714800000| Untracked 
| 165|0x0000000714a00000, 0x0000000714a00000, 0x0000000714c00000|  0%| F|  |TAMS 0x0000000714a00000| PB 0x0000000714a00000| Untracked 
| 166|0x0000000714c00000, 0x0000000714e00000, 0x0000000714e00000|100%|HS|  |TAMS 0x0000000714c00000| PB 0x0000000714c00000| Complete 
| 167|0x0000000714e00000, 0x0000000714e00000, 0x0000000715000000|  0%| F|  |TAMS 0x0000000714e00000| PB 0x0000000714e00000| Untracked 
| 168|0x0000000715000000, 0x0000000715200000, 0x0000000715200000|100%| O|  |TAMS 0x0000000715000000| PB 0x0000000715000000| Untracked 
| 169|0x0000000715200000, 0x0000000715200000, 0x0000000715400000|  0%| F|  |TAMS 0x0000000715200000| PB 0x0000000715200000| Untracked 
| 170|0x0000000715400000, 0x0000000715400000, 0x0000000715600000|  0%| F|  |TAMS 0x0000000715400000| PB 0x0000000715400000| Untracked 
| 171|0x0000000715600000, 0x0000000715600000, 0x0000000715800000|  0%| F|  |TAMS 0x0000000715600000| PB 0x0000000715600000| Untracked 
| 172|0x0000000715800000, 0x0000000715800000, 0x0000000715a00000|  0%| F|  |TAMS 0x0000000715800000| PB 0x0000000715800000| Untracked 
| 173|0x0000000715a00000, 0x0000000715a00000, 0x0000000715c00000|  0%| F|  |TAMS 0x0000000715a00000| PB 0x0000000715a00000| Untracked 
| 174|0x0000000715c00000, 0x0000000715c00000, 0x0000000715e00000|  0%| F|  |TAMS 0x0000000715c00000| PB 0x0000000715c00000| Untracked 
| 175|0x0000000715e00000, 0x0000000715e00000, 0x0000000716000000|  0%| F|  |TAMS 0x0000000715e00000| PB 0x0000000715e00000| Untracked 
| 176|0x0000000716000000, 0x0000000716200000, 0x0000000716200000|100%| O|  |TAMS 0x0000000716000000| PB 0x0000000716000000| Untracked 
| 177|0x0000000716200000, 0x0000000716200000, 0x0000000716400000|  0%| F|  |TAMS 0x0000000716200000| PB 0x0000000716200000| Untracked 
| 178|0x0000000716400000, 0x0000000716400000, 0x0000000716600000|  0%| F|  |TAMS 0x0000000716400000| PB 0x0000000716400000| Untracked 
| 179|0x0000000716600000, 0x0000000716800000, 0x0000000716800000|100%| O|  |TAMS 0x0000000716600000| PB 0x0000000716600000| Untracked 
| 180|0x0000000716800000, 0x0000000716a00000, 0x0000000716a00000|100%| O|  |TAMS 0x0000000716800000| PB 0x0000000716800000| Untracked 
| 181|0x0000000716a00000, 0x0000000716c00000, 0x0000000716c00000|100%| O|  |TAMS 0x0000000716a00000| PB 0x0000000716a00000| Untracked 
| 182|0x0000000716c00000, 0x0000000716e00000, 0x0000000716e00000|100%| O|  |TAMS 0x0000000716c00000| PB 0x0000000716c00000| Untracked 
| 183|0x0000000716e00000, 0x0000000717000000, 0x0000000717000000|100%| O|  |TAMS 0x0000000716e00000| PB 0x0000000716e00000| Untracked 
| 184|0x0000000717000000, 0x0000000717200000, 0x0000000717200000|100%| O|  |TAMS 0x0000000717000000| PB 0x0000000717000000| Untracked 
| 185|0x0000000717200000, 0x0000000717400000, 0x0000000717400000|100%| O|  |TAMS 0x0000000717200000| PB 0x0000000717200000| Untracked 
| 186|0x0000000717400000, 0x0000000717600000, 0x0000000717600000|100%| O|  |TAMS 0x0000000717400000| PB 0x0000000717400000| Untracked 
| 187|0x0000000717600000, 0x0000000717800000, 0x0000000717800000|100%| O|  |TAMS 0x0000000717600000| PB 0x0000000717600000| Untracked 
| 188|0x0000000717800000, 0x0000000717a00000, 0x0000000717a00000|100%| O|  |TAMS 0x0000000717800000| PB 0x0000000717800000| Untracked 
| 189|0x0000000717a00000, 0x0000000717c00000, 0x0000000717c00000|100%| O|  |TAMS 0x0000000717a00000| PB 0x0000000717a00000| Untracked 
| 190|0x0000000717c00000, 0x0000000717e00000, 0x0000000717e00000|100%| O|  |TAMS 0x0000000717c00000| PB 0x0000000717c00000| Untracked 
| 191|0x0000000717e00000, 0x0000000718000000, 0x0000000718000000|100%|HS|  |TAMS 0x0000000717e00000| PB 0x0000000717e00000| Complete 
| 192|0x0000000718000000, 0x0000000718200000, 0x0000000718200000|100%|HC|  |TAMS 0x0000000718000000| PB 0x0000000718000000| Complete 
| 193|0x0000000718200000, 0x0000000718400000, 0x0000000718400000|100%|HS|  |TAMS 0x0000000718200000| PB 0x0000000718200000| Complete 
| 194|0x0000000718400000, 0x0000000718600000, 0x0000000718600000|100%|HS|  |TAMS 0x0000000718400000| PB 0x0000000718400000| Complete 
| 195|0x0000000718600000, 0x0000000718800000, 0x0000000718800000|100%| O|  |TAMS 0x0000000718600000| PB 0x0000000718600000| Untracked 
| 196|0x0000000718800000, 0x0000000718a00000, 0x0000000718a00000|100%| O|  |TAMS 0x0000000718800000| PB 0x0000000718800000| Untracked 
| 197|0x0000000718a00000, 0x0000000718c00000, 0x0000000718c00000|100%| O|  |TAMS 0x0000000718a00000| PB 0x0000000718a00000| Untracked 
| 198|0x0000000718c00000, 0x0000000718e00000, 0x0000000718e00000|100%| O|  |TAMS 0x0000000718c00000| PB 0x0000000718c00000| Untracked 
| 199|0x0000000718e00000, 0x0000000719000000, 0x0000000719000000|100%| O|  |TAMS 0x0000000718e00000| PB 0x0000000718e00000| Untracked 
| 200|0x0000000719000000, 0x0000000719200000, 0x0000000719200000|100%| O|  |TAMS 0x0000000719000000| PB 0x0000000719000000| Untracked 
| 201|0x0000000719200000, 0x0000000719400000, 0x0000000719400000|100%|HS|  |TAMS 0x0000000719200000| PB 0x0000000719200000| Complete 
| 202|0x0000000719400000, 0x0000000719600000, 0x0000000719600000|100%| O|  |TAMS 0x0000000719400000| PB 0x0000000719400000| Untracked 
| 203|0x0000000719600000, 0x0000000719800000, 0x0000000719800000|100%| O|  |TAMS 0x0000000719600000| PB 0x0000000719600000| Untracked 
| 204|0x0000000719800000, 0x0000000719a00000, 0x0000000719a00000|100%| O|  |TAMS 0x0000000719800000| PB 0x0000000719800000| Untracked 
| 205|0x0000000719a00000, 0x0000000719c00000, 0x0000000719c00000|100%| O|  |TAMS 0x0000000719a00000| PB 0x0000000719a00000| Untracked 
| 206|0x0000000719c00000, 0x0000000719e00000, 0x0000000719e00000|100%| O|  |TAMS 0x0000000719c00000| PB 0x0000000719c00000| Untracked 
| 207|0x0000000719e00000, 0x000000071a000000, 0x000000071a000000|100%|HS|  |TAMS 0x0000000719e00000| PB 0x0000000719e00000| Complete 
| 208|0x000000071a000000, 0x000000071a200000, 0x000000071a200000|100%| O|  |TAMS 0x000000071a000000| PB 0x000000071a000000| Untracked 
| 209|0x000000071a200000, 0x000000071a400000, 0x000000071a400000|100%| O|  |TAMS 0x000000071a200000| PB 0x000000071a200000| Untracked 
| 210|0x000000071a400000, 0x000000071a600000, 0x000000071a600000|100%| O|  |TAMS 0x000000071a400000| PB 0x000000071a400000| Untracked 
| 211|0x000000071a600000, 0x000000071a800000, 0x000000071a800000|100%| O|  |TAMS 0x000000071a600000| PB 0x000000071a600000| Untracked 
| 212|0x000000071a800000, 0x000000071aa00000, 0x000000071aa00000|100%|HS|  |TAMS 0x000000071a800000| PB 0x000000071a800000| Complete 
| 213|0x000000071aa00000, 0x000000071ac00000, 0x000000071ac00000|100%| O|  |TAMS 0x000000071aa00000| PB 0x000000071aa00000| Untracked 
| 214|0x000000071ac00000, 0x000000071ae00000, 0x000000071ae00000|100%| O|  |TAMS 0x000000071ac00000| PB 0x000000071ac00000| Untracked 
| 215|0x000000071ae00000, 0x000000071b000000, 0x000000071b000000|100%| O|  |TAMS 0x000000071ae00000| PB 0x000000071ae00000| Untracked 
| 216|0x000000071b000000, 0x000000071b200000, 0x000000071b200000|100%| O|  |TAMS 0x000000071b000000| PB 0x000000071b000000| Untracked 
| 217|0x000000071b200000, 0x000000071b400000, 0x000000071b400000|100%| O|  |TAMS 0x000000071b200000| PB 0x000000071b200000| Untracked 
| 218|0x000000071b400000, 0x000000071b600000, 0x000000071b600000|100%|HS|  |TAMS 0x000000071b400000| PB 0x000000071b400000| Complete 
| 219|0x000000071b600000, 0x000000071b800000, 0x000000071b800000|100%| O|  |TAMS 0x000000071b600000| PB 0x000000071b600000| Untracked 
| 220|0x000000071b800000, 0x000000071ba00000, 0x000000071ba00000|100%| O|  |TAMS 0x000000071b800000| PB 0x000000071b800000| Untracked 
| 221|0x000000071ba00000, 0x000000071bc00000, 0x000000071bc00000|100%| O|  |TAMS 0x000000071ba00000| PB 0x000000071ba00000| Untracked 
| 222|0x000000071bc00000, 0x000000071be00000, 0x000000071be00000|100%| O|  |TAMS 0x000000071bc00000| PB 0x000000071bc00000| Untracked 
| 223|0x000000071be00000, 0x000000071c000000, 0x000000071c000000|100%|HS|  |TAMS 0x000000071be00000| PB 0x000000071be00000| Complete 
| 224|0x000000071c000000, 0x000000071c200000, 0x000000071c200000|100%|HC|  |TAMS 0x000000071c000000| PB 0x000000071c000000| Complete 
| 225|0x000000071c200000, 0x000000071c400000, 0x000000071c400000|100%|HC|  |TAMS 0x000000071c200000| PB 0x000000071c200000| Complete 
| 226|0x000000071c400000, 0x000000071c600000, 0x000000071c600000|100%| O|  |TAMS 0x000000071c400000| PB 0x000000071c400000| Untracked 
| 227|0x000000071c600000, 0x000000071c800000, 0x000000071c800000|100%| O|  |TAMS 0x000000071c600000| PB 0x000000071c600000| Untracked 
| 228|0x000000071c800000, 0x000000071ca00000, 0x000000071ca00000|100%|HS|  |TAMS 0x000000071c800000| PB 0x000000071c800000| Complete 
| 229|0x000000071ca00000, 0x000000071cc00000, 0x000000071cc00000|100%|HC|  |TAMS 0x000000071ca00000| PB 0x000000071ca00000| Complete 
| 230|0x000000071cc00000, 0x000000071ce00000, 0x000000071ce00000|100%|HS|  |TAMS 0x000000071cc00000| PB 0x000000071cc00000| Complete 
| 231|0x000000071ce00000, 0x000000071d000000, 0x000000071d000000|100%|HC|  |TAMS 0x000000071ce00000| PB 0x000000071ce00000| Complete 
| 232|0x000000071d000000, 0x000000071d200000, 0x000000071d200000|100%| O|  |TAMS 0x000000071d000000| PB 0x000000071d000000| Untracked 
| 233|0x000000071d200000, 0x000000071d400000, 0x000000071d400000|100%| O|  |TAMS 0x000000071d200000| PB 0x000000071d200000| Untracked 
| 234|0x000000071d400000, 0x000000071d600000, 0x000000071d600000|100%| O|  |TAMS 0x000000071d400000| PB 0x000000071d400000| Untracked 
| 235|0x000000071d600000, 0x000000071d800000, 0x000000071d800000|100%| O|  |TAMS 0x000000071d600000| PB 0x000000071d600000| Untracked 
| 236|0x000000071d800000, 0x000000071da00000, 0x000000071da00000|100%| O|  |TAMS 0x000000071d800000| PB 0x000000071d800000| Untracked 
| 237|0x000000071da00000, 0x000000071dc00000, 0x000000071dc00000|100%| O|  |TAMS 0x000000071da00000| PB 0x000000071da00000| Untracked 
| 238|0x000000071dc00000, 0x000000071de00000, 0x000000071de00000|100%| O|  |TAMS 0x000000071dc00000| PB 0x000000071dc00000| Untracked 
| 239|0x000000071de00000, 0x000000071e000000, 0x000000071e000000|100%| O|  |TAMS 0x000000071de00000| PB 0x000000071de00000| Untracked 
| 240|0x000000071e000000, 0x000000071e200000, 0x000000071e200000|100%|HS|  |TAMS 0x000000071e000000| PB 0x000000071e000000| Complete 
| 241|0x000000071e200000, 0x000000071e400000, 0x000000071e400000|100%| O|  |TAMS 0x000000071e200000| PB 0x000000071e200000| Untracked 
| 242|0x000000071e400000, 0x000000071e600000, 0x000000071e600000|100%| O|  |TAMS 0x000000071e400000| PB 0x000000071e400000| Untracked 
| 243|0x000000071e600000, 0x000000071e800000, 0x000000071e800000|100%| O|  |TAMS 0x000000071e600000| PB 0x000000071e600000| Untracked 
| 244|0x000000071e800000, 0x000000071e800000, 0x000000071ea00000|  0%| F|  |TAMS 0x000000071e800000| PB 0x000000071e800000| Untracked 
| 245|0x000000071ea00000, 0x000000071ea00000, 0x000000071ec00000|  0%| F|  |TAMS 0x000000071ea00000| PB 0x000000071ea00000| Untracked 
| 246|0x000000071ec00000, 0x000000071ec00000, 0x000000071ee00000|  0%| F|  |TAMS 0x000000071ec00000| PB 0x000000071ec00000| Untracked 
| 247|0x000000071ee00000, 0x000000071ee00000, 0x000000071f000000|  0%| F|  |TAMS 0x000000071ee00000| PB 0x000000071ee00000| Untracked 
| 248|0x000000071f000000, 0x000000071f000000, 0x000000071f200000|  0%| F|  |TAMS 0x000000071f000000| PB 0x000000071f000000| Untracked 
| 249|0x000000071f200000, 0x000000071f200000, 0x000000071f400000|  0%| F|  |TAMS 0x000000071f200000| PB 0x000000071f200000| Untracked 
| 250|0x000000071f400000, 0x000000071f600000, 0x000000071f600000|100%| O|  |TAMS 0x000000071f400000| PB 0x000000071f400000| Untracked 
| 251|0x000000071f600000, 0x000000071f600000, 0x000000071f800000|  0%| F|  |TAMS 0x000000071f600000| PB 0x000000071f600000| Untracked 
| 252|0x000000071f800000, 0x000000071f800000, 0x000000071fa00000|  0%| F|  |TAMS 0x000000071f800000| PB 0x000000071f800000| Untracked 
| 253|0x000000071fa00000, 0x000000071fc00000, 0x000000071fc00000|100%| O|  |TAMS 0x000000071fa00000| PB 0x000000071fa00000| Untracked 
| 254|0x000000071fc00000, 0x000000071fc00000, 0x000000071fe00000|  0%| F|  |TAMS 0x000000071fc00000| PB 0x000000071fc00000| Untracked 
| 255|0x000000071fe00000, 0x000000071fe00000, 0x0000000720000000|  0%| F|  |TAMS 0x000000071fe00000| PB 0x000000071fe00000| Untracked 
| 256|0x0000000720000000, 0x0000000720000000, 0x0000000720200000|  0%| F|  |TAMS 0x0000000720000000| PB 0x0000000720000000| Untracked 
| 257|0x0000000720200000, 0x0000000720200000, 0x0000000720400000|  0%| F|  |TAMS 0x0000000720200000| PB 0x0000000720200000| Untracked 
| 258|0x0000000720400000, 0x0000000720400000, 0x0000000720600000|  0%| F|  |TAMS 0x0000000720400000| PB 0x0000000720400000| Untracked 
| 259|0x0000000720600000, 0x0000000720600000, 0x0000000720800000|  0%| F|  |TAMS 0x0000000720600000| PB 0x0000000720600000| Untracked 
| 260|0x0000000720800000, 0x0000000720800000, 0x0000000720a00000|  0%| F|  |TAMS 0x0000000720800000| PB 0x0000000720800000| Untracked 
| 261|0x0000000720a00000, 0x0000000720a00000, 0x0000000720c00000|  0%| F|  |TAMS 0x0000000720a00000| PB 0x0000000720a00000| Untracked 
| 262|0x0000000720c00000, 0x0000000720c00000, 0x0000000720e00000|  0%| F|  |TAMS 0x0000000720c00000| PB 0x0000000720c00000| Untracked 
| 263|0x0000000720e00000, 0x0000000720fffff0, 0x0000000721000000| 99%| O|  |TAMS 0x0000000720e00000| PB 0x0000000720e00000| Untracked 
| 264|0x0000000721000000, 0x0000000721200000, 0x0000000721200000|100%| O|  |TAMS 0x0000000721000000| PB 0x0000000721000000| Untracked 
| 265|0x0000000721200000, 0x0000000721400000, 0x0000000721400000|100%| O|  |TAMS 0x0000000721200000| PB 0x0000000721200000| Untracked 
| 266|0x0000000721400000, 0x0000000721400000, 0x0000000721600000|  0%| F|  |TAMS 0x0000000721400000| PB 0x0000000721400000| Untracked 
| 267|0x0000000721600000, 0x0000000721800000, 0x0000000721800000|100%| O|  |TAMS 0x0000000721600000| PB 0x0000000721600000| Untracked 
| 268|0x0000000721800000, 0x0000000721a00000, 0x0000000721a00000|100%| O|  |TAMS 0x0000000721800000| PB 0x0000000721800000| Untracked 
| 269|0x0000000721a00000, 0x0000000721c00000, 0x0000000721c00000|100%| O|  |TAMS 0x0000000721a00000| PB 0x0000000721a00000| Untracked 
| 270|0x0000000721c00000, 0x0000000721e00000, 0x0000000721e00000|100%| O|  |TAMS 0x0000000721c00000| PB 0x0000000721c00000| Untracked 
| 271|0x0000000721e00000, 0x0000000722000000, 0x0000000722000000|100%| O|  |TAMS 0x0000000721e00000| PB 0x0000000721e00000| Untracked 
| 272|0x0000000722000000, 0x0000000722200000, 0x0000000722200000|100%| O|  |TAMS 0x0000000722000000| PB 0x0000000722000000| Untracked 
| 273|0x0000000722200000, 0x0000000722400000, 0x0000000722400000|100%| O|  |TAMS 0x0000000722200000| PB 0x0000000722200000| Untracked 
| 274|0x0000000722400000, 0x0000000722600000, 0x0000000722600000|100%| O|  |TAMS 0x0000000722400000| PB 0x0000000722400000| Untracked 
| 275|0x0000000722600000, 0x0000000722800000, 0x0000000722800000|100%| O|  |TAMS 0x0000000722600000| PB 0x0000000722600000| Untracked 
| 276|0x0000000722800000, 0x0000000722a00000, 0x0000000722a00000|100%| O|  |TAMS 0x0000000722800000| PB 0x0000000722800000| Untracked 
| 277|0x0000000722a00000, 0x0000000722c00000, 0x0000000722c00000|100%| O|  |TAMS 0x0000000722a00000| PB 0x0000000722a00000| Untracked 
| 278|0x0000000722c00000, 0x0000000722e00000, 0x0000000722e00000|100%| O|  |TAMS 0x0000000722c00000| PB 0x0000000722c00000| Untracked 
| 279|0x0000000722e00000, 0x0000000723000000, 0x0000000723000000|100%| O|  |TAMS 0x0000000722e00000| PB 0x0000000722e00000| Untracked 
| 280|0x0000000723000000, 0x0000000723200000, 0x0000000723200000|100%| O|  |TAMS 0x0000000723000000| PB 0x0000000723000000| Untracked 
| 281|0x0000000723200000, 0x0000000723400000, 0x0000000723400000|100%| O|  |TAMS 0x0000000723200000| PB 0x0000000723200000| Untracked 
| 282|0x0000000723400000, 0x0000000723600000, 0x0000000723600000|100%| O|  |TAMS 0x0000000723400000| PB 0x0000000723400000| Untracked 
| 283|0x0000000723600000, 0x0000000723800000, 0x0000000723800000|100%| O|  |TAMS 0x0000000723600000| PB 0x0000000723600000| Untracked 
| 284|0x0000000723800000, 0x0000000723a00000, 0x0000000723a00000|100%| O|  |TAMS 0x0000000723800000| PB 0x0000000723800000| Untracked 
| 285|0x0000000723a00000, 0x0000000723c00000, 0x0000000723c00000|100%| O|  |TAMS 0x0000000723a00000| PB 0x0000000723a00000| Untracked 
| 286|0x0000000723c00000, 0x0000000723e00000, 0x0000000723e00000|100%| O|  |TAMS 0x0000000723c00000| PB 0x0000000723c00000| Untracked 
| 287|0x0000000723e00000, 0x0000000724000000, 0x0000000724000000|100%| O|  |TAMS 0x0000000723e00000| PB 0x0000000723e00000| Untracked 
| 288|0x0000000724000000, 0x0000000724200000, 0x0000000724200000|100%| O|  |TAMS 0x0000000724000000| PB 0x0000000724000000| Untracked 
| 289|0x0000000724200000, 0x0000000724400000, 0x0000000724400000|100%| O|  |TAMS 0x0000000724200000| PB 0x0000000724200000| Untracked 
| 290|0x0000000724400000, 0x0000000724600000, 0x0000000724600000|100%| O|  |TAMS 0x0000000724400000| PB 0x0000000724400000| Untracked 
| 291|0x0000000724600000, 0x0000000724800000, 0x0000000724800000|100%| O|  |TAMS 0x0000000724600000| PB 0x0000000724600000| Untracked 
| 292|0x0000000724800000, 0x0000000724a00000, 0x0000000724a00000|100%| O|  |TAMS 0x0000000724800000| PB 0x0000000724800000| Untracked 
| 293|0x0000000724a00000, 0x0000000724c00000, 0x0000000724c00000|100%| O|  |TAMS 0x0000000724a00000| PB 0x0000000724a00000| Untracked 
| 294|0x0000000724c00000, 0x0000000724e00000, 0x0000000724e00000|100%| O|  |TAMS 0x0000000724c00000| PB 0x0000000724c00000| Untracked 
| 295|0x0000000724e00000, 0x0000000725000000, 0x0000000725000000|100%| O|  |TAMS 0x0000000724e00000| PB 0x0000000724e00000| Untracked 
| 296|0x0000000725000000, 0x0000000725200000, 0x0000000725200000|100%| O|  |TAMS 0x0000000725000000| PB 0x0000000725000000| Untracked 
| 297|0x0000000725200000, 0x0000000725400000, 0x0000000725400000|100%| O|  |TAMS 0x0000000725200000| PB 0x0000000725200000| Untracked 
| 298|0x0000000725400000, 0x0000000725600000, 0x0000000725600000|100%| O|  |TAMS 0x0000000725400000| PB 0x0000000725400000| Untracked 
| 299|0x0000000725600000, 0x0000000725800000, 0x0000000725800000|100%| O|  |TAMS 0x0000000725600000| PB 0x0000000725600000| Untracked 
| 300|0x0000000725800000, 0x0000000725a00000, 0x0000000725a00000|100%| O|  |TAMS 0x0000000725800000| PB 0x0000000725800000| Untracked 
| 301|0x0000000725a00000, 0x0000000725c00000, 0x0000000725c00000|100%| O|  |TAMS 0x0000000725a00000| PB 0x0000000725a00000| Untracked 
| 302|0x0000000725c00000, 0x0000000725e00000, 0x0000000725e00000|100%| O|  |TAMS 0x0000000725c00000| PB 0x0000000725c00000| Untracked 
| 303|0x0000000725e00000, 0x0000000726000000, 0x0000000726000000|100%| O|  |TAMS 0x0000000725e00000| PB 0x0000000725e00000| Untracked 
| 304|0x0000000726000000, 0x0000000726200000, 0x0000000726200000|100%| O|  |TAMS 0x0000000726000000| PB 0x0000000726000000| Untracked 
| 305|0x0000000726200000, 0x0000000726200000, 0x0000000726400000|  0%| F|  |TAMS 0x0000000726200000| PB 0x0000000726200000| Untracked 
| 306|0x0000000726400000, 0x0000000726600000, 0x0000000726600000|100%| O|  |TAMS 0x0000000726400000| PB 0x0000000726400000| Untracked 
| 307|0x0000000726600000, 0x0000000726800000, 0x0000000726800000|100%| O|  |TAMS 0x0000000726600000| PB 0x0000000726600000| Untracked 
| 308|0x0000000726800000, 0x0000000726a00000, 0x0000000726a00000|100%| O|  |TAMS 0x0000000726800000| PB 0x0000000726800000| Untracked 
| 309|0x0000000726a00000, 0x0000000726c00000, 0x0000000726c00000|100%| O|  |TAMS 0x0000000726a00000| PB 0x0000000726a00000| Untracked 
| 310|0x0000000726c00000, 0x0000000726e00000, 0x0000000726e00000|100%| O|  |TAMS 0x0000000726c00000| PB 0x0000000726c00000| Untracked 
| 311|0x0000000726e00000, 0x0000000726e00000, 0x0000000727000000|  0%| F|  |TAMS 0x0000000726e00000| PB 0x0000000726e00000| Untracked 
| 312|0x0000000727000000, 0x0000000727200000, 0x0000000727200000|100%| O|  |TAMS 0x0000000727000000| PB 0x0000000727000000| Untracked 
| 313|0x0000000727200000, 0x0000000727400000, 0x0000000727400000|100%| O|  |TAMS 0x0000000727200000| PB 0x0000000727200000| Untracked 
| 314|0x0000000727400000, 0x0000000727600000, 0x0000000727600000|100%| O|  |TAMS 0x0000000727400000| PB 0x0000000727400000| Untracked 
| 315|0x0000000727600000, 0x0000000727800000, 0x0000000727800000|100%| O|  |TAMS 0x0000000727600000| PB 0x0000000727600000| Untracked 
| 316|0x0000000727800000, 0x0000000727a00000, 0x0000000727a00000|100%| O|  |TAMS 0x0000000727800000| PB 0x0000000727800000| Untracked 
| 317|0x0000000727a00000, 0x0000000727a00000, 0x0000000727c00000|  0%| F|  |TAMS 0x0000000727a00000| PB 0x0000000727a00000| Untracked 
| 318|0x0000000727c00000, 0x0000000727c00000, 0x0000000727e00000|  0%| F|  |TAMS 0x0000000727c00000| PB 0x0000000727c00000| Untracked 
| 319|0x0000000727e00000, 0x0000000727e00000, 0x0000000728000000|  0%| F|  |TAMS 0x0000000727e00000| PB 0x0000000727e00000| Untracked 
| 320|0x0000000728000000, 0x0000000728000000, 0x0000000728200000|  0%| F|  |TAMS 0x0000000728000000| PB 0x0000000728000000| Untracked 
| 321|0x0000000728200000, 0x0000000728200000, 0x0000000728400000|  0%| F|  |TAMS 0x0000000728200000| PB 0x0000000728200000| Untracked 
| 322|0x0000000728400000, 0x0000000728400000, 0x0000000728600000|  0%| F|  |TAMS 0x0000000728400000| PB 0x0000000728400000| Untracked 
| 323|0x0000000728600000, 0x0000000728800000, 0x0000000728800000|100%| O|  |TAMS 0x0000000728600000| PB 0x0000000728600000| Untracked 
| 324|0x0000000728800000, 0x0000000728800000, 0x0000000728a00000|  0%| F|  |TAMS 0x0000000728800000| PB 0x0000000728800000| Untracked 
| 325|0x0000000728a00000, 0x0000000728a00000, 0x0000000728c00000|  0%| F|  |TAMS 0x0000000728a00000| PB 0x0000000728a00000| Untracked 
| 326|0x0000000728c00000, 0x0000000728c00000, 0x0000000728e00000|  0%| F|  |TAMS 0x0000000728c00000| PB 0x0000000728c00000| Untracked 
| 327|0x0000000728e00000, 0x0000000729000000, 0x0000000729000000|100%| O|  |TAMS 0x0000000728e00000| PB 0x0000000728e00000| Untracked 
| 328|0x0000000729000000, 0x0000000729200000, 0x0000000729200000|100%| O|  |TAMS 0x0000000729000000| PB 0x0000000729000000| Untracked 
| 329|0x0000000729200000, 0x0000000729400000, 0x0000000729400000|100%| O|  |TAMS 0x0000000729200000| PB 0x0000000729200000| Untracked 
| 330|0x0000000729400000, 0x0000000729600000, 0x0000000729600000|100%|HS|  |TAMS 0x0000000729400000| PB 0x0000000729400000| Complete 
| 331|0x0000000729600000, 0x0000000729800000, 0x0000000729800000|100%| O|  |TAMS 0x0000000729600000| PB 0x0000000729600000| Untracked 
| 332|0x0000000729800000, 0x0000000729800000, 0x0000000729a00000|  0%| F|  |TAMS 0x0000000729800000| PB 0x0000000729800000| Untracked 
| 333|0x0000000729a00000, 0x0000000729a00000, 0x0000000729c00000|  0%| F|  |TAMS 0x0000000729a00000| PB 0x0000000729a00000| Untracked 
| 334|0x0000000729c00000, 0x0000000729e00000, 0x0000000729e00000|100%| O|  |TAMS 0x0000000729c00000| PB 0x0000000729c00000| Untracked 
| 335|0x0000000729e00000, 0x0000000729e00000, 0x000000072a000000|  0%| F|  |TAMS 0x0000000729e00000| PB 0x0000000729e00000| Untracked 
| 336|0x000000072a000000, 0x000000072a000000, 0x000000072a200000|  0%| F|  |TAMS 0x000000072a000000| PB 0x000000072a000000| Untracked 
| 337|0x000000072a200000, 0x000000072a400000, 0x000000072a400000|100%| O|  |TAMS 0x000000072a200000| PB 0x000000072a200000| Untracked 
| 338|0x000000072a400000, 0x000000072a600000, 0x000000072a600000|100%| O|  |TAMS 0x000000072a400000| PB 0x000000072a400000| Untracked 
| 339|0x000000072a600000, 0x000000072a800000, 0x000000072a800000|100%| O|  |TAMS 0x000000072a600000| PB 0x000000072a600000| Untracked 
| 340|0x000000072a800000, 0x000000072aa00000, 0x000000072aa00000|100%| O|  |TAMS 0x000000072a800000| PB 0x000000072a800000| Untracked 
| 341|0x000000072aa00000, 0x000000072ac00000, 0x000000072ac00000|100%| O|  |TAMS 0x000000072aa00000| PB 0x000000072aa00000| Untracked 
| 342|0x000000072ac00000, 0x000000072ae00000, 0x000000072ae00000|100%| O|  |TAMS 0x000000072ac00000| PB 0x000000072ac00000| Untracked 
| 343|0x000000072ae00000, 0x000000072b000000, 0x000000072b000000|100%| O|  |TAMS 0x000000072ae00000| PB 0x000000072ae00000| Untracked 
| 344|0x000000072b000000, 0x000000072b200000, 0x000000072b200000|100%|HS|  |TAMS 0x000000072b000000| PB 0x000000072b000000| Complete 
| 345|0x000000072b200000, 0x000000072b400000, 0x000000072b400000|100%| O|  |TAMS 0x000000072b200000| PB 0x000000072b200000| Untracked 
| 346|0x000000072b400000, 0x000000072b600000, 0x000000072b600000|100%|HS|  |TAMS 0x000000072b400000| PB 0x000000072b400000| Complete 
| 347|0x000000072b600000, 0x000000072b600000, 0x000000072b800000|  0%| F|  |TAMS 0x000000072b600000| PB 0x000000072b600000| Untracked 
| 348|0x000000072b800000, 0x000000072b961ca0, 0x000000072ba00000| 69%| O|  |TAMS 0x000000072b800000| PB 0x000000072b800000| Untracked 
| 349|0x000000072ba00000, 0x000000072bc00000, 0x000000072bc00000|100%| O|  |TAMS 0x000000072ba00000| PB 0x000000072ba00000| Untracked 
| 350|0x000000072bc00000, 0x000000072be00000, 0x000000072be00000|100%| O|  |TAMS 0x000000072bc00000| PB 0x000000072bc00000| Untracked 
| 351|0x000000072be00000, 0x000000072c000000, 0x000000072c000000|100%|HS|  |TAMS 0x000000072be00000| PB 0x000000072be00000| Complete 
| 352|0x000000072c000000, 0x000000072c200000, 0x000000072c200000|100%|HC|  |TAMS 0x000000072c000000| PB 0x000000072c000000| Complete 
| 353|0x000000072c200000, 0x000000072c400000, 0x000000072c400000|100%|HS|  |TAMS 0x000000072c200000| PB 0x000000072c200000| Complete 
| 354|0x000000072c400000, 0x000000072c600000, 0x000000072c600000|100%| O|  |TAMS 0x000000072c400000| PB 0x000000072c400000| Untracked 
| 355|0x000000072c600000, 0x000000072c800000, 0x000000072c800000|100%| O|  |TAMS 0x000000072c600000| PB 0x000000072c600000| Untracked 
| 356|0x000000072c800000, 0x000000072ca00000, 0x000000072ca00000|100%| O|  |TAMS 0x000000072c800000| PB 0x000000072c800000| Untracked 
| 357|0x000000072ca00000, 0x000000072cc00000, 0x000000072cc00000|100%| O|  |TAMS 0x000000072ca00000| PB 0x000000072ca00000| Untracked 
| 358|0x000000072cc00000, 0x000000072ce00000, 0x000000072ce00000|100%| O|  |TAMS 0x000000072cc00000| PB 0x000000072cc00000| Untracked 
| 359|0x000000072ce00000, 0x000000072d000000, 0x000000072d000000|100%| O|  |TAMS 0x000000072ce00000| PB 0x000000072ce00000| Untracked 
| 360|0x000000072d000000, 0x000000072d200000, 0x000000072d200000|100%| O|  |TAMS 0x000000072d000000| PB 0x000000072d000000| Untracked 
| 361|0x000000072d200000, 0x000000072d400000, 0x000000072d400000|100%|HS|  |TAMS 0x000000072d200000| PB 0x000000072d200000| Complete 
| 362|0x000000072d400000, 0x000000072d600000, 0x000000072d600000|100%| O|  |TAMS 0x000000072d400000| PB 0x000000072d400000| Untracked 
| 363|0x000000072d600000, 0x000000072d800000, 0x000000072d800000|100%| O|  |TAMS 0x000000072d600000| PB 0x000000072d600000| Untracked 
| 364|0x000000072d800000, 0x000000072da00000, 0x000000072da00000|100%|HS|  |TAMS 0x000000072d800000| PB 0x000000072d800000| Complete 
| 365|0x000000072da00000, 0x000000072dc00000, 0x000000072dc00000|100%| O|  |TAMS 0x000000072da00000| PB 0x000000072da00000| Untracked 
| 366|0x000000072dc00000, 0x000000072de00000, 0x000000072de00000|100%| O|  |TAMS 0x000000072dc00000| PB 0x000000072dc00000| Untracked 
| 367|0x000000072de00000, 0x000000072df4ca88, 0x000000072e000000| 64%| O|  |TAMS 0x000000072de00000| PB 0x000000072de00000| Untracked 
| 368|0x000000072e000000, 0x000000072e200000, 0x000000072e200000|100%| O|  |TAMS 0x000000072e000000| PB 0x000000072e000000| Untracked 
| 369|0x000000072e200000, 0x000000072e400000, 0x000000072e400000|100%| O|  |TAMS 0x000000072e200000| PB 0x000000072e200000| Untracked 
| 370|0x000000072e400000, 0x000000072e600000, 0x000000072e600000|100%|HS|  |TAMS 0x000000072e400000| PB 0x000000072e400000| Complete 
| 371|0x000000072e600000, 0x000000072e800000, 0x000000072e800000|100%| O|  |TAMS 0x000000072e600000| PB 0x000000072e600000| Untracked 
| 372|0x000000072e800000, 0x000000072ea00000, 0x000000072ea00000|100%| O|  |TAMS 0x000000072e800000| PB 0x000000072e800000| Untracked 
| 373|0x000000072ea00000, 0x000000072ec00000, 0x000000072ec00000|100%| O|  |TAMS 0x000000072ea00000| PB 0x000000072ea00000| Untracked 
| 374|0x000000072ec00000, 0x000000072ee00000, 0x000000072ee00000|100%| O|  |TAMS 0x000000072ec00000| PB 0x000000072ec00000| Untracked 
| 375|0x000000072ee00000, 0x000000072f000000, 0x000000072f000000|100%|HS|  |TAMS 0x000000072ee00000| PB 0x000000072ee00000| Complete 
| 376|0x000000072f000000, 0x000000072f200000, 0x000000072f200000|100%|HC|  |TAMS 0x000000072f000000| PB 0x000000072f000000| Complete 
| 377|0x000000072f200000, 0x000000072f400000, 0x000000072f400000|100%|HC|  |TAMS 0x000000072f200000| PB 0x000000072f200000| Complete 
| 378|0x000000072f400000, 0x000000072f600000, 0x000000072f600000|100%|HS|  |TAMS 0x000000072f400000| PB 0x000000072f400000| Complete 
| 379|0x000000072f600000, 0x000000072f800000, 0x000000072f800000|100%|HC|  |TAMS 0x000000072f600000| PB 0x000000072f600000| Complete 
| 380|0x000000072f800000, 0x000000072fa00000, 0x000000072fa00000|100%|HC|  |TAMS 0x000000072f800000| PB 0x000000072f800000| Complete 
| 381|0x000000072fa00000, 0x000000072fa00000, 0x000000072fc00000|  0%| F|  |TAMS 0x000000072fa00000| PB 0x000000072fa00000| Untracked 
| 382|0x000000072fc00000, 0x000000072fe00000, 0x000000072fe00000|100%| O|  |TAMS 0x000000072fc00000| PB 0x000000072fc00000| Untracked 
| 383|0x000000072fe00000, 0x0000000730000000, 0x0000000730000000|100%|HS|  |TAMS 0x000000072fe00000| PB 0x000000072fe00000| Complete 
| 384|0x0000000730000000, 0x0000000730200000, 0x0000000730200000|100%|HC|  |TAMS 0x0000000730000000| PB 0x0000000730000000| Complete 
| 385|0x0000000730200000, 0x0000000730400000, 0x0000000730400000|100%|HS|  |TAMS 0x0000000730200000| PB 0x0000000730200000| Complete 
| 386|0x0000000730400000, 0x0000000730600000, 0x0000000730600000|100%|HC|  |TAMS 0x0000000730400000| PB 0x0000000730400000| Complete 
| 387|0x0000000730600000, 0x0000000730600000, 0x0000000730800000|  0%| F|  |TAMS 0x0000000730600000| PB 0x0000000730600000| Untracked 
| 388|0x0000000730800000, 0x0000000730a00000, 0x0000000730a00000|100%|HS|  |TAMS 0x0000000730800000| PB 0x0000000730800000| Complete 
| 389|0x0000000730a00000, 0x0000000730a00000, 0x0000000730c00000|  0%| F|  |TAMS 0x0000000730a00000| PB 0x0000000730a00000| Untracked 
| 390|0x0000000730c00000, 0x0000000730e00000, 0x0000000730e00000|100%| O|  |TAMS 0x0000000730c00000| PB 0x0000000730c00000| Untracked 
| 391|0x0000000730e00000, 0x0000000730e00000, 0x0000000731000000|  0%| F|  |TAMS 0x0000000730e00000| PB 0x0000000730e00000| Untracked 
| 392|0x0000000731000000, 0x0000000731000000, 0x0000000731200000|  0%| F|  |TAMS 0x0000000731000000| PB 0x0000000731000000| Untracked 
| 393|0x0000000731200000, 0x0000000731200000, 0x0000000731400000|  0%| F|  |TAMS 0x0000000731200000| PB 0x0000000731200000| Untracked 
| 394|0x0000000731400000, 0x0000000731600000, 0x0000000731600000|100%| O|  |TAMS 0x0000000731400000| PB 0x0000000731400000| Untracked 
| 395|0x0000000731600000, 0x0000000731600000, 0x0000000731800000|  0%| F|  |TAMS 0x0000000731600000| PB 0x0000000731600000| Untracked 
| 396|0x0000000731800000, 0x0000000731a00000, 0x0000000731a00000|100%| O|  |TAMS 0x0000000731800000| PB 0x0000000731800000| Untracked 
| 397|0x0000000731a00000, 0x0000000731c00000, 0x0000000731c00000|100%| O|  |TAMS 0x0000000731a00000| PB 0x0000000731a00000| Untracked 
| 398|0x0000000731c00000, 0x0000000731e00000, 0x0000000731e00000|100%| O|  |TAMS 0x0000000731c00000| PB 0x0000000731c00000| Untracked 
| 399|0x0000000731e00000, 0x0000000732000000, 0x0000000732000000|100%| O|  |TAMS 0x0000000731e00000| PB 0x0000000731e00000| Untracked 
| 400|0x0000000732000000, 0x0000000732200000, 0x0000000732200000|100%| O|  |TAMS 0x0000000732000000| PB 0x0000000732000000| Untracked 
| 401|0x0000000732200000, 0x0000000732400000, 0x0000000732400000|100%| O|  |TAMS 0x0000000732200000| PB 0x0000000732200000| Untracked 
| 402|0x0000000732400000, 0x0000000732600000, 0x0000000732600000|100%| O|  |TAMS 0x0000000732400000| PB 0x0000000732400000| Untracked 
| 403|0x0000000732600000, 0x0000000732600000, 0x0000000732800000|  0%| F|  |TAMS 0x0000000732600000| PB 0x0000000732600000| Untracked 
| 404|0x0000000732800000, 0x0000000732a00000, 0x0000000732a00000|100%| O|  |TAMS 0x0000000732800000| PB 0x0000000732800000| Untracked 
| 405|0x0000000732a00000, 0x0000000732c00000, 0x0000000732c00000|100%| O|  |TAMS 0x0000000732a00000| PB 0x0000000732a00000| Untracked 
| 406|0x0000000732c00000, 0x0000000732e00000, 0x0000000732e00000|100%| O|  |TAMS 0x0000000732c00000| PB 0x0000000732c00000| Untracked 
| 407|0x0000000732e00000, 0x0000000733000000, 0x0000000733000000|100%| O|  |TAMS 0x0000000732e00000| PB 0x0000000732e00000| Untracked 
| 408|0x0000000733000000, 0x0000000733200000, 0x0000000733200000|100%| O|  |TAMS 0x0000000733000000| PB 0x0000000733000000| Untracked 
| 409|0x0000000733200000, 0x0000000733400000, 0x0000000733400000|100%| O|  |TAMS 0x0000000733200000| PB 0x0000000733200000| Untracked 
| 410|0x0000000733400000, 0x0000000733600000, 0x0000000733600000|100%| O|  |TAMS 0x0000000733400000| PB 0x0000000733400000| Untracked 
| 411|0x0000000733600000, 0x0000000733800000, 0x0000000733800000|100%| O|  |TAMS 0x0000000733600000| PB 0x0000000733600000| Untracked 
| 412|0x0000000733800000, 0x0000000733a00000, 0x0000000733a00000|100%| O|  |TAMS 0x0000000733800000| PB 0x0000000733800000| Untracked 
| 413|0x0000000733a00000, 0x0000000733c00000, 0x0000000733c00000|100%| O|  |TAMS 0x0000000733a00000| PB 0x0000000733a00000| Untracked 
| 414|0x0000000733c00000, 0x0000000733e00000, 0x0000000733e00000|100%| O|  |TAMS 0x0000000733c00000| PB 0x0000000733c00000| Untracked 
| 415|0x0000000733e00000, 0x0000000734000000, 0x0000000734000000|100%| O|  |TAMS 0x0000000733e00000| PB 0x0000000733e00000| Untracked 
| 416|0x0000000734000000, 0x0000000734200000, 0x0000000734200000|100%| O|  |TAMS 0x0000000734000000| PB 0x0000000734000000| Untracked 
| 417|0x0000000734200000, 0x0000000734400000, 0x0000000734400000|100%| O|  |TAMS 0x0000000734200000| PB 0x0000000734200000| Untracked 
| 418|0x0000000734400000, 0x0000000734600000, 0x0000000734600000|100%| O|  |TAMS 0x0000000734400000| PB 0x0000000734400000| Untracked 
| 419|0x0000000734600000, 0x0000000734600000, 0x0000000734800000|  0%| F|  |TAMS 0x0000000734600000| PB 0x0000000734600000| Untracked 
| 420|0x0000000734800000, 0x0000000734800000, 0x0000000734a00000|  0%| F|  |TAMS 0x0000000734800000| PB 0x0000000734800000| Untracked 
| 421|0x0000000734a00000, 0x0000000734c00000, 0x0000000734c00000|100%| O|  |TAMS 0x0000000734a00000| PB 0x0000000734a00000| Untracked 
| 422|0x0000000734c00000, 0x0000000734c00000, 0x0000000734e00000|  0%| F|  |TAMS 0x0000000734c00000| PB 0x0000000734c00000| Untracked 
| 423|0x0000000734e00000, 0x0000000734e00000, 0x0000000735000000|  0%| F|  |TAMS 0x0000000734e00000| PB 0x0000000734e00000| Untracked 
| 424|0x0000000735000000, 0x0000000735000000, 0x0000000735200000|  0%| F|  |TAMS 0x0000000735000000| PB 0x0000000735000000| Untracked 
| 425|0x0000000735200000, 0x0000000735400000, 0x0000000735400000|100%| O|  |TAMS 0x0000000735200000| PB 0x0000000735200000| Untracked 
| 426|0x0000000735400000, 0x0000000735400000, 0x0000000735600000|  0%| F|  |TAMS 0x0000000735400000| PB 0x0000000735400000| Untracked 
| 427|0x0000000735600000, 0x0000000735800000, 0x0000000735800000|100%| O|  |TAMS 0x0000000735600000| PB 0x0000000735600000| Untracked 
| 428|0x0000000735800000, 0x0000000735a00000, 0x0000000735a00000|100%| O|  |TAMS 0x0000000735800000| PB 0x0000000735800000| Untracked 
| 429|0x0000000735a00000, 0x0000000735c00000, 0x0000000735c00000|100%| O|  |TAMS 0x0000000735a00000| PB 0x0000000735a00000| Untracked 
| 430|0x0000000735c00000, 0x0000000735c00000, 0x0000000735e00000|  0%| F|  |TAMS 0x0000000735c00000| PB 0x0000000735c00000| Untracked 
| 431|0x0000000735e00000, 0x0000000735e00000, 0x0000000736000000|  0%| F|  |TAMS 0x0000000735e00000| PB 0x0000000735e00000| Untracked 
| 432|0x0000000736000000, 0x0000000736200000, 0x0000000736200000|100%| O|  |TAMS 0x0000000736000000| PB 0x0000000736000000| Untracked 
| 433|0x0000000736200000, 0x0000000736400000, 0x0000000736400000|100%| O|  |TAMS 0x0000000736200000| PB 0x0000000736200000| Untracked 
| 434|0x0000000736400000, 0x0000000736600000, 0x0000000736600000|100%| O|  |TAMS 0x0000000736400000| PB 0x0000000736400000| Untracked 
| 435|0x0000000736600000, 0x0000000736800000, 0x0000000736800000|100%| O|  |TAMS 0x0000000736600000| PB 0x0000000736600000| Untracked 
| 436|0x0000000736800000, 0x0000000736a00000, 0x0000000736a00000|100%| O|  |TAMS 0x0000000736800000| PB 0x0000000736800000| Untracked 
| 437|0x0000000736a00000, 0x0000000736c00000, 0x0000000736c00000|100%| O|  |TAMS 0x0000000736a00000| PB 0x0000000736a00000| Untracked 
| 438|0x0000000736c00000, 0x0000000736e00000, 0x0000000736e00000|100%| O|  |TAMS 0x0000000736c00000| PB 0x0000000736c00000| Untracked 
| 439|0x0000000736e00000, 0x0000000737000000, 0x0000000737000000|100%| O|  |TAMS 0x0000000736e00000| PB 0x0000000736e00000| Untracked 
| 440|0x0000000737000000, 0x0000000737200000, 0x0000000737200000|100%| O|  |TAMS 0x0000000737000000| PB 0x0000000737000000| Untracked 
| 441|0x0000000737200000, 0x0000000737400000, 0x0000000737400000|100%| O|  |TAMS 0x0000000737200000| PB 0x0000000737200000| Untracked 
| 442|0x0000000737400000, 0x0000000737400000, 0x0000000737600000|  0%| F|  |TAMS 0x0000000737400000| PB 0x0000000737400000| Untracked 
| 443|0x0000000737600000, 0x0000000737600000, 0x0000000737800000|  0%| F|  |TAMS 0x0000000737600000| PB 0x0000000737600000| Untracked 
| 444|0x0000000737800000, 0x0000000737a00000, 0x0000000737a00000|100%| O|  |TAMS 0x0000000737800000| PB 0x0000000737800000| Untracked 
| 445|0x0000000737a00000, 0x0000000737a00000, 0x0000000737c00000|  0%| F|  |TAMS 0x0000000737a00000| PB 0x0000000737a00000| Untracked 
| 446|0x0000000737c00000, 0x0000000737c00000, 0x0000000737e00000|  0%| F|  |TAMS 0x0000000737c00000| PB 0x0000000737c00000| Untracked 
| 447|0x0000000737e00000, 0x0000000737e00000, 0x0000000738000000|  0%| F|  |TAMS 0x0000000737e00000| PB 0x0000000737e00000| Untracked 
| 448|0x0000000738000000, 0x0000000738000000, 0x0000000738200000|  0%| F|  |TAMS 0x0000000738000000| PB 0x0000000738000000| Untracked 
| 449|0x0000000738200000, 0x0000000738400000, 0x0000000738400000|100%| O|  |TAMS 0x0000000738200000| PB 0x0000000738200000| Untracked 
| 450|0x0000000738400000, 0x0000000738400000, 0x0000000738600000|  0%| F|  |TAMS 0x0000000738400000| PB 0x0000000738400000| Untracked 
| 451|0x0000000738600000, 0x0000000738600000, 0x0000000738800000|  0%| F|  |TAMS 0x0000000738600000| PB 0x0000000738600000| Untracked 
| 452|0x0000000738800000, 0x0000000738800000, 0x0000000738a00000|  0%| F|  |TAMS 0x0000000738800000| PB 0x0000000738800000| Untracked 
| 453|0x0000000738a00000, 0x0000000738a00000, 0x0000000738c00000|  0%| F|  |TAMS 0x0000000738a00000| PB 0x0000000738a00000| Untracked 
| 454|0x0000000738c00000, 0x0000000738c00000, 0x0000000738e00000|  0%| F|  |TAMS 0x0000000738c00000| PB 0x0000000738c00000| Untracked 
| 455|0x0000000738e00000, 0x0000000738e00000, 0x0000000739000000|  0%| F|  |TAMS 0x0000000738e00000| PB 0x0000000738e00000| Untracked 
| 456|0x0000000739000000, 0x0000000739000000, 0x0000000739200000|  0%| F|  |TAMS 0x0000000739000000| PB 0x0000000739000000| Untracked 
| 457|0x0000000739200000, 0x0000000739200000, 0x0000000739400000|  0%| F|  |TAMS 0x0000000739200000| PB 0x0000000739200000| Untracked 
| 458|0x0000000739400000, 0x0000000739400000, 0x0000000739600000|  0%| F|  |TAMS 0x0000000739400000| PB 0x0000000739400000| Untracked 
| 459|0x0000000739600000, 0x0000000739600000, 0x0000000739800000|  0%| F|  |TAMS 0x0000000739600000| PB 0x0000000739600000| Untracked 
| 460|0x0000000739800000, 0x0000000739800000, 0x0000000739a00000|  0%| F|  |TAMS 0x0000000739800000| PB 0x0000000739800000| Untracked 
| 461|0x0000000739a00000, 0x0000000739c00000, 0x0000000739c00000|100%| O|  |TAMS 0x0000000739a00000| PB 0x0000000739a00000| Untracked 
| 462|0x0000000739c00000, 0x0000000739e00000, 0x0000000739e00000|100%| O|  |TAMS 0x0000000739c00000| PB 0x0000000739c00000| Untracked 
| 463|0x0000000739e00000, 0x0000000739e00000, 0x000000073a000000|  0%| F|  |TAMS 0x0000000739e00000| PB 0x0000000739e00000| Untracked 
| 464|0x000000073a000000, 0x000000073a000000, 0x000000073a200000|  0%| F|  |TAMS 0x000000073a000000| PB 0x000000073a000000| Untracked 
| 465|0x000000073a200000, 0x000000073a200000, 0x000000073a400000|  0%| F|  |TAMS 0x000000073a200000| PB 0x000000073a200000| Untracked 
| 466|0x000000073a400000, 0x000000073a400000, 0x000000073a600000|  0%| F|  |TAMS 0x000000073a400000| PB 0x000000073a400000| Untracked 
| 467|0x000000073a600000, 0x000000073a600000, 0x000000073a800000|  0%| F|  |TAMS 0x000000073a600000| PB 0x000000073a600000| Untracked 
| 468|0x000000073a800000, 0x000000073a800000, 0x000000073aa00000|  0%| F|  |TAMS 0x000000073a800000| PB 0x000000073a800000| Untracked 
| 469|0x000000073aa00000, 0x000000073aa00000, 0x000000073ac00000|  0%| F|  |TAMS 0x000000073aa00000| PB 0x000000073aa00000| Untracked 
| 470|0x000000073ac00000, 0x000000073ac00000, 0x000000073ae00000|  0%| F|  |TAMS 0x000000073ac00000| PB 0x000000073ac00000| Untracked 
| 471|0x000000073ae00000, 0x000000073ae00000, 0x000000073b000000|  0%| F|  |TAMS 0x000000073ae00000| PB 0x000000073ae00000| Untracked 
| 472|0x000000073b000000, 0x000000073b200000, 0x000000073b200000|100%| O|  |TAMS 0x000000073b000000| PB 0x000000073b000000| Untracked 
| 473|0x000000073b200000, 0x000000073b200000, 0x000000073b400000|  0%| F|  |TAMS 0x000000073b200000| PB 0x000000073b200000| Untracked 
| 474|0x000000073b400000, 0x000000073b400000, 0x000000073b600000|  0%| F|  |TAMS 0x000000073b400000| PB 0x000000073b400000| Untracked 
| 475|0x000000073b600000, 0x000000073b600000, 0x000000073b800000|  0%| F|  |TAMS 0x000000073b600000| PB 0x000000073b600000| Untracked 
| 476|0x000000073b800000, 0x000000073b800000, 0x000000073ba00000|  0%| F|  |TAMS 0x000000073b800000| PB 0x000000073b800000| Untracked 
| 477|0x000000073ba00000, 0x000000073bc00000, 0x000000073bc00000|100%| O|  |TAMS 0x000000073ba00000| PB 0x000000073ba00000| Untracked 
| 478|0x000000073bc00000, 0x000000073bc00000, 0x000000073be00000|  0%| F|  |TAMS 0x000000073bc00000| PB 0x000000073bc00000| Untracked 
| 479|0x000000073be00000, 0x000000073be00000, 0x000000073c000000|  0%| F|  |TAMS 0x000000073be00000| PB 0x000000073be00000| Untracked 
| 480|0x000000073c000000, 0x000000073c000000, 0x000000073c200000|  0%| F|  |TAMS 0x000000073c000000| PB 0x000000073c000000| Untracked 
| 481|0x000000073c200000, 0x000000073c200000, 0x000000073c400000|  0%| F|  |TAMS 0x000000073c200000| PB 0x000000073c200000| Untracked 
| 482|0x000000073c400000, 0x000000073c600000, 0x000000073c600000|100%| O|  |TAMS 0x000000073c400000| PB 0x000000073c400000| Untracked 
| 483|0x000000073c600000, 0x000000073c800000, 0x000000073c800000|100%| O|  |TAMS 0x000000073c600000| PB 0x000000073c600000| Untracked 
| 484|0x000000073c800000, 0x000000073ca00000, 0x000000073ca00000|100%| O|  |TAMS 0x000000073c800000| PB 0x000000073c800000| Untracked 
| 485|0x000000073ca00000, 0x000000073ca00000, 0x000000073cc00000|  0%| F|  |TAMS 0x000000073ca00000| PB 0x000000073ca00000| Untracked 
| 486|0x000000073cc00000, 0x000000073ce00000, 0x000000073ce00000|100%| O|  |TAMS 0x000000073cc00000| PB 0x000000073cc00000| Untracked 
| 487|0x000000073ce00000, 0x000000073d000000, 0x000000073d000000|100%| O|  |TAMS 0x000000073ce00000| PB 0x000000073ce00000| Untracked 
| 488|0x000000073d000000, 0x000000073d000000, 0x000000073d200000|  0%| F|  |TAMS 0x000000073d000000| PB 0x000000073d000000| Untracked 
| 489|0x000000073d200000, 0x000000073d200000, 0x000000073d400000|  0%| F|  |TAMS 0x000000073d200000| PB 0x000000073d200000| Untracked 
| 490|0x000000073d400000, 0x000000073d400000, 0x000000073d600000|  0%| F|  |TAMS 0x000000073d400000| PB 0x000000073d400000| Untracked 
| 491|0x000000073d600000, 0x000000073d800000, 0x000000073d800000|100%| O|  |TAMS 0x000000073d600000| PB 0x000000073d600000| Untracked 
| 492|0x000000073d800000, 0x000000073d800000, 0x000000073da00000|  0%| F|  |TAMS 0x000000073d800000| PB 0x000000073d800000| Untracked 
| 493|0x000000073da00000, 0x000000073da00000, 0x000000073dc00000|  0%| F|  |TAMS 0x000000073da00000| PB 0x000000073da00000| Untracked 
| 494|0x000000073dc00000, 0x000000073dc00000, 0x000000073de00000|  0%| F|  |TAMS 0x000000073dc00000| PB 0x000000073dc00000| Untracked 
| 495|0x000000073de00000, 0x000000073de00000, 0x000000073e000000|  0%| F|  |TAMS 0x000000073de00000| PB 0x000000073de00000| Untracked 
| 496|0x000000073e000000, 0x000000073e000000, 0x000000073e200000|  0%| F|  |TAMS 0x000000073e000000| PB 0x000000073e000000| Untracked 
| 497|0x000000073e200000, 0x000000073e200000, 0x000000073e400000|  0%| F|  |TAMS 0x000000073e200000| PB 0x000000073e200000| Untracked 
| 498|0x000000073e400000, 0x000000073e400000, 0x000000073e600000|  0%| F|  |TAMS 0x000000073e400000| PB 0x000000073e400000| Untracked 
| 499|0x000000073e600000, 0x000000073e600000, 0x000000073e800000|  0%| F|  |TAMS 0x000000073e600000| PB 0x000000073e600000| Untracked 
| 500|0x000000073e800000, 0x000000073e800000, 0x000000073ea00000|  0%| F|  |TAMS 0x000000073e800000| PB 0x000000073e800000| Untracked 
| 501|0x000000073ea00000, 0x000000073ea00000, 0x000000073ec00000|  0%| F|  |TAMS 0x000000073ea00000| PB 0x000000073ea00000| Untracked 
| 502|0x000000073ec00000, 0x000000073ec00000, 0x000000073ee00000|  0%| F|  |TAMS 0x000000073ec00000| PB 0x000000073ec00000| Untracked 
| 503|0x000000073ee00000, 0x000000073ee00000, 0x000000073f000000|  0%| F|  |TAMS 0x000000073ee00000| PB 0x000000073ee00000| Untracked 
| 504|0x000000073f000000, 0x000000073f200000, 0x000000073f200000|100%| O|  |TAMS 0x000000073f000000| PB 0x000000073f000000| Untracked 
| 505|0x000000073f200000, 0x000000073f200000, 0x000000073f400000|  0%| F|  |TAMS 0x000000073f200000| PB 0x000000073f200000| Untracked 
| 506|0x000000073f400000, 0x000000073f400000, 0x000000073f600000|  0%| F|  |TAMS 0x000000073f400000| PB 0x000000073f400000| Untracked 
| 507|0x000000073f600000, 0x000000073f600000, 0x000000073f800000|  0%| F|  |TAMS 0x000000073f600000| PB 0x000000073f600000| Untracked 
| 508|0x000000073f800000, 0x000000073fa00000, 0x000000073fa00000|100%| O|  |TAMS 0x000000073f800000| PB 0x000000073f800000| Untracked 
| 509|0x000000073fa00000, 0x000000073fa00000, 0x000000073fc00000|  0%| F|  |TAMS 0x000000073fa00000| PB 0x000000073fa00000| Untracked 
| 510|0x000000073fc00000, 0x000000073fc00000, 0x000000073fe00000|  0%| F|  |TAMS 0x000000073fc00000| PB 0x000000073fc00000| Untracked 
| 511|0x000000073fe00000, 0x000000073fe00000, 0x0000000740000000|  0%| F|  |TAMS 0x000000073fe00000| PB 0x000000073fe00000| Untracked 
| 512|0x0000000740000000, 0x0000000740000000, 0x0000000740200000|  0%| F|  |TAMS 0x0000000740000000| PB 0x0000000740000000| Untracked 
| 513|0x0000000740200000, 0x0000000740400000, 0x0000000740400000|100%| O|  |TAMS 0x0000000740200000| PB 0x0000000740200000| Untracked 
| 514|0x0000000740400000, 0x0000000740400000, 0x0000000740600000|  0%| F|  |TAMS 0x0000000740400000| PB 0x0000000740400000| Untracked 
| 515|0x0000000740600000, 0x0000000740600000, 0x0000000740800000|  0%| F|  |TAMS 0x0000000740600000| PB 0x0000000740600000| Untracked 
| 516|0x0000000740800000, 0x0000000740800000, 0x0000000740a00000|  0%| F|  |TAMS 0x0000000740800000| PB 0x0000000740800000| Untracked 
| 517|0x0000000740a00000, 0x0000000740a00000, 0x0000000740c00000|  0%| F|  |TAMS 0x0000000740a00000| PB 0x0000000740a00000| Untracked 
| 518|0x0000000740c00000, 0x0000000740c00000, 0x0000000740e00000|  0%| F|  |TAMS 0x0000000740c00000| PB 0x0000000740c00000| Untracked 
| 519|0x0000000740e00000, 0x0000000740e00000, 0x0000000741000000|  0%| F|  |TAMS 0x0000000740e00000| PB 0x0000000740e00000| Untracked 
| 520|0x0000000741000000, 0x0000000741000000, 0x0000000741200000|  0%| F|  |TAMS 0x0000000741000000| PB 0x0000000741000000| Untracked 
| 521|0x0000000741200000, 0x0000000741400000, 0x0000000741400000|100%| O|  |TAMS 0x0000000741200000| PB 0x0000000741200000| Untracked 
| 522|0x0000000741400000, 0x0000000741600000, 0x0000000741600000|100%| O|  |TAMS 0x0000000741400000| PB 0x0000000741400000| Untracked 
| 523|0x0000000741600000, 0x0000000741800000, 0x0000000741800000|100%| O|  |TAMS 0x0000000741600000| PB 0x0000000741600000| Untracked 
| 524|0x0000000741800000, 0x0000000741a00000, 0x0000000741a00000|100%| O|  |TAMS 0x0000000741800000| PB 0x0000000741800000| Untracked 
| 525|0x0000000741a00000, 0x0000000741a00000, 0x0000000741c00000|  0%| F|  |TAMS 0x0000000741a00000| PB 0x0000000741a00000| Untracked 
| 526|0x0000000741c00000, 0x0000000741c00000, 0x0000000741e00000|  0%| F|  |TAMS 0x0000000741c00000| PB 0x0000000741c00000| Untracked 
| 527|0x0000000741e00000, 0x0000000741e00000, 0x0000000742000000|  0%| F|  |TAMS 0x0000000741e00000| PB 0x0000000741e00000| Untracked 
| 528|0x0000000742000000, 0x0000000742000000, 0x0000000742200000|  0%| F|  |TAMS 0x0000000742000000| PB 0x0000000742000000| Untracked 
| 529|0x0000000742200000, 0x0000000742200000, 0x0000000742400000|  0%| F|  |TAMS 0x0000000742200000| PB 0x0000000742200000| Untracked 
| 530|0x0000000742400000, 0x0000000742400000, 0x0000000742600000|  0%| F|  |TAMS 0x0000000742400000| PB 0x0000000742400000| Untracked 
| 531|0x0000000742600000, 0x0000000742600000, 0x0000000742800000|  0%| F|  |TAMS 0x0000000742600000| PB 0x0000000742600000| Untracked 
| 532|0x0000000742800000, 0x0000000742800000, 0x0000000742a00000|  0%| F|  |TAMS 0x0000000742800000| PB 0x0000000742800000| Untracked 
| 533|0x0000000742a00000, 0x0000000742a00000, 0x0000000742c00000|  0%| F|  |TAMS 0x0000000742a00000| PB 0x0000000742a00000| Untracked 
| 534|0x0000000742c00000, 0x0000000742c00000, 0x0000000742e00000|  0%| F|  |TAMS 0x0000000742c00000| PB 0x0000000742c00000| Untracked 
| 535|0x0000000742e00000, 0x0000000742e00000, 0x0000000743000000|  0%| F|  |TAMS 0x0000000742e00000| PB 0x0000000742e00000| Untracked 
| 536|0x0000000743000000, 0x0000000743000000, 0x0000000743200000|  0%| F|  |TAMS 0x0000000743000000| PB 0x0000000743000000| Untracked 
| 537|0x0000000743200000, 0x0000000743200000, 0x0000000743400000|  0%| F|  |TAMS 0x0000000743200000| PB 0x0000000743200000| Untracked 
| 538|0x0000000743400000, 0x0000000743400000, 0x0000000743600000|  0%| F|  |TAMS 0x0000000743400000| PB 0x0000000743400000| Untracked 
| 539|0x0000000743600000, 0x0000000743800000, 0x0000000743800000|100%| O|  |TAMS 0x0000000743600000| PB 0x0000000743600000| Untracked 
| 540|0x0000000743800000, 0x0000000743800000, 0x0000000743a00000|  0%| F|  |TAMS 0x0000000743800000| PB 0x0000000743800000| Untracked 
| 541|0x0000000743a00000, 0x0000000743c00000, 0x0000000743c00000|100%| O|  |TAMS 0x0000000743a00000| PB 0x0000000743a00000| Untracked 
| 542|0x0000000743c00000, 0x0000000743e00000, 0x0000000743e00000|100%| O|  |TAMS 0x0000000743c00000| PB 0x0000000743c00000| Untracked 
| 543|0x0000000743e00000, 0x0000000744000000, 0x0000000744000000|100%| O|  |TAMS 0x0000000743e00000| PB 0x0000000743e00000| Untracked 
| 544|0x0000000744000000, 0x0000000744000000, 0x0000000744200000|  0%| F|  |TAMS 0x0000000744000000| PB 0x0000000744000000| Untracked 
| 545|0x0000000744200000, 0x0000000744200000, 0x0000000744400000|  0%| F|  |TAMS 0x0000000744200000| PB 0x0000000744200000| Untracked 
| 546|0x0000000744400000, 0x0000000744600000, 0x0000000744600000|100%| O|  |TAMS 0x0000000744400000| PB 0x0000000744400000| Untracked 
| 547|0x0000000744600000, 0x0000000744600000, 0x0000000744800000|  0%| F|  |TAMS 0x0000000744600000| PB 0x0000000744600000| Untracked 
| 548|0x0000000744800000, 0x0000000744800000, 0x0000000744a00000|  0%| F|  |TAMS 0x0000000744800000| PB 0x0000000744800000| Untracked 
| 549|0x0000000744a00000, 0x0000000744c00000, 0x0000000744c00000|100%| O|  |TAMS 0x0000000744a00000| PB 0x0000000744a00000| Untracked 
| 550|0x0000000744c00000, 0x0000000744e00000, 0x0000000744e00000|100%| O|  |TAMS 0x0000000744c00000| PB 0x0000000744c00000| Untracked 
| 551|0x0000000744e00000, 0x0000000745000000, 0x0000000745000000|100%| O|  |TAMS 0x0000000744e00000| PB 0x0000000744e00000| Untracked 
| 552|0x0000000745000000, 0x0000000745000000, 0x0000000745200000|  0%| F|  |TAMS 0x0000000745000000| PB 0x0000000745000000| Untracked 
| 553|0x0000000745200000, 0x0000000745200000, 0x0000000745400000|  0%| F|  |TAMS 0x0000000745200000| PB 0x0000000745200000| Untracked 
| 554|0x0000000745400000, 0x0000000745400000, 0x0000000745600000|  0%| F|  |TAMS 0x0000000745400000| PB 0x0000000745400000| Untracked 
| 555|0x0000000745600000, 0x0000000745800000, 0x0000000745800000|100%| O|  |TAMS 0x0000000745600000| PB 0x0000000745600000| Untracked 
| 556|0x0000000745800000, 0x0000000745a00000, 0x0000000745a00000|100%| O|  |TAMS 0x0000000745800000| PB 0x0000000745800000| Untracked 
| 557|0x0000000745a00000, 0x0000000745c00000, 0x0000000745c00000|100%| O|  |TAMS 0x0000000745a00000| PB 0x0000000745a00000| Untracked 
| 558|0x0000000745c00000, 0x0000000745e00000, 0x0000000745e00000|100%| O|  |TAMS 0x0000000745c00000| PB 0x0000000745c00000| Untracked 
| 559|0x0000000745e00000, 0x0000000746000000, 0x0000000746000000|100%| O|  |TAMS 0x0000000745e00000| PB 0x0000000745e00000| Untracked 
| 560|0x0000000746000000, 0x0000000746000000, 0x0000000746200000|  0%| F|  |TAMS 0x0000000746000000| PB 0x0000000746000000| Untracked 
| 561|0x0000000746200000, 0x0000000746200000, 0x0000000746400000|  0%| F|  |TAMS 0x0000000746200000| PB 0x0000000746200000| Untracked 
| 562|0x0000000746400000, 0x0000000746600000, 0x0000000746600000|100%| O|  |TAMS 0x0000000746400000| PB 0x0000000746400000| Untracked 
| 563|0x0000000746600000, 0x0000000746600000, 0x0000000746800000|  0%| F|  |TAMS 0x0000000746600000| PB 0x0000000746600000| Untracked 
| 564|0x0000000746800000, 0x0000000746a00000, 0x0000000746a00000|100%| O|  |TAMS 0x0000000746800000| PB 0x0000000746800000| Untracked 
| 565|0x0000000746a00000, 0x0000000746c00000, 0x0000000746c00000|100%| O|  |TAMS 0x0000000746a00000| PB 0x0000000746a00000| Untracked 
| 566|0x0000000746c00000, 0x0000000746c00000, 0x0000000746e00000|  0%| F|  |TAMS 0x0000000746c00000| PB 0x0000000746c00000| Untracked 
| 567|0x0000000746e00000, 0x0000000747000000, 0x0000000747000000|100%| O|  |TAMS 0x0000000746e00000| PB 0x0000000746e00000| Untracked 
| 568|0x0000000747000000, 0x0000000747000000, 0x0000000747200000|  0%| F|  |TAMS 0x0000000747000000| PB 0x0000000747000000| Untracked 
| 569|0x0000000747200000, 0x0000000747200000, 0x0000000747400000|  0%| F|  |TAMS 0x0000000747200000| PB 0x0000000747200000| Untracked 
| 570|0x0000000747400000, 0x0000000747400000, 0x0000000747600000|  0%| F|  |TAMS 0x0000000747400000| PB 0x0000000747400000| Untracked 
| 571|0x0000000747600000, 0x0000000747600000, 0x0000000747800000|  0%| F|  |TAMS 0x0000000747600000| PB 0x0000000747600000| Untracked 
| 572|0x0000000747800000, 0x0000000747800000, 0x0000000747a00000|  0%| F|  |TAMS 0x0000000747800000| PB 0x0000000747800000| Untracked 
| 573|0x0000000747a00000, 0x0000000747a00000, 0x0000000747c00000|  0%| F|  |TAMS 0x0000000747a00000| PB 0x0000000747a00000| Untracked 
| 574|0x0000000747c00000, 0x0000000747c00000, 0x0000000747e00000|  0%| F|  |TAMS 0x0000000747c00000| PB 0x0000000747c00000| Untracked 
| 575|0x0000000747e00000, 0x0000000747e00000, 0x0000000748000000|  0%| F|  |TAMS 0x0000000747e00000| PB 0x0000000747e00000| Untracked 
| 576|0x0000000748000000, 0x0000000748200000, 0x0000000748200000|100%| O|  |TAMS 0x0000000748000000| PB 0x0000000748000000| Untracked 
| 577|0x0000000748200000, 0x0000000748200000, 0x0000000748400000|  0%| F|  |TAMS 0x0000000748200000| PB 0x0000000748200000| Untracked 
| 578|0x0000000748400000, 0x0000000748400000, 0x0000000748600000|  0%| F|  |TAMS 0x0000000748400000| PB 0x0000000748400000| Untracked 
| 579|0x0000000748600000, 0x0000000748600000, 0x0000000748800000|  0%| F|  |TAMS 0x0000000748600000| PB 0x0000000748600000| Untracked 
| 580|0x0000000748800000, 0x0000000748800000, 0x0000000748a00000|  0%| F|  |TAMS 0x0000000748800000| PB 0x0000000748800000| Untracked 
| 581|0x0000000748a00000, 0x0000000748c00000, 0x0000000748c00000|100%| O|  |TAMS 0x0000000748a00000| PB 0x0000000748a00000| Untracked 
| 582|0x0000000748c00000, 0x0000000748e00000, 0x0000000748e00000|100%| O|  |TAMS 0x0000000748c00000| PB 0x0000000748c00000| Untracked 
| 583|0x0000000748e00000, 0x0000000748e00000, 0x0000000749000000|  0%| F|  |TAMS 0x0000000748e00000| PB 0x0000000748e00000| Untracked 
| 584|0x0000000749000000, 0x0000000749000000, 0x0000000749200000|  0%| F|  |TAMS 0x0000000749000000| PB 0x0000000749000000| Untracked 
| 585|0x0000000749200000, 0x0000000749400000, 0x0000000749400000|100%| O|  |TAMS 0x0000000749200000| PB 0x0000000749200000| Untracked 
| 586|0x0000000749400000, 0x0000000749400000, 0x0000000749600000|  0%| F|  |TAMS 0x0000000749400000| PB 0x0000000749400000| Untracked 
| 587|0x0000000749600000, 0x0000000749600000, 0x0000000749800000|  0%| F|  |TAMS 0x0000000749600000| PB 0x0000000749600000| Untracked 
| 588|0x0000000749800000, 0x0000000749800000, 0x0000000749a00000|  0%| F|  |TAMS 0x0000000749800000| PB 0x0000000749800000| Untracked 
| 589|0x0000000749a00000, 0x0000000749a00000, 0x0000000749c00000|  0%| F|  |TAMS 0x0000000749a00000| PB 0x0000000749a00000| Untracked 
| 590|0x0000000749c00000, 0x0000000749e00000, 0x0000000749e00000|100%| O|  |TAMS 0x0000000749c00000| PB 0x0000000749c00000| Untracked 
| 591|0x0000000749e00000, 0x0000000749e00000, 0x000000074a000000|  0%| F|  |TAMS 0x0000000749e00000| PB 0x0000000749e00000| Untracked 
| 592|0x000000074a000000, 0x000000074a000000, 0x000000074a200000|  0%| F|  |TAMS 0x000000074a000000| PB 0x000000074a000000| Untracked 
| 593|0x000000074a200000, 0x000000074a400000, 0x000000074a400000|100%| O|  |TAMS 0x000000074a200000| PB 0x000000074a200000| Untracked 
| 594|0x000000074a400000, 0x000000074a400000, 0x000000074a600000|  0%| F|  |TAMS 0x000000074a400000| PB 0x000000074a400000| Untracked 
| 595|0x000000074a600000, 0x000000074a800000, 0x000000074a800000|100%| O|  |TAMS 0x000000074a600000| PB 0x000000074a600000| Untracked 
| 596|0x000000074a800000, 0x000000074aa00000, 0x000000074aa00000|100%| O|  |TAMS 0x000000074a800000| PB 0x000000074a800000| Untracked 
| 597|0x000000074aa00000, 0x000000074aa00000, 0x000000074ac00000|  0%| F|  |TAMS 0x000000074aa00000| PB 0x000000074aa00000| Untracked 
| 598|0x000000074ac00000, 0x000000074ae00000, 0x000000074ae00000|100%| O|  |TAMS 0x000000074ac00000| PB 0x000000074ac00000| Untracked 
| 599|0x000000074ae00000, 0x000000074ae00000, 0x000000074b000000|  0%| F|  |TAMS 0x000000074ae00000| PB 0x000000074ae00000| Untracked 
| 600|0x000000074b000000, 0x000000074b000000, 0x000000074b200000|  0%| F|  |TAMS 0x000000074b000000| PB 0x000000074b000000| Untracked 
| 601|0x000000074b200000, 0x000000074b200000, 0x000000074b400000|  0%| F|  |TAMS 0x000000074b200000| PB 0x000000074b200000| Untracked 
| 602|0x000000074b400000, 0x000000074b600000, 0x000000074b600000|100%| O|  |TAMS 0x000000074b400000| PB 0x000000074b400000| Untracked 
| 603|0x000000074b600000, 0x000000074b800000, 0x000000074b800000|100%|HS|  |TAMS 0x000000074b600000| PB 0x000000074b600000| Complete 
| 604|0x000000074b800000, 0x000000074ba00000, 0x000000074ba00000|100%| O|  |TAMS 0x000000074b800000| PB 0x000000074b800000| Untracked 
| 605|0x000000074ba00000, 0x000000074bc00000, 0x000000074bc00000|100%| O|  |TAMS 0x000000074ba00000| PB 0x000000074ba00000| Untracked 
| 606|0x000000074bc00000, 0x000000074be00000, 0x000000074be00000|100%| O|  |TAMS 0x000000074bc00000| PB 0x000000074bc00000| Untracked 
| 607|0x000000074be00000, 0x000000074be00000, 0x000000074c000000|  0%| F|  |TAMS 0x000000074be00000| PB 0x000000074be00000| Untracked 
| 608|0x000000074c000000, 0x000000074c000000, 0x000000074c200000|  0%| F|  |TAMS 0x000000074c000000| PB 0x000000074c000000| Untracked 
| 609|0x000000074c200000, 0x000000074c200000, 0x000000074c400000|  0%| F|  |TAMS 0x000000074c200000| PB 0x000000074c200000| Untracked 
| 610|0x000000074c400000, 0x000000074c400000, 0x000000074c600000|  0%| F|  |TAMS 0x000000074c400000| PB 0x000000074c400000| Untracked 
| 611|0x000000074c600000, 0x000000074c600000, 0x000000074c800000|  0%| F|  |TAMS 0x000000074c600000| PB 0x000000074c600000| Untracked 
| 612|0x000000074c800000, 0x000000074c800000, 0x000000074ca00000|  0%| F|  |TAMS 0x000000074c800000| PB 0x000000074c800000| Untracked 
| 613|0x000000074ca00000, 0x000000074ca00000, 0x000000074cc00000|  0%| F|  |TAMS 0x000000074ca00000| PB 0x000000074ca00000| Untracked 
| 614|0x000000074cc00000, 0x000000074cc00000, 0x000000074ce00000|  0%| F|  |TAMS 0x000000074cc00000| PB 0x000000074cc00000| Untracked 
| 615|0x000000074ce00000, 0x000000074ce00000, 0x000000074d000000|  0%| F|  |TAMS 0x000000074ce00000| PB 0x000000074ce00000| Untracked 
| 616|0x000000074d000000, 0x000000074d200000, 0x000000074d200000|100%| O|  |TAMS 0x000000074d000000| PB 0x000000074d000000| Untracked 
| 617|0x000000074d200000, 0x000000074d400000, 0x000000074d400000|100%| O|  |TAMS 0x000000074d200000| PB 0x000000074d200000| Untracked 
| 618|0x000000074d400000, 0x000000074d600000, 0x000000074d600000|100%| O|  |TAMS 0x000000074d400000| PB 0x000000074d400000| Untracked 
| 619|0x000000074d600000, 0x000000074d800000, 0x000000074d800000|100%| O|  |TAMS 0x000000074d600000| PB 0x000000074d600000| Untracked 
| 620|0x000000074d800000, 0x000000074da00000, 0x000000074da00000|100%| O|  |TAMS 0x000000074d800000| PB 0x000000074d800000| Untracked 
| 621|0x000000074da00000, 0x000000074dc00000, 0x000000074dc00000|100%| O|  |TAMS 0x000000074da00000| PB 0x000000074da00000| Untracked 
| 622|0x000000074dc00000, 0x000000074de00000, 0x000000074de00000|100%| O|  |TAMS 0x000000074dc00000| PB 0x000000074dc00000| Untracked 
| 623|0x000000074de00000, 0x000000074e000000, 0x000000074e000000|100%| O|  |TAMS 0x000000074de00000| PB 0x000000074de00000| Untracked 
| 624|0x000000074e000000, 0x000000074e200000, 0x000000074e200000|100%| O|  |TAMS 0x000000074e000000| PB 0x000000074e000000| Untracked 
| 625|0x000000074e200000, 0x000000074e400000, 0x000000074e400000|100%| O|  |TAMS 0x000000074e200000| PB 0x000000074e200000| Untracked 
| 626|0x000000074e400000, 0x000000074e600000, 0x000000074e600000|100%| O|  |TAMS 0x000000074e400000| PB 0x000000074e400000| Untracked 
| 627|0x000000074e600000, 0x000000074e800000, 0x000000074e800000|100%| O|  |TAMS 0x000000074e600000| PB 0x000000074e600000| Untracked 
| 628|0x000000074e800000, 0x000000074ea00000, 0x000000074ea00000|100%| O|  |TAMS 0x000000074e800000| PB 0x000000074e800000| Untracked 
| 629|0x000000074ea00000, 0x000000074ec00000, 0x000000074ec00000|100%| O|  |TAMS 0x000000074ea00000| PB 0x000000074ea00000| Untracked 
| 630|0x000000074ec00000, 0x000000074ee00000, 0x000000074ee00000|100%| O|  |TAMS 0x000000074ec00000| PB 0x000000074ec00000| Untracked 
| 631|0x000000074ee00000, 0x000000074f000000, 0x000000074f000000|100%| O|  |TAMS 0x000000074ee00000| PB 0x000000074ee00000| Untracked 
| 632|0x000000074f000000, 0x000000074f200000, 0x000000074f200000|100%| O|  |TAMS 0x000000074f000000| PB 0x000000074f000000| Untracked 
| 633|0x000000074f200000, 0x000000074f200000, 0x000000074f400000|  0%| F|  |TAMS 0x000000074f200000| PB 0x000000074f200000| Untracked 
| 634|0x000000074f400000, 0x000000074f400000, 0x000000074f600000|  0%| F|  |TAMS 0x000000074f400000| PB 0x000000074f400000| Untracked 
| 635|0x000000074f600000, 0x000000074f600000, 0x000000074f800000|  0%| F|  |TAMS 0x000000074f600000| PB 0x000000074f600000| Untracked 
| 636|0x000000074f800000, 0x000000074f800000, 0x000000074fa00000|  0%| F|  |TAMS 0x000000074f800000| PB 0x000000074f800000| Untracked 
| 637|0x000000074fa00000, 0x000000074fa00000, 0x000000074fc00000|  0%| F|  |TAMS 0x000000074fa00000| PB 0x000000074fa00000| Untracked 
| 638|0x000000074fc00000, 0x000000074fc00000, 0x000000074fe00000|  0%| F|  |TAMS 0x000000074fc00000| PB 0x000000074fc00000| Untracked 
| 639|0x000000074fe00000, 0x0000000750000000, 0x0000000750000000|100%| O|  |TAMS 0x000000074fe00000| PB 0x000000074fe00000| Untracked 
| 640|0x0000000750000000, 0x0000000750200000, 0x0000000750200000|100%| O|  |TAMS 0x0000000750000000| PB 0x0000000750000000| Untracked 
| 641|0x0000000750200000, 0x0000000750400000, 0x0000000750400000|100%| O|  |TAMS 0x0000000750200000| PB 0x0000000750200000| Untracked 
| 642|0x0000000750400000, 0x0000000750600000, 0x0000000750600000|100%| O|  |TAMS 0x0000000750400000| PB 0x0000000750400000| Untracked 
| 643|0x0000000750600000, 0x0000000750800000, 0x0000000750800000|100%| O|  |TAMS 0x0000000750600000| PB 0x0000000750600000| Untracked 
| 644|0x0000000750800000, 0x0000000750a00000, 0x0000000750a00000|100%| O|  |TAMS 0x0000000750800000| PB 0x0000000750800000| Untracked 
| 645|0x0000000750a00000, 0x0000000750c00000, 0x0000000750c00000|100%| O|  |TAMS 0x0000000750a00000| PB 0x0000000750a00000| Untracked 
| 646|0x0000000750c00000, 0x0000000750e00000, 0x0000000750e00000|100%| O|  |TAMS 0x0000000750c00000| PB 0x0000000750c00000| Untracked 
| 647|0x0000000750e00000, 0x0000000751000000, 0x0000000751000000|100%| O|  |TAMS 0x0000000750e00000| PB 0x0000000750e00000| Untracked 
| 648|0x0000000751000000, 0x0000000751200000, 0x0000000751200000|100%| O|  |TAMS 0x0000000751000000| PB 0x0000000751000000| Untracked 
| 649|0x0000000751200000, 0x0000000751400000, 0x0000000751400000|100%| O|  |TAMS 0x0000000751200000| PB 0x0000000751200000| Untracked 
| 650|0x0000000751400000, 0x0000000751600000, 0x0000000751600000|100%| O|  |TAMS 0x0000000751400000| PB 0x0000000751400000| Untracked 
| 651|0x0000000751600000, 0x0000000751800000, 0x0000000751800000|100%| O|  |TAMS 0x0000000751600000| PB 0x0000000751600000| Untracked 
| 652|0x0000000751800000, 0x0000000751a00000, 0x0000000751a00000|100%| O|  |TAMS 0x0000000751800000| PB 0x0000000751800000| Untracked 
| 653|0x0000000751a00000, 0x0000000751c00000, 0x0000000751c00000|100%| O|  |TAMS 0x0000000751a00000| PB 0x0000000751a00000| Untracked 
| 654|0x0000000751c00000, 0x0000000751e00000, 0x0000000751e00000|100%| O|  |TAMS 0x0000000751c00000| PB 0x0000000751c00000| Untracked 
| 655|0x0000000751e00000, 0x0000000752000000, 0x0000000752000000|100%| O|  |TAMS 0x0000000751e00000| PB 0x0000000751e00000| Untracked 
| 656|0x0000000752000000, 0x0000000752200000, 0x0000000752200000|100%| O|  |TAMS 0x0000000752000000| PB 0x0000000752000000| Untracked 
| 657|0x0000000752200000, 0x0000000752400000, 0x0000000752400000|100%| O|  |TAMS 0x0000000752200000| PB 0x0000000752200000| Untracked 
| 658|0x0000000752400000, 0x0000000752600000, 0x0000000752600000|100%| O|  |TAMS 0x0000000752400000| PB 0x0000000752400000| Untracked 
| 659|0x0000000752600000, 0x0000000752800000, 0x0000000752800000|100%| O|  |TAMS 0x0000000752600000| PB 0x0000000752600000| Untracked 
| 660|0x0000000752800000, 0x0000000752a00000, 0x0000000752a00000|100%| O|  |TAMS 0x0000000752800000| PB 0x0000000752800000| Untracked 
| 661|0x0000000752a00000, 0x0000000752c00000, 0x0000000752c00000|100%| O|  |TAMS 0x0000000752a00000| PB 0x0000000752a00000| Untracked 
| 662|0x0000000752c00000, 0x0000000752e00000, 0x0000000752e00000|100%| O|  |TAMS 0x0000000752c00000| PB 0x0000000752c00000| Untracked 
| 663|0x0000000752e00000, 0x0000000753000000, 0x0000000753000000|100%| O|  |TAMS 0x0000000752e00000| PB 0x0000000752e00000| Untracked 
| 664|0x0000000753000000, 0x0000000753200000, 0x0000000753200000|100%| O|  |TAMS 0x0000000753000000| PB 0x0000000753000000| Untracked 
| 665|0x0000000753200000, 0x0000000753400000, 0x0000000753400000|100%| O|  |TAMS 0x0000000753200000| PB 0x0000000753200000| Untracked 
| 666|0x0000000753400000, 0x0000000753600000, 0x0000000753600000|100%| O|  |TAMS 0x0000000753400000| PB 0x0000000753400000| Untracked 
| 667|0x0000000753600000, 0x0000000753800000, 0x0000000753800000|100%| O|  |TAMS 0x0000000753600000| PB 0x0000000753600000| Untracked 
| 668|0x0000000753800000, 0x0000000753a00000, 0x0000000753a00000|100%| O|  |TAMS 0x0000000753800000| PB 0x0000000753800000| Untracked 
| 669|0x0000000753a00000, 0x0000000753c00000, 0x0000000753c00000|100%| O|  |TAMS 0x0000000753a00000| PB 0x0000000753a00000| Untracked 
| 670|0x0000000753c00000, 0x0000000753e00000, 0x0000000753e00000|100%| O|  |TAMS 0x0000000753c00000| PB 0x0000000753c00000| Untracked 
| 671|0x0000000753e00000, 0x0000000754000000, 0x0000000754000000|100%| O|  |TAMS 0x0000000753e00000| PB 0x0000000753e00000| Untracked 
| 672|0x0000000754000000, 0x0000000754200000, 0x0000000754200000|100%| O|  |TAMS 0x0000000754000000| PB 0x0000000754000000| Untracked 
| 673|0x0000000754200000, 0x0000000754400000, 0x0000000754400000|100%| O|  |TAMS 0x0000000754200000| PB 0x0000000754200000| Untracked 
| 674|0x0000000754400000, 0x0000000754600000, 0x0000000754600000|100%| O|  |TAMS 0x0000000754400000| PB 0x0000000754400000| Untracked 
| 675|0x0000000754600000, 0x0000000754800000, 0x0000000754800000|100%| O|  |TAMS 0x0000000754600000| PB 0x0000000754600000| Untracked 
| 676|0x0000000754800000, 0x0000000754a00000, 0x0000000754a00000|100%| O|  |TAMS 0x0000000754800000| PB 0x0000000754800000| Untracked 
| 677|0x0000000754a00000, 0x0000000754c00000, 0x0000000754c00000|100%| O|  |TAMS 0x0000000754a00000| PB 0x0000000754a00000| Untracked 
| 678|0x0000000754c00000, 0x0000000754e00000, 0x0000000754e00000|100%| O|  |TAMS 0x0000000754c00000| PB 0x0000000754c00000| Untracked 
| 679|0x0000000754e00000, 0x0000000755000000, 0x0000000755000000|100%| O|  |TAMS 0x0000000754e00000| PB 0x0000000754e00000| Untracked 
| 680|0x0000000755000000, 0x0000000755200000, 0x0000000755200000|100%| O|  |TAMS 0x0000000755000000| PB 0x0000000755000000| Untracked 
| 681|0x0000000755200000, 0x0000000755400000, 0x0000000755400000|100%| O|  |TAMS 0x0000000755200000| PB 0x0000000755200000| Untracked 
| 682|0x0000000755400000, 0x0000000755600000, 0x0000000755600000|100%| O|  |TAMS 0x0000000755400000| PB 0x0000000755400000| Untracked 
| 683|0x0000000755600000, 0x0000000755800000, 0x0000000755800000|100%| O|  |TAMS 0x0000000755600000| PB 0x0000000755600000| Untracked 
| 684|0x0000000755800000, 0x0000000755a00000, 0x0000000755a00000|100%| O|  |TAMS 0x0000000755800000| PB 0x0000000755800000| Untracked 
| 685|0x0000000755a00000, 0x0000000755c00000, 0x0000000755c00000|100%| O|  |TAMS 0x0000000755a00000| PB 0x0000000755a00000| Untracked 
| 686|0x0000000755c00000, 0x0000000755e00000, 0x0000000755e00000|100%| O|  |TAMS 0x0000000755c00000| PB 0x0000000755c00000| Untracked 
| 687|0x0000000755e00000, 0x0000000756000000, 0x0000000756000000|100%| O|  |TAMS 0x0000000755e00000| PB 0x0000000755e00000| Untracked 
| 688|0x0000000756000000, 0x0000000756200000, 0x0000000756200000|100%| O|  |TAMS 0x0000000756000000| PB 0x0000000756000000| Untracked 
| 689|0x0000000756200000, 0x0000000756400000, 0x0000000756400000|100%| O|  |TAMS 0x0000000756200000| PB 0x0000000756200000| Untracked 
| 690|0x0000000756400000, 0x0000000756600000, 0x0000000756600000|100%| O|  |TAMS 0x0000000756400000| PB 0x0000000756400000| Untracked 
| 691|0x0000000756600000, 0x0000000756800000, 0x0000000756800000|100%| O|  |TAMS 0x0000000756600000| PB 0x0000000756600000| Untracked 
| 692|0x0000000756800000, 0x0000000756a00000, 0x0000000756a00000|100%| O|  |TAMS 0x0000000756800000| PB 0x0000000756800000| Untracked 
| 693|0x0000000756a00000, 0x0000000756c00000, 0x0000000756c00000|100%| O|  |TAMS 0x0000000756a00000| PB 0x0000000756a00000| Untracked 
| 694|0x0000000756c00000, 0x0000000756e00000, 0x0000000756e00000|100%| O|  |TAMS 0x0000000756c00000| PB 0x0000000756c00000| Untracked 
| 695|0x0000000756e00000, 0x0000000757000000, 0x0000000757000000|100%| O|  |TAMS 0x0000000756e00000| PB 0x0000000756e00000| Untracked 
| 696|0x0000000757000000, 0x0000000757200000, 0x0000000757200000|100%| O|  |TAMS 0x0000000757000000| PB 0x0000000757000000| Untracked 
| 697|0x0000000757200000, 0x0000000757400000, 0x0000000757400000|100%| O|  |TAMS 0x0000000757200000| PB 0x0000000757200000| Untracked 
| 698|0x0000000757400000, 0x0000000757600000, 0x0000000757600000|100%| O|  |TAMS 0x0000000757400000| PB 0x0000000757400000| Untracked 
| 699|0x0000000757600000, 0x0000000757800000, 0x0000000757800000|100%| O|  |TAMS 0x0000000757600000| PB 0x0000000757600000| Untracked 
| 700|0x0000000757800000, 0x0000000757800000, 0x0000000757a00000|  0%| F|  |TAMS 0x0000000757800000| PB 0x0000000757800000| Untracked 
| 701|0x0000000757a00000, 0x0000000757a00000, 0x0000000757c00000|  0%| F|  |TAMS 0x0000000757a00000| PB 0x0000000757a00000| Untracked 
| 702|0x0000000757c00000, 0x0000000757c00000, 0x0000000757e00000|  0%| F|  |TAMS 0x0000000757c00000| PB 0x0000000757c00000| Untracked 
| 703|0x0000000757e00000, 0x0000000757e00000, 0x0000000758000000|  0%| F|  |TAMS 0x0000000757e00000| PB 0x0000000757e00000| Untracked 
| 704|0x0000000758000000, 0x0000000758000000, 0x0000000758200000|  0%| F|  |TAMS 0x0000000758000000| PB 0x0000000758000000| Untracked 
| 705|0x0000000758200000, 0x0000000758200000, 0x0000000758400000|  0%| F|  |TAMS 0x0000000758200000| PB 0x0000000758200000| Untracked 
| 706|0x0000000758400000, 0x0000000758400000, 0x0000000758600000|  0%| F|  |TAMS 0x0000000758400000| PB 0x0000000758400000| Untracked 
| 707|0x0000000758600000, 0x0000000758600000, 0x0000000758800000|  0%| F|  |TAMS 0x0000000758600000| PB 0x0000000758600000| Untracked 
| 708|0x0000000758800000, 0x0000000758800000, 0x0000000758a00000|  0%| F|  |TAMS 0x0000000758800000| PB 0x0000000758800000| Untracked 
| 709|0x0000000758a00000, 0x0000000758a00000, 0x0000000758c00000|  0%| F|  |TAMS 0x0000000758a00000| PB 0x0000000758a00000| Untracked 
| 710|0x0000000758c00000, 0x0000000758c00000, 0x0000000758e00000|  0%| F|  |TAMS 0x0000000758c00000| PB 0x0000000758c00000| Untracked 
| 711|0x0000000758e00000, 0x0000000758e00000, 0x0000000759000000|  0%| F|  |TAMS 0x0000000758e00000| PB 0x0000000758e00000| Untracked 
| 712|0x0000000759000000, 0x0000000759000000, 0x0000000759200000|  0%| F|  |TAMS 0x0000000759000000| PB 0x0000000759000000| Untracked 
| 713|0x0000000759200000, 0x0000000759200000, 0x0000000759400000|  0%| F|  |TAMS 0x0000000759200000| PB 0x0000000759200000| Untracked 
| 714|0x0000000759400000, 0x0000000759400000, 0x0000000759600000|  0%| F|  |TAMS 0x0000000759400000| PB 0x0000000759400000| Untracked 
| 715|0x0000000759600000, 0x0000000759600000, 0x0000000759800000|  0%| F|  |TAMS 0x0000000759600000| PB 0x0000000759600000| Untracked 
| 716|0x0000000759800000, 0x0000000759800000, 0x0000000759a00000|  0%| F|  |TAMS 0x0000000759800000| PB 0x0000000759800000| Untracked 
| 717|0x0000000759a00000, 0x0000000759a00000, 0x0000000759c00000|  0%| F|  |TAMS 0x0000000759a00000| PB 0x0000000759a00000| Untracked 
| 718|0x0000000759c00000, 0x0000000759c00000, 0x0000000759e00000|  0%| F|  |TAMS 0x0000000759c00000| PB 0x0000000759c00000| Untracked 
| 719|0x0000000759e00000, 0x0000000759e00000, 0x000000075a000000|  0%| F|  |TAMS 0x0000000759e00000| PB 0x0000000759e00000| Untracked 
| 720|0x000000075a000000, 0x000000075a180e78, 0x000000075a200000| 75%| S|CS|TAMS 0x000000075a000000| PB 0x000000075a000000| Complete 
| 721|0x000000075a200000, 0x000000075a400000, 0x000000075a400000|100%| S|CS|TAMS 0x000000075a200000| PB 0x000000075a200000| Complete 
| 722|0x000000075a400000, 0x000000075a600000, 0x000000075a600000|100%| S|CS|TAMS 0x000000075a400000| PB 0x000000075a400000| Complete 
| 723|0x000000075a600000, 0x000000075a800000, 0x000000075a800000|100%| S|CS|TAMS 0x000000075a600000| PB 0x000000075a600000| Complete 
| 724|0x000000075a800000, 0x000000075aa00000, 0x000000075aa00000|100%| S|CS|TAMS 0x000000075a800000| PB 0x000000075a800000| Complete 
| 725|0x000000075aa00000, 0x000000075ac00000, 0x000000075ac00000|100%| S|CS|TAMS 0x000000075aa00000| PB 0x000000075aa00000| Complete 
| 726|0x000000075ac00000, 0x000000075ae00000, 0x000000075ae00000|100%| S|CS|TAMS 0x000000075ac00000| PB 0x000000075ac00000| Complete 
| 727|0x000000075ae00000, 0x000000075b000000, 0x000000075b000000|100%| S|CS|TAMS 0x000000075ae00000| PB 0x000000075ae00000| Complete 
| 728|0x000000075b000000, 0x000000075b200000, 0x000000075b200000|100%| S|CS|TAMS 0x000000075b000000| PB 0x000000075b000000| Complete 
| 729|0x000000075b200000, 0x000000075b400000, 0x000000075b400000|100%| S|CS|TAMS 0x000000075b200000| PB 0x000000075b200000| Complete 
| 730|0x000000075b400000, 0x000000075b600000, 0x000000075b600000|100%| S|CS|TAMS 0x000000075b400000| PB 0x000000075b400000| Complete 
| 731|0x000000075b600000, 0x000000075b800000, 0x000000075b800000|100%| S|CS|TAMS 0x000000075b600000| PB 0x000000075b600000| Complete 
| 732|0x000000075b800000, 0x000000075ba00000, 0x000000075ba00000|100%| S|CS|TAMS 0x000000075b800000| PB 0x000000075b800000| Complete 
| 733|0x000000075ba00000, 0x000000075bc00000, 0x000000075bc00000|100%| S|CS|TAMS 0x000000075ba00000| PB 0x000000075ba00000| Complete 
| 734|0x000000075bc00000, 0x000000075be00000, 0x000000075be00000|100%| S|CS|TAMS 0x000000075bc00000| PB 0x000000075bc00000| Complete 
| 735|0x000000075be00000, 0x000000075c000000, 0x000000075c000000|100%| S|CS|TAMS 0x000000075be00000| PB 0x000000075be00000| Complete 
| 736|0x000000075c000000, 0x000000075c200000, 0x000000075c200000|100%| S|CS|TAMS 0x000000075c000000| PB 0x000000075c000000| Complete 
| 737|0x000000075c200000, 0x000000075c400000, 0x000000075c400000|100%| S|CS|TAMS 0x000000075c200000| PB 0x000000075c200000| Complete 
| 738|0x000000075c400000, 0x000000075c600000, 0x000000075c600000|100%| S|CS|TAMS 0x000000075c400000| PB 0x000000075c400000| Complete 
| 739|0x000000075c600000, 0x000000075c800000, 0x000000075c800000|100%| S|CS|TAMS 0x000000075c600000| PB 0x000000075c600000| Complete 
| 740|0x000000075c800000, 0x000000075ca00000, 0x000000075ca00000|100%| S|CS|TAMS 0x000000075c800000| PB 0x000000075c800000| Complete 
| 741|0x000000075ca00000, 0x000000075cc00000, 0x000000075cc00000|100%| S|CS|TAMS 0x000000075ca00000| PB 0x000000075ca00000| Complete 
| 742|0x000000075cc00000, 0x000000075ce00000, 0x000000075ce00000|100%| S|CS|TAMS 0x000000075cc00000| PB 0x000000075cc00000| Complete 
| 743|0x000000075ce00000, 0x000000075d000000, 0x000000075d000000|100%| S|CS|TAMS 0x000000075ce00000| PB 0x000000075ce00000| Complete 
| 744|0x000000075d000000, 0x000000075d200000, 0x000000075d200000|100%| S|CS|TAMS 0x000000075d000000| PB 0x000000075d000000| Complete 
| 745|0x000000075d200000, 0x000000075d400000, 0x000000075d400000|100%| S|CS|TAMS 0x000000075d200000| PB 0x000000075d200000| Complete 
| 746|0x000000075d400000, 0x000000075d600000, 0x000000075d600000|100%| S|CS|TAMS 0x000000075d400000| PB 0x000000075d400000| Complete 
| 747|0x000000075d600000, 0x000000075d800000, 0x000000075d800000|100%| S|CS|TAMS 0x000000075d600000| PB 0x000000075d600000| Complete 
| 748|0x000000075d800000, 0x000000075da00000, 0x000000075da00000|100%| S|CS|TAMS 0x000000075d800000| PB 0x000000075d800000| Complete 
| 749|0x000000075da00000, 0x000000075dc00000, 0x000000075dc00000|100%| S|CS|TAMS 0x000000075da00000| PB 0x000000075da00000| Complete 
| 750|0x000000075dc00000, 0x000000075de00000, 0x000000075de00000|100%| S|CS|TAMS 0x000000075dc00000| PB 0x000000075dc00000| Complete 
| 751|0x000000075de00000, 0x000000075e000000, 0x000000075e000000|100%| S|CS|TAMS 0x000000075de00000| PB 0x000000075de00000| Complete 
| 752|0x000000075e000000, 0x000000075e200000, 0x000000075e200000|100%| S|CS|TAMS 0x000000075e000000| PB 0x000000075e000000| Complete 
| 753|0x000000075e200000, 0x000000075e400000, 0x000000075e400000|100%| S|CS|TAMS 0x000000075e200000| PB 0x000000075e200000| Complete 
| 754|0x000000075e400000, 0x000000075e600000, 0x000000075e600000|100%| S|CS|TAMS 0x000000075e400000| PB 0x000000075e400000| Complete 
| 755|0x000000075e600000, 0x000000075e800000, 0x000000075e800000|100%| S|CS|TAMS 0x000000075e600000| PB 0x000000075e600000| Complete 
| 756|0x000000075e800000, 0x000000075ea00000, 0x000000075ea00000|100%| S|CS|TAMS 0x000000075e800000| PB 0x000000075e800000| Complete 
| 757|0x000000075ea00000, 0x000000075ec00000, 0x000000075ec00000|100%| S|CS|TAMS 0x000000075ea00000| PB 0x000000075ea00000| Complete 
| 758|0x000000075ec00000, 0x000000075ee00000, 0x000000075ee00000|100%| S|CS|TAMS 0x000000075ec00000| PB 0x000000075ec00000| Complete 
| 759|0x000000075ee00000, 0x000000075ee00000, 0x000000075f000000|  0%| F|  |TAMS 0x000000075ee00000| PB 0x000000075ee00000| Untracked 
| 760|0x000000075f000000, 0x000000075f000000, 0x000000075f200000|  0%| F|  |TAMS 0x000000075f000000| PB 0x000000075f000000| Untracked 
| 761|0x000000075f200000, 0x000000075f200000, 0x000000075f400000|  0%| F|  |TAMS 0x000000075f200000| PB 0x000000075f200000| Untracked 
| 762|0x000000075f400000, 0x000000075f400000, 0x000000075f600000|  0%| F|  |TAMS 0x000000075f400000| PB 0x000000075f400000| Untracked 
| 763|0x000000075f600000, 0x000000075f600000, 0x000000075f800000|  0%| F|  |TAMS 0x000000075f600000| PB 0x000000075f600000| Untracked 
| 764|0x000000075f800000, 0x000000075f800000, 0x000000075fa00000|  0%| F|  |TAMS 0x000000075f800000| PB 0x000000075f800000| Untracked 
| 765|0x000000075fa00000, 0x000000075fa00000, 0x000000075fc00000|  0%| F|  |TAMS 0x000000075fa00000| PB 0x000000075fa00000| Untracked 
| 766|0x000000075fc00000, 0x000000075fc00000, 0x000000075fe00000|  0%| F|  |TAMS 0x000000075fc00000| PB 0x000000075fc00000| Untracked 
| 767|0x000000075fe00000, 0x000000075fe00000, 0x0000000760000000|  0%| F|  |TAMS 0x000000075fe00000| PB 0x000000075fe00000| Untracked 
| 768|0x0000000760000000, 0x0000000760000000, 0x0000000760200000|  0%| F|  |TAMS 0x0000000760000000| PB 0x0000000760000000| Untracked 
| 769|0x0000000760200000, 0x0000000760200000, 0x0000000760400000|  0%| F|  |TAMS 0x0000000760200000| PB 0x0000000760200000| Untracked 
| 770|0x0000000760400000, 0x0000000760400000, 0x0000000760600000|  0%| F|  |TAMS 0x0000000760400000| PB 0x0000000760400000| Untracked 
| 771|0x0000000760600000, 0x0000000760600000, 0x0000000760800000|  0%| F|  |TAMS 0x0000000760600000| PB 0x0000000760600000| Untracked 
| 772|0x0000000760800000, 0x0000000760800000, 0x0000000760a00000|  0%| F|  |TAMS 0x0000000760800000| PB 0x0000000760800000| Untracked 
| 773|0x0000000760a00000, 0x0000000760a00000, 0x0000000760c00000|  0%| F|  |TAMS 0x0000000760a00000| PB 0x0000000760a00000| Untracked 
| 774|0x0000000760c00000, 0x0000000760c00000, 0x0000000760e00000|  0%| F|  |TAMS 0x0000000760c00000| PB 0x0000000760c00000| Untracked 
| 775|0x0000000760e00000, 0x0000000760e00000, 0x0000000761000000|  0%| F|  |TAMS 0x0000000760e00000| PB 0x0000000760e00000| Untracked 
| 776|0x0000000761000000, 0x0000000761000000, 0x0000000761200000|  0%| F|  |TAMS 0x0000000761000000| PB 0x0000000761000000| Untracked 
| 777|0x0000000761200000, 0x0000000761200000, 0x0000000761400000|  0%| F|  |TAMS 0x0000000761200000| PB 0x0000000761200000| Untracked 
| 778|0x0000000761400000, 0x0000000761400000, 0x0000000761600000|  0%| F|  |TAMS 0x0000000761400000| PB 0x0000000761400000| Untracked 
| 779|0x0000000761600000, 0x0000000761600000, 0x0000000761800000|  0%| F|  |TAMS 0x0000000761600000| PB 0x0000000761600000| Untracked 
| 780|0x0000000761800000, 0x0000000761800000, 0x0000000761a00000|  0%| F|  |TAMS 0x0000000761800000| PB 0x0000000761800000| Untracked 
| 781|0x0000000761a00000, 0x0000000761a00000, 0x0000000761c00000|  0%| F|  |TAMS 0x0000000761a00000| PB 0x0000000761a00000| Untracked 
| 782|0x0000000761c00000, 0x0000000761c00000, 0x0000000761e00000|  0%| F|  |TAMS 0x0000000761c00000| PB 0x0000000761c00000| Untracked 
| 783|0x0000000761e00000, 0x0000000761e00000, 0x0000000762000000|  0%| F|  |TAMS 0x0000000761e00000| PB 0x0000000761e00000| Untracked 
| 784|0x0000000762000000, 0x0000000762000000, 0x0000000762200000|  0%| F|  |TAMS 0x0000000762000000| PB 0x0000000762000000| Untracked 
| 785|0x0000000762200000, 0x0000000762200000, 0x0000000762400000|  0%| F|  |TAMS 0x0000000762200000| PB 0x0000000762200000| Untracked 
| 786|0x0000000762400000, 0x0000000762400000, 0x0000000762600000|  0%| F|  |TAMS 0x0000000762400000| PB 0x0000000762400000| Untracked 
| 787|0x0000000762600000, 0x0000000762600000, 0x0000000762800000|  0%| F|  |TAMS 0x0000000762600000| PB 0x0000000762600000| Untracked 
| 788|0x0000000762800000, 0x0000000762800000, 0x0000000762a00000|  0%| F|  |TAMS 0x0000000762800000| PB 0x0000000762800000| Untracked 
| 789|0x0000000762a00000, 0x0000000762a00000, 0x0000000762c00000|  0%| F|  |TAMS 0x0000000762a00000| PB 0x0000000762a00000| Untracked 
| 790|0x0000000762c00000, 0x0000000762c00000, 0x0000000762e00000|  0%| F|  |TAMS 0x0000000762c00000| PB 0x0000000762c00000| Untracked 
| 791|0x0000000762e00000, 0x0000000762e00000, 0x0000000763000000|  0%| F|  |TAMS 0x0000000762e00000| PB 0x0000000762e00000| Untracked 
| 792|0x0000000763000000, 0x0000000763000000, 0x0000000763200000|  0%| F|  |TAMS 0x0000000763000000| PB 0x0000000763000000| Untracked 
| 793|0x0000000763200000, 0x0000000763200000, 0x0000000763400000|  0%| F|  |TAMS 0x0000000763200000| PB 0x0000000763200000| Untracked 
| 794|0x0000000763400000, 0x0000000763400000, 0x0000000763600000|  0%| F|  |TAMS 0x0000000763400000| PB 0x0000000763400000| Untracked 
| 795|0x0000000763600000, 0x0000000763600000, 0x0000000763800000|  0%| F|  |TAMS 0x0000000763600000| PB 0x0000000763600000| Untracked 
| 796|0x0000000763800000, 0x0000000763800000, 0x0000000763a00000|  0%| F|  |TAMS 0x0000000763800000| PB 0x0000000763800000| Untracked 
| 797|0x0000000763a00000, 0x0000000763a00000, 0x0000000763c00000|  0%| F|  |TAMS 0x0000000763a00000| PB 0x0000000763a00000| Untracked 
| 798|0x0000000763c00000, 0x0000000763c00000, 0x0000000763e00000|  0%| F|  |TAMS 0x0000000763c00000| PB 0x0000000763c00000| Untracked 
| 799|0x0000000763e00000, 0x0000000763e00000, 0x0000000764000000|  0%| F|  |TAMS 0x0000000763e00000| PB 0x0000000763e00000| Untracked 
| 800|0x0000000764000000, 0x0000000764000000, 0x0000000764200000|  0%| F|  |TAMS 0x0000000764000000| PB 0x0000000764000000| Untracked 
| 801|0x0000000764200000, 0x0000000764200000, 0x0000000764400000|  0%| F|  |TAMS 0x0000000764200000| PB 0x0000000764200000| Untracked 
| 802|0x0000000764400000, 0x0000000764400000, 0x0000000764600000|  0%| F|  |TAMS 0x0000000764400000| PB 0x0000000764400000| Untracked 
| 803|0x0000000764600000, 0x0000000764600000, 0x0000000764800000|  0%| F|  |TAMS 0x0000000764600000| PB 0x0000000764600000| Untracked 
| 804|0x0000000764800000, 0x0000000764800000, 0x0000000764a00000|  0%| F|  |TAMS 0x0000000764800000| PB 0x0000000764800000| Untracked 
| 805|0x0000000764a00000, 0x0000000764a00000, 0x0000000764c00000|  0%| F|  |TAMS 0x0000000764a00000| PB 0x0000000764a00000| Untracked 
| 806|0x0000000764c00000, 0x0000000764c00000, 0x0000000764e00000|  0%| F|  |TAMS 0x0000000764c00000| PB 0x0000000764c00000| Untracked 
| 807|0x0000000764e00000, 0x0000000764e00000, 0x0000000765000000|  0%| F|  |TAMS 0x0000000764e00000| PB 0x0000000764e00000| Untracked 
| 808|0x0000000765000000, 0x0000000765000000, 0x0000000765200000|  0%| F|  |TAMS 0x0000000765000000| PB 0x0000000765000000| Untracked 
| 809|0x0000000765200000, 0x0000000765200000, 0x0000000765400000|  0%| F|  |TAMS 0x0000000765200000| PB 0x0000000765200000| Untracked 
| 810|0x0000000765400000, 0x0000000765400000, 0x0000000765600000|  0%| F|  |TAMS 0x0000000765400000| PB 0x0000000765400000| Untracked 
| 811|0x0000000765600000, 0x0000000765600000, 0x0000000765800000|  0%| F|  |TAMS 0x0000000765600000| PB 0x0000000765600000| Untracked 
| 812|0x0000000765800000, 0x0000000765800000, 0x0000000765a00000|  0%| F|  |TAMS 0x0000000765800000| PB 0x0000000765800000| Untracked 
| 813|0x0000000765a00000, 0x0000000765a00000, 0x0000000765c00000|  0%| F|  |TAMS 0x0000000765a00000| PB 0x0000000765a00000| Untracked 
| 814|0x0000000765c00000, 0x0000000765c00000, 0x0000000765e00000|  0%| F|  |TAMS 0x0000000765c00000| PB 0x0000000765c00000| Untracked 
| 815|0x0000000765e00000, 0x0000000765e00000, 0x0000000766000000|  0%| F|  |TAMS 0x0000000765e00000| PB 0x0000000765e00000| Untracked 
| 816|0x0000000766000000, 0x0000000766000000, 0x0000000766200000|  0%| F|  |TAMS 0x0000000766000000| PB 0x0000000766000000| Untracked 
| 817|0x0000000766200000, 0x0000000766200000, 0x0000000766400000|  0%| F|  |TAMS 0x0000000766200000| PB 0x0000000766200000| Untracked 
| 818|0x0000000766400000, 0x0000000766400000, 0x0000000766600000|  0%| F|  |TAMS 0x0000000766400000| PB 0x0000000766400000| Untracked 
| 819|0x0000000766600000, 0x0000000766600000, 0x0000000766800000|  0%| F|  |TAMS 0x0000000766600000| PB 0x0000000766600000| Untracked 
| 820|0x0000000766800000, 0x0000000766800000, 0x0000000766a00000|  0%| F|  |TAMS 0x0000000766800000| PB 0x0000000766800000| Untracked 
| 821|0x0000000766a00000, 0x0000000766a00000, 0x0000000766c00000|  0%| F|  |TAMS 0x0000000766a00000| PB 0x0000000766a00000| Untracked 
| 822|0x0000000766c00000, 0x0000000766c00000, 0x0000000766e00000|  0%| F|  |TAMS 0x0000000766c00000| PB 0x0000000766c00000| Untracked 
| 823|0x0000000766e00000, 0x0000000766e00000, 0x0000000767000000|  0%| F|  |TAMS 0x0000000766e00000| PB 0x0000000766e00000| Untracked 
| 824|0x0000000767000000, 0x0000000767000000, 0x0000000767200000|  0%| F|  |TAMS 0x0000000767000000| PB 0x0000000767000000| Untracked 
| 825|0x0000000767200000, 0x0000000767200000, 0x0000000767400000|  0%| F|  |TAMS 0x0000000767200000| PB 0x0000000767200000| Untracked 
| 826|0x0000000767400000, 0x0000000767400000, 0x0000000767600000|  0%| F|  |TAMS 0x0000000767400000| PB 0x0000000767400000| Untracked 
| 827|0x0000000767600000, 0x0000000767600000, 0x0000000767800000|  0%| F|  |TAMS 0x0000000767600000| PB 0x0000000767600000| Untracked 
| 828|0x0000000767800000, 0x0000000767800000, 0x0000000767a00000|  0%| F|  |TAMS 0x0000000767800000| PB 0x0000000767800000| Untracked 
| 829|0x0000000767a00000, 0x0000000767a00000, 0x0000000767c00000|  0%| F|  |TAMS 0x0000000767a00000| PB 0x0000000767a00000| Untracked 
| 830|0x0000000767c00000, 0x0000000767c00000, 0x0000000767e00000|  0%| F|  |TAMS 0x0000000767c00000| PB 0x0000000767c00000| Untracked 
| 831|0x0000000767e00000, 0x0000000767e00000, 0x0000000768000000|  0%| F|  |TAMS 0x0000000767e00000| PB 0x0000000767e00000| Untracked 
| 832|0x0000000768000000, 0x0000000768000000, 0x0000000768200000|  0%| F|  |TAMS 0x0000000768000000| PB 0x0000000768000000| Untracked 
| 833|0x0000000768200000, 0x0000000768200000, 0x0000000768400000|  0%| F|  |TAMS 0x0000000768200000| PB 0x0000000768200000| Untracked 
| 834|0x0000000768400000, 0x0000000768400000, 0x0000000768600000|  0%| F|  |TAMS 0x0000000768400000| PB 0x0000000768400000| Untracked 
| 835|0x0000000768600000, 0x0000000768600000, 0x0000000768800000|  0%| F|  |TAMS 0x0000000768600000| PB 0x0000000768600000| Untracked 
| 836|0x0000000768800000, 0x0000000768800000, 0x0000000768a00000|  0%| F|  |TAMS 0x0000000768800000| PB 0x0000000768800000| Untracked 
| 837|0x0000000768a00000, 0x0000000768a00000, 0x0000000768c00000|  0%| F|  |TAMS 0x0000000768a00000| PB 0x0000000768a00000| Untracked 
| 838|0x0000000768c00000, 0x0000000768c00000, 0x0000000768e00000|  0%| F|  |TAMS 0x0000000768c00000| PB 0x0000000768c00000| Untracked 
| 839|0x0000000768e00000, 0x0000000768e00000, 0x0000000769000000|  0%| F|  |TAMS 0x0000000768e00000| PB 0x0000000768e00000| Untracked 
| 840|0x0000000769000000, 0x0000000769000000, 0x0000000769200000|  0%| F|  |TAMS 0x0000000769000000| PB 0x0000000769000000| Untracked 
| 841|0x0000000769200000, 0x0000000769200000, 0x0000000769400000|  0%| F|  |TAMS 0x0000000769200000| PB 0x0000000769200000| Untracked 
| 842|0x0000000769400000, 0x0000000769400000, 0x0000000769600000|  0%| F|  |TAMS 0x0000000769400000| PB 0x0000000769400000| Untracked 
| 843|0x0000000769600000, 0x0000000769600000, 0x0000000769800000|  0%| F|  |TAMS 0x0000000769600000| PB 0x0000000769600000| Untracked 
| 844|0x0000000769800000, 0x0000000769800000, 0x0000000769a00000|  0%| F|  |TAMS 0x0000000769800000| PB 0x0000000769800000| Untracked 
| 845|0x0000000769a00000, 0x0000000769a00000, 0x0000000769c00000|  0%| F|  |TAMS 0x0000000769a00000| PB 0x0000000769a00000| Untracked 
| 846|0x0000000769c00000, 0x0000000769c00000, 0x0000000769e00000|  0%| F|  |TAMS 0x0000000769c00000| PB 0x0000000769c00000| Untracked 
| 847|0x0000000769e00000, 0x0000000769e00000, 0x000000076a000000|  0%| F|  |TAMS 0x0000000769e00000| PB 0x0000000769e00000| Untracked 
| 848|0x000000076a000000, 0x000000076a000000, 0x000000076a200000|  0%| F|  |TAMS 0x000000076a000000| PB 0x000000076a000000| Untracked 
| 849|0x000000076a200000, 0x000000076a200000, 0x000000076a400000|  0%| F|  |TAMS 0x000000076a200000| PB 0x000000076a200000| Untracked 
| 850|0x000000076a400000, 0x000000076a400000, 0x000000076a600000|  0%| F|  |TAMS 0x000000076a400000| PB 0x000000076a400000| Untracked 
| 851|0x000000076a600000, 0x000000076a600000, 0x000000076a800000|  0%| F|  |TAMS 0x000000076a600000| PB 0x000000076a600000| Untracked 
| 852|0x000000076a800000, 0x000000076a800000, 0x000000076aa00000|  0%| F|  |TAMS 0x000000076a800000| PB 0x000000076a800000| Untracked 
| 853|0x000000076aa00000, 0x000000076aa00000, 0x000000076ac00000|  0%| F|  |TAMS 0x000000076aa00000| PB 0x000000076aa00000| Untracked 
| 854|0x000000076ac00000, 0x000000076ac00000, 0x000000076ae00000|  0%| F|  |TAMS 0x000000076ac00000| PB 0x000000076ac00000| Untracked 
| 855|0x000000076ae00000, 0x000000076ae00000, 0x000000076b000000|  0%| F|  |TAMS 0x000000076ae00000| PB 0x000000076ae00000| Untracked 
| 856|0x000000076b000000, 0x000000076b000000, 0x000000076b200000|  0%| F|  |TAMS 0x000000076b000000| PB 0x000000076b000000| Untracked 
| 857|0x000000076b200000, 0x000000076b200000, 0x000000076b400000|  0%| F|  |TAMS 0x000000076b200000| PB 0x000000076b200000| Untracked 
| 858|0x000000076b400000, 0x000000076b400000, 0x000000076b600000|  0%| F|  |TAMS 0x000000076b400000| PB 0x000000076b400000| Untracked 
| 859|0x000000076b600000, 0x000000076b600000, 0x000000076b800000|  0%| F|  |TAMS 0x000000076b600000| PB 0x000000076b600000| Untracked 
| 860|0x000000076b800000, 0x000000076b800000, 0x000000076ba00000|  0%| F|  |TAMS 0x000000076b800000| PB 0x000000076b800000| Untracked 
| 861|0x000000076ba00000, 0x000000076ba00000, 0x000000076bc00000|  0%| F|  |TAMS 0x000000076ba00000| PB 0x000000076ba00000| Untracked 
| 862|0x000000076bc00000, 0x000000076bc00000, 0x000000076be00000|  0%| F|  |TAMS 0x000000076bc00000| PB 0x000000076bc00000| Untracked 
| 863|0x000000076be00000, 0x000000076be00000, 0x000000076c000000|  0%| F|  |TAMS 0x000000076be00000| PB 0x000000076be00000| Untracked 
| 864|0x000000076c000000, 0x000000076c000000, 0x000000076c200000|  0%| F|  |TAMS 0x000000076c000000| PB 0x000000076c000000| Untracked 
| 865|0x000000076c200000, 0x000000076c200000, 0x000000076c400000|  0%| F|  |TAMS 0x000000076c200000| PB 0x000000076c200000| Untracked 
| 866|0x000000076c400000, 0x000000076c400000, 0x000000076c600000|  0%| F|  |TAMS 0x000000076c400000| PB 0x000000076c400000| Untracked 
| 867|0x000000076c600000, 0x000000076c600000, 0x000000076c800000|  0%| F|  |TAMS 0x000000076c600000| PB 0x000000076c600000| Untracked 
| 868|0x000000076c800000, 0x000000076c800000, 0x000000076ca00000|  0%| F|  |TAMS 0x000000076c800000| PB 0x000000076c800000| Untracked 
| 869|0x000000076ca00000, 0x000000076ca00000, 0x000000076cc00000|  0%| F|  |TAMS 0x000000076ca00000| PB 0x000000076ca00000| Untracked 
| 870|0x000000076cc00000, 0x000000076cc00000, 0x000000076ce00000|  0%| F|  |TAMS 0x000000076cc00000| PB 0x000000076cc00000| Untracked 
| 871|0x000000076ce00000, 0x000000076ce00000, 0x000000076d000000|  0%| F|  |TAMS 0x000000076ce00000| PB 0x000000076ce00000| Untracked 
| 872|0x000000076d000000, 0x000000076d000000, 0x000000076d200000|  0%| F|  |TAMS 0x000000076d000000| PB 0x000000076d000000| Untracked 
| 873|0x000000076d200000, 0x000000076d200000, 0x000000076d400000|  0%| F|  |TAMS 0x000000076d200000| PB 0x000000076d200000| Untracked 
| 874|0x000000076d400000, 0x000000076d400000, 0x000000076d600000|  0%| F|  |TAMS 0x000000076d400000| PB 0x000000076d400000| Untracked 
| 875|0x000000076d600000, 0x000000076d600000, 0x000000076d800000|  0%| F|  |TAMS 0x000000076d600000| PB 0x000000076d600000| Untracked 
| 876|0x000000076d800000, 0x000000076d800000, 0x000000076da00000|  0%| F|  |TAMS 0x000000076d800000| PB 0x000000076d800000| Untracked 
| 877|0x000000076da00000, 0x000000076da00000, 0x000000076dc00000|  0%| F|  |TAMS 0x000000076da00000| PB 0x000000076da00000| Untracked 
| 878|0x000000076dc00000, 0x000000076dc00000, 0x000000076de00000|  0%| F|  |TAMS 0x000000076dc00000| PB 0x000000076dc00000| Untracked 
| 879|0x000000076de00000, 0x000000076de00000, 0x000000076e000000|  0%| F|  |TAMS 0x000000076de00000| PB 0x000000076de00000| Untracked 
| 880|0x000000076e000000, 0x000000076e000000, 0x000000076e200000|  0%| F|  |TAMS 0x000000076e000000| PB 0x000000076e000000| Untracked 
| 881|0x000000076e200000, 0x000000076e200000, 0x000000076e400000|  0%| F|  |TAMS 0x000000076e200000| PB 0x000000076e200000| Untracked 
| 882|0x000000076e400000, 0x000000076e400000, 0x000000076e600000|  0%| F|  |TAMS 0x000000076e400000| PB 0x000000076e400000| Untracked 
| 883|0x000000076e600000, 0x000000076e600000, 0x000000076e800000|  0%| F|  |TAMS 0x000000076e600000| PB 0x000000076e600000| Untracked 
| 884|0x000000076e800000, 0x000000076e800000, 0x000000076ea00000|  0%| F|  |TAMS 0x000000076e800000| PB 0x000000076e800000| Untracked 
| 885|0x000000076ea00000, 0x000000076ea00000, 0x000000076ec00000|  0%| F|  |TAMS 0x000000076ea00000| PB 0x000000076ea00000| Untracked 
| 886|0x000000076ec00000, 0x000000076ec00000, 0x000000076ee00000|  0%| F|  |TAMS 0x000000076ec00000| PB 0x000000076ec00000| Untracked 
| 887|0x000000076ee00000, 0x000000076ee00000, 0x000000076f000000|  0%| F|  |TAMS 0x000000076ee00000| PB 0x000000076ee00000| Untracked 
| 888|0x000000076f000000, 0x000000076f000000, 0x000000076f200000|  0%| F|  |TAMS 0x000000076f000000| PB 0x000000076f000000| Untracked 
| 889|0x000000076f200000, 0x000000076f200000, 0x000000076f400000|  0%| F|  |TAMS 0x000000076f200000| PB 0x000000076f200000| Untracked 
| 890|0x000000076f400000, 0x000000076f400000, 0x000000076f600000|  0%| F|  |TAMS 0x000000076f400000| PB 0x000000076f400000| Untracked 
| 891|0x000000076f600000, 0x000000076f600000, 0x000000076f800000|  0%| F|  |TAMS 0x000000076f600000| PB 0x000000076f600000| Untracked 
| 892|0x000000076f800000, 0x000000076f800000, 0x000000076fa00000|  0%| F|  |TAMS 0x000000076f800000| PB 0x000000076f800000| Untracked 
| 893|0x000000076fa00000, 0x000000076fa00000, 0x000000076fc00000|  0%| F|  |TAMS 0x000000076fa00000| PB 0x000000076fa00000| Untracked 
| 894|0x000000076fc00000, 0x000000076fc00000, 0x000000076fe00000|  0%| F|  |TAMS 0x000000076fc00000| PB 0x000000076fc00000| Untracked 
| 895|0x000000076fe00000, 0x000000076fe00000, 0x0000000770000000|  0%| F|  |TAMS 0x000000076fe00000| PB 0x000000076fe00000| Untracked 
| 896|0x0000000770000000, 0x0000000770000000, 0x0000000770200000|  0%| F|  |TAMS 0x0000000770000000| PB 0x0000000770000000| Untracked 
| 897|0x0000000770200000, 0x0000000770200000, 0x0000000770400000|  0%| F|  |TAMS 0x0000000770200000| PB 0x0000000770200000| Untracked 
| 898|0x0000000770400000, 0x0000000770400000, 0x0000000770600000|  0%| F|  |TAMS 0x0000000770400000| PB 0x0000000770400000| Untracked 
| 899|0x0000000770600000, 0x0000000770600000, 0x0000000770800000|  0%| F|  |TAMS 0x0000000770600000| PB 0x0000000770600000| Untracked 
| 900|0x0000000770800000, 0x0000000770800000, 0x0000000770a00000|  0%| F|  |TAMS 0x0000000770800000| PB 0x0000000770800000| Untracked 
| 901|0x0000000770a00000, 0x0000000770a00000, 0x0000000770c00000|  0%| F|  |TAMS 0x0000000770a00000| PB 0x0000000770a00000| Untracked 
| 902|0x0000000770c00000, 0x0000000770c00000, 0x0000000770e00000|  0%| F|  |TAMS 0x0000000770c00000| PB 0x0000000770c00000| Untracked 
| 903|0x0000000770e00000, 0x0000000770e00000, 0x0000000771000000|  0%| F|  |TAMS 0x0000000770e00000| PB 0x0000000770e00000| Untracked 
| 904|0x0000000771000000, 0x0000000771000000, 0x0000000771200000|  0%| F|  |TAMS 0x0000000771000000| PB 0x0000000771000000| Untracked 
| 905|0x0000000771200000, 0x0000000771200000, 0x0000000771400000|  0%| F|  |TAMS 0x0000000771200000| PB 0x0000000771200000| Untracked 
| 906|0x0000000771400000, 0x0000000771400000, 0x0000000771600000|  0%| F|  |TAMS 0x0000000771400000| PB 0x0000000771400000| Untracked 
| 907|0x0000000771600000, 0x0000000771600000, 0x0000000771800000|  0%| F|  |TAMS 0x0000000771600000| PB 0x0000000771600000| Untracked 
| 908|0x0000000771800000, 0x0000000771800000, 0x0000000771a00000|  0%| F|  |TAMS 0x0000000771800000| PB 0x0000000771800000| Untracked 
| 909|0x0000000771a00000, 0x0000000771a00000, 0x0000000771c00000|  0%| F|  |TAMS 0x0000000771a00000| PB 0x0000000771a00000| Untracked 
| 910|0x0000000771c00000, 0x0000000771c00000, 0x0000000771e00000|  0%| F|  |TAMS 0x0000000771c00000| PB 0x0000000771c00000| Untracked 
| 911|0x0000000771e00000, 0x0000000771e00000, 0x0000000772000000|  0%| F|  |TAMS 0x0000000771e00000| PB 0x0000000771e00000| Untracked 
| 912|0x0000000772000000, 0x0000000772000000, 0x0000000772200000|  0%| F|  |TAMS 0x0000000772000000| PB 0x0000000772000000| Untracked 
| 913|0x0000000772200000, 0x0000000772200000, 0x0000000772400000|  0%| F|  |TAMS 0x0000000772200000| PB 0x0000000772200000| Untracked 
| 914|0x0000000772400000, 0x0000000772400000, 0x0000000772600000|  0%| F|  |TAMS 0x0000000772400000| PB 0x0000000772400000| Untracked 
| 915|0x0000000772600000, 0x0000000772600000, 0x0000000772800000|  0%| F|  |TAMS 0x0000000772600000| PB 0x0000000772600000| Untracked 
| 916|0x0000000772800000, 0x0000000772800000, 0x0000000772a00000|  0%| F|  |TAMS 0x0000000772800000| PB 0x0000000772800000| Untracked 
| 917|0x0000000772a00000, 0x0000000772a00000, 0x0000000772c00000|  0%| F|  |TAMS 0x0000000772a00000| PB 0x0000000772a00000| Untracked 
| 918|0x0000000772c00000, 0x0000000772c00000, 0x0000000772e00000|  0%| F|  |TAMS 0x0000000772c00000| PB 0x0000000772c00000| Untracked 
| 919|0x0000000772e00000, 0x0000000772e00000, 0x0000000773000000|  0%| F|  |TAMS 0x0000000772e00000| PB 0x0000000772e00000| Untracked 
| 920|0x0000000773000000, 0x0000000773000000, 0x0000000773200000|  0%| F|  |TAMS 0x0000000773000000| PB 0x0000000773000000| Untracked 
| 921|0x0000000773200000, 0x0000000773200000, 0x0000000773400000|  0%| F|  |TAMS 0x0000000773200000| PB 0x0000000773200000| Untracked 
| 922|0x0000000773400000, 0x0000000773400000, 0x0000000773600000|  0%| F|  |TAMS 0x0000000773400000| PB 0x0000000773400000| Untracked 
| 923|0x0000000773600000, 0x0000000773600000, 0x0000000773800000|  0%| F|  |TAMS 0x0000000773600000| PB 0x0000000773600000| Untracked 
| 924|0x0000000773800000, 0x0000000773800000, 0x0000000773a00000|  0%| F|  |TAMS 0x0000000773800000| PB 0x0000000773800000| Untracked 
| 925|0x0000000773a00000, 0x0000000773a00000, 0x0000000773c00000|  0%| F|  |TAMS 0x0000000773a00000| PB 0x0000000773a00000| Untracked 
| 926|0x0000000773c00000, 0x0000000773c00000, 0x0000000773e00000|  0%| F|  |TAMS 0x0000000773c00000| PB 0x0000000773c00000| Untracked 
| 927|0x0000000773e00000, 0x0000000773e00000, 0x0000000774000000|  0%| F|  |TAMS 0x0000000773e00000| PB 0x0000000773e00000| Untracked 
| 928|0x0000000774000000, 0x0000000774000000, 0x0000000774200000|  0%| F|  |TAMS 0x0000000774000000| PB 0x0000000774000000| Untracked 
| 929|0x0000000774200000, 0x0000000774200000, 0x0000000774400000|  0%| F|  |TAMS 0x0000000774200000| PB 0x0000000774200000| Untracked 
| 930|0x0000000774400000, 0x0000000774400000, 0x0000000774600000|  0%| F|  |TAMS 0x0000000774400000| PB 0x0000000774400000| Untracked 
| 931|0x0000000774600000, 0x0000000774600000, 0x0000000774800000|  0%| F|  |TAMS 0x0000000774600000| PB 0x0000000774600000| Untracked 
| 932|0x0000000774800000, 0x0000000774800000, 0x0000000774a00000|  0%| F|  |TAMS 0x0000000774800000| PB 0x0000000774800000| Untracked 
| 933|0x0000000774a00000, 0x0000000774a00000, 0x0000000774c00000|  0%| F|  |TAMS 0x0000000774a00000| PB 0x0000000774a00000| Untracked 
| 934|0x0000000774c00000, 0x0000000774c00000, 0x0000000774e00000|  0%| F|  |TAMS 0x0000000774c00000| PB 0x0000000774c00000| Untracked 
| 935|0x0000000774e00000, 0x0000000774e00000, 0x0000000775000000|  0%| F|  |TAMS 0x0000000774e00000| PB 0x0000000774e00000| Untracked 
| 936|0x0000000775000000, 0x0000000775000000, 0x0000000775200000|  0%| F|  |TAMS 0x0000000775000000| PB 0x0000000775000000| Untracked 
| 937|0x0000000775200000, 0x0000000775200000, 0x0000000775400000|  0%| F|  |TAMS 0x0000000775200000| PB 0x0000000775200000| Untracked 
| 938|0x0000000775400000, 0x0000000775400000, 0x0000000775600000|  0%| F|  |TAMS 0x0000000775400000| PB 0x0000000775400000| Untracked 
| 939|0x0000000775600000, 0x0000000775600000, 0x0000000775800000|  0%| F|  |TAMS 0x0000000775600000| PB 0x0000000775600000| Untracked 
| 940|0x0000000775800000, 0x0000000775800000, 0x0000000775a00000|  0%| F|  |TAMS 0x0000000775800000| PB 0x0000000775800000| Untracked 
| 941|0x0000000775a00000, 0x0000000775a00000, 0x0000000775c00000|  0%| F|  |TAMS 0x0000000775a00000| PB 0x0000000775a00000| Untracked 
| 942|0x0000000775c00000, 0x0000000775c00000, 0x0000000775e00000|  0%| F|  |TAMS 0x0000000775c00000| PB 0x0000000775c00000| Untracked 
| 943|0x0000000775e00000, 0x0000000775e00000, 0x0000000776000000|  0%| F|  |TAMS 0x0000000775e00000| PB 0x0000000775e00000| Untracked 
| 944|0x0000000776000000, 0x0000000776000000, 0x0000000776200000|  0%| F|  |TAMS 0x0000000776000000| PB 0x0000000776000000| Untracked 
| 945|0x0000000776200000, 0x0000000776200000, 0x0000000776400000|  0%| F|  |TAMS 0x0000000776200000| PB 0x0000000776200000| Untracked 
| 946|0x0000000776400000, 0x0000000776400000, 0x0000000776600000|  0%| F|  |TAMS 0x0000000776400000| PB 0x0000000776400000| Untracked 
| 947|0x0000000776600000, 0x0000000776600000, 0x0000000776800000|  0%| F|  |TAMS 0x0000000776600000| PB 0x0000000776600000| Untracked 
| 948|0x0000000776800000, 0x0000000776800000, 0x0000000776a00000|  0%| F|  |TAMS 0x0000000776800000| PB 0x0000000776800000| Untracked 
| 949|0x0000000776a00000, 0x0000000776a00000, 0x0000000776c00000|  0%| F|  |TAMS 0x0000000776a00000| PB 0x0000000776a00000| Untracked 
| 950|0x0000000776c00000, 0x0000000776c00000, 0x0000000776e00000|  0%| F|  |TAMS 0x0000000776c00000| PB 0x0000000776c00000| Untracked 
| 951|0x0000000776e00000, 0x0000000776e00000, 0x0000000777000000|  0%| F|  |TAMS 0x0000000776e00000| PB 0x0000000776e00000| Untracked 
| 952|0x0000000777000000, 0x0000000777000000, 0x0000000777200000|  0%| F|  |TAMS 0x0000000777000000| PB 0x0000000777000000| Untracked 
| 953|0x0000000777200000, 0x0000000777200000, 0x0000000777400000|  0%| F|  |TAMS 0x0000000777200000| PB 0x0000000777200000| Untracked 
| 954|0x0000000777400000, 0x0000000777400000, 0x0000000777600000|  0%| F|  |TAMS 0x0000000777400000| PB 0x0000000777400000| Untracked 
| 955|0x0000000777600000, 0x0000000777600000, 0x0000000777800000|  0%| F|  |TAMS 0x0000000777600000| PB 0x0000000777600000| Untracked 
| 956|0x0000000777800000, 0x0000000777800000, 0x0000000777a00000|  0%| F|  |TAMS 0x0000000777800000| PB 0x0000000777800000| Untracked 
| 957|0x0000000777a00000, 0x0000000777a00000, 0x0000000777c00000|  0%| F|  |TAMS 0x0000000777a00000| PB 0x0000000777a00000| Untracked 
| 958|0x0000000777c00000, 0x0000000777c00000, 0x0000000777e00000|  0%| F|  |TAMS 0x0000000777c00000| PB 0x0000000777c00000| Untracked 
| 959|0x0000000777e00000, 0x0000000777e00000, 0x0000000778000000|  0%| F|  |TAMS 0x0000000777e00000| PB 0x0000000777e00000| Untracked 
| 960|0x0000000778000000, 0x0000000778000000, 0x0000000778200000|  0%| F|  |TAMS 0x0000000778000000| PB 0x0000000778000000| Untracked 
| 961|0x0000000778200000, 0x0000000778200000, 0x0000000778400000|  0%| F|  |TAMS 0x0000000778200000| PB 0x0000000778200000| Untracked 
| 962|0x0000000778400000, 0x0000000778400000, 0x0000000778600000|  0%| F|  |TAMS 0x0000000778400000| PB 0x0000000778400000| Untracked 
| 963|0x0000000778600000, 0x0000000778600000, 0x0000000778800000|  0%| F|  |TAMS 0x0000000778600000| PB 0x0000000778600000| Untracked 
| 964|0x0000000778800000, 0x0000000778800000, 0x0000000778a00000|  0%| F|  |TAMS 0x0000000778800000| PB 0x0000000778800000| Untracked 
| 965|0x0000000778a00000, 0x0000000778a00000, 0x0000000778c00000|  0%| F|  |TAMS 0x0000000778a00000| PB 0x0000000778a00000| Untracked 
| 966|0x0000000778c00000, 0x0000000778c00000, 0x0000000778e00000|  0%| F|  |TAMS 0x0000000778c00000| PB 0x0000000778c00000| Untracked 
| 967|0x0000000778e00000, 0x0000000778e00000, 0x0000000779000000|  0%| F|  |TAMS 0x0000000778e00000| PB 0x0000000778e00000| Untracked 
| 968|0x0000000779000000, 0x0000000779000000, 0x0000000779200000|  0%| F|  |TAMS 0x0000000779000000| PB 0x0000000779000000| Untracked 
| 969|0x0000000779200000, 0x0000000779200000, 0x0000000779400000|  0%| F|  |TAMS 0x0000000779200000| PB 0x0000000779200000| Untracked 
| 970|0x0000000779400000, 0x0000000779400000, 0x0000000779600000|  0%| F|  |TAMS 0x0000000779400000| PB 0x0000000779400000| Untracked 
| 971|0x0000000779600000, 0x0000000779600000, 0x0000000779800000|  0%| F|  |TAMS 0x0000000779600000| PB 0x0000000779600000| Untracked 
| 972|0x0000000779800000, 0x0000000779800000, 0x0000000779a00000|  0%| F|  |TAMS 0x0000000779800000| PB 0x0000000779800000| Untracked 
| 973|0x0000000779a00000, 0x0000000779a00000, 0x0000000779c00000|  0%| F|  |TAMS 0x0000000779a00000| PB 0x0000000779a00000| Untracked 
| 974|0x0000000779c00000, 0x0000000779c00000, 0x0000000779e00000|  0%| F|  |TAMS 0x0000000779c00000| PB 0x0000000779c00000| Untracked 
| 975|0x0000000779e00000, 0x0000000779e00000, 0x000000077a000000|  0%| F|  |TAMS 0x0000000779e00000| PB 0x0000000779e00000| Untracked 
| 976|0x000000077a000000, 0x000000077a000000, 0x000000077a200000|  0%| F|  |TAMS 0x000000077a000000| PB 0x000000077a000000| Untracked 
| 977|0x000000077a200000, 0x000000077a200000, 0x000000077a400000|  0%| F|  |TAMS 0x000000077a200000| PB 0x000000077a200000| Untracked 
| 978|0x000000077a400000, 0x000000077a400000, 0x000000077a600000|  0%| F|  |TAMS 0x000000077a400000| PB 0x000000077a400000| Untracked 
| 979|0x000000077a600000, 0x000000077a600000, 0x000000077a800000|  0%| F|  |TAMS 0x000000077a600000| PB 0x000000077a600000| Untracked 
| 980|0x000000077a800000, 0x000000077a800000, 0x000000077aa00000|  0%| F|  |TAMS 0x000000077a800000| PB 0x000000077a800000| Untracked 
| 981|0x000000077aa00000, 0x000000077aa00000, 0x000000077ac00000|  0%| F|  |TAMS 0x000000077aa00000| PB 0x000000077aa00000| Untracked 
| 982|0x000000077ac00000, 0x000000077ac00000, 0x000000077ae00000|  0%| F|  |TAMS 0x000000077ac00000| PB 0x000000077ac00000| Untracked 
| 983|0x000000077ae00000, 0x000000077ae00000, 0x000000077b000000|  0%| F|  |TAMS 0x000000077ae00000| PB 0x000000077ae00000| Untracked 
| 984|0x000000077b000000, 0x000000077b000000, 0x000000077b200000|  0%| F|  |TAMS 0x000000077b000000| PB 0x000000077b000000| Untracked 
| 985|0x000000077b200000, 0x000000077b200000, 0x000000077b400000|  0%| F|  |TAMS 0x000000077b200000| PB 0x000000077b200000| Untracked 
| 986|0x000000077b400000, 0x000000077b400000, 0x000000077b600000|  0%| F|  |TAMS 0x000000077b400000| PB 0x000000077b400000| Untracked 
| 987|0x000000077b600000, 0x000000077b600000, 0x000000077b800000|  0%| F|  |TAMS 0x000000077b600000| PB 0x000000077b600000| Untracked 
| 988|0x000000077b800000, 0x000000077b800000, 0x000000077ba00000|  0%| F|  |TAMS 0x000000077b800000| PB 0x000000077b800000| Untracked 
| 989|0x000000077ba00000, 0x000000077ba00000, 0x000000077bc00000|  0%| F|  |TAMS 0x000000077ba00000| PB 0x000000077ba00000| Untracked 
| 990|0x000000077bc00000, 0x000000077bc00000, 0x000000077be00000|  0%| F|  |TAMS 0x000000077bc00000| PB 0x000000077bc00000| Untracked 
| 991|0x000000077be00000, 0x000000077be00000, 0x000000077c000000|  0%| F|  |TAMS 0x000000077be00000| PB 0x000000077be00000| Untracked 
| 992|0x000000077c000000, 0x000000077c000000, 0x000000077c200000|  0%| F|  |TAMS 0x000000077c000000| PB 0x000000077c000000| Untracked 
| 993|0x000000077c200000, 0x000000077c200000, 0x000000077c400000|  0%| F|  |TAMS 0x000000077c200000| PB 0x000000077c200000| Untracked 
| 994|0x000000077c400000, 0x000000077c400000, 0x000000077c600000|  0%| F|  |TAMS 0x000000077c400000| PB 0x000000077c400000| Untracked 
| 995|0x000000077c600000, 0x000000077c600000, 0x000000077c800000|  0%| F|  |TAMS 0x000000077c600000| PB 0x000000077c600000| Untracked 
| 996|0x000000077c800000, 0x000000077c800000, 0x000000077ca00000|  0%| F|  |TAMS 0x000000077c800000| PB 0x000000077c800000| Untracked 
| 997|0x000000077ca00000, 0x000000077ca00000, 0x000000077cc00000|  0%| F|  |TAMS 0x000000077ca00000| PB 0x000000077ca00000| Untracked 
| 998|0x000000077cc00000, 0x000000077cc00000, 0x000000077ce00000|  0%| F|  |TAMS 0x000000077cc00000| PB 0x000000077cc00000| Untracked 
| 999|0x000000077ce00000, 0x000000077ce00000, 0x000000077d000000|  0%| F|  |TAMS 0x000000077ce00000| PB 0x000000077ce00000| Untracked 
|1000|0x000000077d000000, 0x000000077d000000, 0x000000077d200000|  0%| F|  |TAMS 0x000000077d000000| PB 0x000000077d000000| Untracked 
|1001|0x000000077d200000, 0x000000077d200000, 0x000000077d400000|  0%| F|  |TAMS 0x000000077d200000| PB 0x000000077d200000| Untracked 
|1002|0x000000077d400000, 0x000000077d400000, 0x000000077d600000|  0%| F|  |TAMS 0x000000077d400000| PB 0x000000077d400000| Untracked 
|1003|0x000000077d600000, 0x000000077d600000, 0x000000077d800000|  0%| F|  |TAMS 0x000000077d600000| PB 0x000000077d600000| Untracked 
|1004|0x000000077d800000, 0x000000077d800000, 0x000000077da00000|  0%| F|  |TAMS 0x000000077d800000| PB 0x000000077d800000| Untracked 
|1005|0x000000077da00000, 0x000000077da00000, 0x000000077dc00000|  0%| F|  |TAMS 0x000000077da00000| PB 0x000000077da00000| Untracked 
|1006|0x000000077dc00000, 0x000000077dc00000, 0x000000077de00000|  0%| F|  |TAMS 0x000000077dc00000| PB 0x000000077dc00000| Untracked 
|1007|0x000000077de00000, 0x000000077de00000, 0x000000077e000000|  0%| F|  |TAMS 0x000000077de00000| PB 0x000000077de00000| Untracked 
|1008|0x000000077e000000, 0x000000077e000000, 0x000000077e200000|  0%| F|  |TAMS 0x000000077e000000| PB 0x000000077e000000| Untracked 
|1009|0x000000077e200000, 0x000000077e200000, 0x000000077e400000|  0%| F|  |TAMS 0x000000077e200000| PB 0x000000077e200000| Untracked 
|1010|0x000000077e400000, 0x000000077e400000, 0x000000077e600000|  0%| F|  |TAMS 0x000000077e400000| PB 0x000000077e400000| Untracked 
|1011|0x000000077e600000, 0x000000077e600000, 0x000000077e800000|  0%| F|  |TAMS 0x000000077e600000| PB 0x000000077e600000| Untracked 
|1012|0x000000077e800000, 0x000000077e800000, 0x000000077ea00000|  0%| F|  |TAMS 0x000000077e800000| PB 0x000000077e800000| Untracked 
|1013|0x000000077ea00000, 0x000000077ea00000, 0x000000077ec00000|  0%| F|  |TAMS 0x000000077ea00000| PB 0x000000077ea00000| Untracked 
|1014|0x000000077ec00000, 0x000000077ec00000, 0x000000077ee00000|  0%| F|  |TAMS 0x000000077ec00000| PB 0x000000077ec00000| Untracked 
|1015|0x000000077ee00000, 0x000000077ee00000, 0x000000077f000000|  0%| F|  |TAMS 0x000000077ee00000| PB 0x000000077ee00000| Untracked 
|1016|0x000000077f000000, 0x000000077f000000, 0x000000077f200000|  0%| F|  |TAMS 0x000000077f000000| PB 0x000000077f000000| Untracked 
|1017|0x000000077f200000, 0x000000077f200000, 0x000000077f400000|  0%| F|  |TAMS 0x000000077f200000| PB 0x000000077f200000| Untracked 
|1018|0x000000077f400000, 0x000000077f400000, 0x000000077f600000|  0%| F|  |TAMS 0x000000077f400000| PB 0x000000077f400000| Untracked 
|1019|0x000000077f600000, 0x000000077f600000, 0x000000077f800000|  0%| F|  |TAMS 0x000000077f600000| PB 0x000000077f600000| Untracked 
|1020|0x000000077f800000, 0x000000077f800000, 0x000000077fa00000|  0%| F|  |TAMS 0x000000077f800000| PB 0x000000077f800000| Untracked 
|1021|0x000000077fa00000, 0x000000077fa00000, 0x000000077fc00000|  0%| F|  |TAMS 0x000000077fa00000| PB 0x000000077fa00000| Untracked 
|1022|0x000000077fc00000, 0x000000077fc00000, 0x000000077fe00000|  0%| F|  |TAMS 0x000000077fc00000| PB 0x000000077fc00000| Untracked 
|1023|0x000000077fe00000, 0x000000077fe00000, 0x0000000780000000|  0%| F|  |TAMS 0x000000077fe00000| PB 0x000000077fe00000| Untracked 
|1024|0x0000000780000000, 0x0000000780000000, 0x0000000780200000|  0%| F|  |TAMS 0x0000000780000000| PB 0x0000000780000000| Untracked 
|1025|0x0000000780200000, 0x0000000780200000, 0x0000000780400000|  0%| F|  |TAMS 0x0000000780200000| PB 0x0000000780200000| Untracked 
|1026|0x0000000780400000, 0x0000000780400000, 0x0000000780600000|  0%| F|  |TAMS 0x0000000780400000| PB 0x0000000780400000| Untracked 
|1027|0x0000000780600000, 0x0000000780600000, 0x0000000780800000|  0%| F|  |TAMS 0x0000000780600000| PB 0x0000000780600000| Untracked 
|1028|0x0000000780800000, 0x0000000780800000, 0x0000000780a00000|  0%| F|  |TAMS 0x0000000780800000| PB 0x0000000780800000| Untracked 
|1029|0x0000000780a00000, 0x0000000780a00000, 0x0000000780c00000|  0%| F|  |TAMS 0x0000000780a00000| PB 0x0000000780a00000| Untracked 
|1030|0x0000000780c00000, 0x0000000780c00000, 0x0000000780e00000|  0%| F|  |TAMS 0x0000000780c00000| PB 0x0000000780c00000| Untracked 
|1031|0x0000000780e00000, 0x0000000780e00000, 0x0000000781000000|  0%| F|  |TAMS 0x0000000780e00000| PB 0x0000000780e00000| Untracked 
|1032|0x0000000781000000, 0x0000000781000000, 0x0000000781200000|  0%| F|  |TAMS 0x0000000781000000| PB 0x0000000781000000| Untracked 
|1033|0x0000000781200000, 0x0000000781200000, 0x0000000781400000|  0%| F|  |TAMS 0x0000000781200000| PB 0x0000000781200000| Untracked 
|1034|0x0000000781400000, 0x0000000781400000, 0x0000000781600000|  0%| F|  |TAMS 0x0000000781400000| PB 0x0000000781400000| Untracked 
|1035|0x0000000781600000, 0x0000000781600000, 0x0000000781800000|  0%| F|  |TAMS 0x0000000781600000| PB 0x0000000781600000| Untracked 
|1036|0x0000000781800000, 0x0000000781800000, 0x0000000781a00000|  0%| F|  |TAMS 0x0000000781800000| PB 0x0000000781800000| Untracked 
|1037|0x0000000781a00000, 0x0000000781a00000, 0x0000000781c00000|  0%| F|  |TAMS 0x0000000781a00000| PB 0x0000000781a00000| Untracked 
|1038|0x0000000781c00000, 0x0000000781c00000, 0x0000000781e00000|  0%| F|  |TAMS 0x0000000781c00000| PB 0x0000000781c00000| Untracked 
|1039|0x0000000781e00000, 0x0000000781e00000, 0x0000000782000000|  0%| F|  |TAMS 0x0000000781e00000| PB 0x0000000781e00000| Untracked 
|1040|0x0000000782000000, 0x0000000782000000, 0x0000000782200000|  0%| F|  |TAMS 0x0000000782000000| PB 0x0000000782000000| Untracked 
|1041|0x0000000782200000, 0x0000000782200000, 0x0000000782400000|  0%| F|  |TAMS 0x0000000782200000| PB 0x0000000782200000| Untracked 
|1042|0x0000000782400000, 0x0000000782400000, 0x0000000782600000|  0%| F|  |TAMS 0x0000000782400000| PB 0x0000000782400000| Untracked 
|1043|0x0000000782600000, 0x0000000782600000, 0x0000000782800000|  0%| F|  |TAMS 0x0000000782600000| PB 0x0000000782600000| Untracked 
|1044|0x0000000782800000, 0x0000000782800000, 0x0000000782a00000|  0%| F|  |TAMS 0x0000000782800000| PB 0x0000000782800000| Untracked 
|1045|0x0000000782a00000, 0x0000000782a00000, 0x0000000782c00000|  0%| F|  |TAMS 0x0000000782a00000| PB 0x0000000782a00000| Untracked 
|1046|0x0000000782c00000, 0x0000000782c00000, 0x0000000782e00000|  0%| F|  |TAMS 0x0000000782c00000| PB 0x0000000782c00000| Untracked 
|1047|0x0000000782e00000, 0x0000000782e00000, 0x0000000783000000|  0%| F|  |TAMS 0x0000000782e00000| PB 0x0000000782e00000| Untracked 
|1048|0x0000000783000000, 0x0000000783000000, 0x0000000783200000|  0%| F|  |TAMS 0x0000000783000000| PB 0x0000000783000000| Untracked 
|1049|0x0000000783200000, 0x0000000783200000, 0x0000000783400000|  0%| F|  |TAMS 0x0000000783200000| PB 0x0000000783200000| Untracked 
|1050|0x0000000783400000, 0x0000000783400000, 0x0000000783600000|  0%| F|  |TAMS 0x0000000783400000| PB 0x0000000783400000| Untracked 
|1051|0x0000000783600000, 0x0000000783600000, 0x0000000783800000|  0%| F|  |TAMS 0x0000000783600000| PB 0x0000000783600000| Untracked 
|1052|0x0000000783800000, 0x0000000783800000, 0x0000000783a00000|  0%| F|  |TAMS 0x0000000783800000| PB 0x0000000783800000| Untracked 
|1053|0x0000000783a00000, 0x0000000783a00000, 0x0000000783c00000|  0%| F|  |TAMS 0x0000000783a00000| PB 0x0000000783a00000| Untracked 
|1054|0x0000000783c00000, 0x0000000783c00000, 0x0000000783e00000|  0%| F|  |TAMS 0x0000000783c00000| PB 0x0000000783c00000| Untracked 
|1055|0x0000000783e00000, 0x0000000783e00000, 0x0000000784000000|  0%| F|  |TAMS 0x0000000783e00000| PB 0x0000000783e00000| Untracked 
|1056|0x0000000784000000, 0x0000000784000000, 0x0000000784200000|  0%| F|  |TAMS 0x0000000784000000| PB 0x0000000784000000| Untracked 
|1057|0x0000000784200000, 0x0000000784200000, 0x0000000784400000|  0%| F|  |TAMS 0x0000000784200000| PB 0x0000000784200000| Untracked 
|1058|0x0000000784400000, 0x0000000784400000, 0x0000000784600000|  0%| F|  |TAMS 0x0000000784400000| PB 0x0000000784400000| Untracked 
|1059|0x0000000784600000, 0x0000000784600000, 0x0000000784800000|  0%| F|  |TAMS 0x0000000784600000| PB 0x0000000784600000| Untracked 
|1060|0x0000000784800000, 0x0000000784800000, 0x0000000784a00000|  0%| F|  |TAMS 0x0000000784800000| PB 0x0000000784800000| Untracked 
|1061|0x0000000784a00000, 0x0000000784a00000, 0x0000000784c00000|  0%| F|  |TAMS 0x0000000784a00000| PB 0x0000000784a00000| Untracked 
|1062|0x0000000784c00000, 0x0000000784c00000, 0x0000000784e00000|  0%| F|  |TAMS 0x0000000784c00000| PB 0x0000000784c00000| Untracked 
|1063|0x0000000784e00000, 0x0000000784e00000, 0x0000000785000000|  0%| F|  |TAMS 0x0000000784e00000| PB 0x0000000784e00000| Untracked 
|1064|0x0000000785000000, 0x0000000785000000, 0x0000000785200000|  0%| F|  |TAMS 0x0000000785000000| PB 0x0000000785000000| Untracked 
|1065|0x0000000785200000, 0x0000000785200000, 0x0000000785400000|  0%| F|  |TAMS 0x0000000785200000| PB 0x0000000785200000| Untracked 
|1066|0x0000000785400000, 0x0000000785400000, 0x0000000785600000|  0%| F|  |TAMS 0x0000000785400000| PB 0x0000000785400000| Untracked 
|1067|0x0000000785600000, 0x0000000785600000, 0x0000000785800000|  0%| F|  |TAMS 0x0000000785600000| PB 0x0000000785600000| Untracked 
|1068|0x0000000785800000, 0x0000000785800000, 0x0000000785a00000|  0%| F|  |TAMS 0x0000000785800000| PB 0x0000000785800000| Untracked 
|1069|0x0000000785a00000, 0x0000000785a00000, 0x0000000785c00000|  0%| F|  |TAMS 0x0000000785a00000| PB 0x0000000785a00000| Untracked 
|1070|0x0000000785c00000, 0x0000000785c00000, 0x0000000785e00000|  0%| F|  |TAMS 0x0000000785c00000| PB 0x0000000785c00000| Untracked 
|1071|0x0000000785e00000, 0x0000000785e00000, 0x0000000786000000|  0%| F|  |TAMS 0x0000000785e00000| PB 0x0000000785e00000| Untracked 
|1072|0x0000000786000000, 0x0000000786000000, 0x0000000786200000|  0%| F|  |TAMS 0x0000000786000000| PB 0x0000000786000000| Untracked 
|1073|0x0000000786200000, 0x0000000786200000, 0x0000000786400000|  0%| F|  |TAMS 0x0000000786200000| PB 0x0000000786200000| Untracked 
|1074|0x0000000786400000, 0x0000000786400000, 0x0000000786600000|  0%| F|  |TAMS 0x0000000786400000| PB 0x0000000786400000| Untracked 
|1075|0x0000000786600000, 0x0000000786600000, 0x0000000786800000|  0%| F|  |TAMS 0x0000000786600000| PB 0x0000000786600000| Untracked 
|1076|0x0000000786800000, 0x0000000786800000, 0x0000000786a00000|  0%| F|  |TAMS 0x0000000786800000| PB 0x0000000786800000| Untracked 
|1077|0x0000000786a00000, 0x0000000786a00000, 0x0000000786c00000|  0%| F|  |TAMS 0x0000000786a00000| PB 0x0000000786a00000| Untracked 
|1078|0x0000000786c00000, 0x0000000786c00000, 0x0000000786e00000|  0%| F|  |TAMS 0x0000000786c00000| PB 0x0000000786c00000| Untracked 
|1079|0x0000000786e00000, 0x0000000786e00000, 0x0000000787000000|  0%| F|  |TAMS 0x0000000786e00000| PB 0x0000000786e00000| Untracked 
|1080|0x0000000787000000, 0x0000000787000000, 0x0000000787200000|  0%| F|  |TAMS 0x0000000787000000| PB 0x0000000787000000| Untracked 
|1081|0x0000000787200000, 0x0000000787200000, 0x0000000787400000|  0%| F|  |TAMS 0x0000000787200000| PB 0x0000000787200000| Untracked 
|1082|0x0000000787400000, 0x0000000787400000, 0x0000000787600000|  0%| F|  |TAMS 0x0000000787400000| PB 0x0000000787400000| Untracked 
|1083|0x0000000787600000, 0x0000000787600000, 0x0000000787800000|  0%| F|  |TAMS 0x0000000787600000| PB 0x0000000787600000| Untracked 
|1084|0x0000000787800000, 0x0000000787800000, 0x0000000787a00000|  0%| F|  |TAMS 0x0000000787800000| PB 0x0000000787800000| Untracked 
|1085|0x0000000787a00000, 0x0000000787a00000, 0x0000000787c00000|  0%| F|  |TAMS 0x0000000787a00000| PB 0x0000000787a00000| Untracked 
|1086|0x0000000787c00000, 0x0000000787c00000, 0x0000000787e00000|  0%| F|  |TAMS 0x0000000787c00000| PB 0x0000000787c00000| Untracked 
|1087|0x0000000787e00000, 0x0000000787e00000, 0x0000000788000000|  0%| F|  |TAMS 0x0000000787e00000| PB 0x0000000787e00000| Untracked 
|1088|0x0000000788000000, 0x0000000788000000, 0x0000000788200000|  0%| F|  |TAMS 0x0000000788000000| PB 0x0000000788000000| Untracked 
|1089|0x0000000788200000, 0x0000000788200000, 0x0000000788400000|  0%| F|  |TAMS 0x0000000788200000| PB 0x0000000788200000| Untracked 
|1090|0x0000000788400000, 0x0000000788400000, 0x0000000788600000|  0%| F|  |TAMS 0x0000000788400000| PB 0x0000000788400000| Untracked 
|1091|0x0000000788600000, 0x0000000788600000, 0x0000000788800000|  0%| F|  |TAMS 0x0000000788600000| PB 0x0000000788600000| Untracked 
|1092|0x0000000788800000, 0x0000000788800000, 0x0000000788a00000|  0%| F|  |TAMS 0x0000000788800000| PB 0x0000000788800000| Untracked 
|1093|0x0000000788a00000, 0x0000000788a00000, 0x0000000788c00000|  0%| F|  |TAMS 0x0000000788a00000| PB 0x0000000788a00000| Untracked 
|1094|0x0000000788c00000, 0x0000000788c00000, 0x0000000788e00000|  0%| F|  |TAMS 0x0000000788c00000| PB 0x0000000788c00000| Untracked 
|1095|0x0000000788e00000, 0x0000000788e00000, 0x0000000789000000|  0%| F|  |TAMS 0x0000000788e00000| PB 0x0000000788e00000| Untracked 
|1096|0x0000000789000000, 0x0000000789000000, 0x0000000789200000|  0%| F|  |TAMS 0x0000000789000000| PB 0x0000000789000000| Untracked 
|1097|0x0000000789200000, 0x0000000789200000, 0x0000000789400000|  0%| F|  |TAMS 0x0000000789200000| PB 0x0000000789200000| Untracked 
|1098|0x0000000789400000, 0x0000000789400000, 0x0000000789600000|  0%| F|  |TAMS 0x0000000789400000| PB 0x0000000789400000| Untracked 
|1099|0x0000000789600000, 0x0000000789600000, 0x0000000789800000|  0%| F|  |TAMS 0x0000000789600000| PB 0x0000000789600000| Untracked 
|1100|0x0000000789800000, 0x0000000789800000, 0x0000000789a00000|  0%| F|  |TAMS 0x0000000789800000| PB 0x0000000789800000| Untracked 
|1101|0x0000000789a00000, 0x0000000789a00000, 0x0000000789c00000|  0%| F|  |TAMS 0x0000000789a00000| PB 0x0000000789a00000| Untracked 
|1102|0x0000000789c00000, 0x0000000789c00000, 0x0000000789e00000|  0%| F|  |TAMS 0x0000000789c00000| PB 0x0000000789c00000| Untracked 
|1103|0x0000000789e00000, 0x0000000789e00000, 0x000000078a000000|  0%| F|  |TAMS 0x0000000789e00000| PB 0x0000000789e00000| Untracked 
|1104|0x000000078a000000, 0x000000078a000000, 0x000000078a200000|  0%| F|  |TAMS 0x000000078a000000| PB 0x000000078a000000| Untracked 
|1105|0x000000078a200000, 0x000000078a200000, 0x000000078a400000|  0%| F|  |TAMS 0x000000078a200000| PB 0x000000078a200000| Untracked 
|1106|0x000000078a400000, 0x000000078a400000, 0x000000078a600000|  0%| F|  |TAMS 0x000000078a400000| PB 0x000000078a400000| Untracked 
|1107|0x000000078a600000, 0x000000078a600000, 0x000000078a800000|  0%| F|  |TAMS 0x000000078a600000| PB 0x000000078a600000| Untracked 
|1108|0x000000078a800000, 0x000000078a800000, 0x000000078aa00000|  0%| F|  |TAMS 0x000000078a800000| PB 0x000000078a800000| Untracked 
|1109|0x000000078aa00000, 0x000000078aa00000, 0x000000078ac00000|  0%| F|  |TAMS 0x000000078aa00000| PB 0x000000078aa00000| Untracked 
|1110|0x000000078ac00000, 0x000000078ac00000, 0x000000078ae00000|  0%| F|  |TAMS 0x000000078ac00000| PB 0x000000078ac00000| Untracked 
|1111|0x000000078ae00000, 0x000000078ae00000, 0x000000078b000000|  0%| F|  |TAMS 0x000000078ae00000| PB 0x000000078ae00000| Untracked 
|1112|0x000000078b000000, 0x000000078b000000, 0x000000078b200000|  0%| F|  |TAMS 0x000000078b000000| PB 0x000000078b000000| Untracked 
|1113|0x000000078b200000, 0x000000078b200000, 0x000000078b400000|  0%| F|  |TAMS 0x000000078b200000| PB 0x000000078b200000| Untracked 
|1114|0x000000078b400000, 0x000000078b400000, 0x000000078b600000|  0%| F|  |TAMS 0x000000078b400000| PB 0x000000078b400000| Untracked 
|1115|0x000000078b600000, 0x000000078b600000, 0x000000078b800000|  0%| F|  |TAMS 0x000000078b600000| PB 0x000000078b600000| Untracked 
|1116|0x000000078b800000, 0x000000078b800000, 0x000000078ba00000|  0%| F|  |TAMS 0x000000078b800000| PB 0x000000078b800000| Untracked 
|1117|0x000000078ba00000, 0x000000078ba00000, 0x000000078bc00000|  0%| F|  |TAMS 0x000000078ba00000| PB 0x000000078ba00000| Untracked 
|1118|0x000000078bc00000, 0x000000078bc00000, 0x000000078be00000|  0%| F|  |TAMS 0x000000078bc00000| PB 0x000000078bc00000| Untracked 
|1119|0x000000078be00000, 0x000000078be00000, 0x000000078c000000|  0%| F|  |TAMS 0x000000078be00000| PB 0x000000078be00000| Untracked 
|1120|0x000000078c000000, 0x000000078c000000, 0x000000078c200000|  0%| F|  |TAMS 0x000000078c000000| PB 0x000000078c000000| Untracked 
|1121|0x000000078c200000, 0x000000078c200000, 0x000000078c400000|  0%| F|  |TAMS 0x000000078c200000| PB 0x000000078c200000| Untracked 
|1122|0x000000078c400000, 0x000000078c400000, 0x000000078c600000|  0%| F|  |TAMS 0x000000078c400000| PB 0x000000078c400000| Untracked 
|1123|0x000000078c600000, 0x000000078c600000, 0x000000078c800000|  0%| F|  |TAMS 0x000000078c600000| PB 0x000000078c600000| Untracked 
|1124|0x000000078c800000, 0x000000078c800000, 0x000000078ca00000|  0%| F|  |TAMS 0x000000078c800000| PB 0x000000078c800000| Untracked 
|1125|0x000000078ca00000, 0x000000078ca00000, 0x000000078cc00000|  0%| F|  |TAMS 0x000000078ca00000| PB 0x000000078ca00000| Untracked 
|1126|0x000000078cc00000, 0x000000078cc00000, 0x000000078ce00000|  0%| F|  |TAMS 0x000000078cc00000| PB 0x000000078cc00000| Untracked 
|1127|0x000000078ce00000, 0x000000078ce00000, 0x000000078d000000|  0%| F|  |TAMS 0x000000078ce00000| PB 0x000000078ce00000| Untracked 
|1128|0x000000078d000000, 0x000000078d000000, 0x000000078d200000|  0%| F|  |TAMS 0x000000078d000000| PB 0x000000078d000000| Untracked 
|1129|0x000000078d200000, 0x000000078d200000, 0x000000078d400000|  0%| F|  |TAMS 0x000000078d200000| PB 0x000000078d200000| Untracked 
|1130|0x000000078d400000, 0x000000078d400000, 0x000000078d600000|  0%| F|  |TAMS 0x000000078d400000| PB 0x000000078d400000| Untracked 
|1131|0x000000078d600000, 0x000000078d600000, 0x000000078d800000|  0%| F|  |TAMS 0x000000078d600000| PB 0x000000078d600000| Untracked 
|1132|0x000000078d800000, 0x000000078d800000, 0x000000078da00000|  0%| F|  |TAMS 0x000000078d800000| PB 0x000000078d800000| Untracked 
|1133|0x000000078da00000, 0x000000078da00000, 0x000000078dc00000|  0%| F|  |TAMS 0x000000078da00000| PB 0x000000078da00000| Untracked 
|1134|0x000000078dc00000, 0x000000078dc00000, 0x000000078de00000|  0%| F|  |TAMS 0x000000078dc00000| PB 0x000000078dc00000| Untracked 
|1135|0x000000078de00000, 0x000000078de00000, 0x000000078e000000|  0%| F|  |TAMS 0x000000078de00000| PB 0x000000078de00000| Untracked 
|1136|0x000000078e000000, 0x000000078e000000, 0x000000078e200000|  0%| F|  |TAMS 0x000000078e000000| PB 0x000000078e000000| Untracked 
|1137|0x000000078e200000, 0x000000078e200000, 0x000000078e400000|  0%| F|  |TAMS 0x000000078e200000| PB 0x000000078e200000| Untracked 
|1138|0x000000078e400000, 0x000000078e400000, 0x000000078e600000|  0%| F|  |TAMS 0x000000078e400000| PB 0x000000078e400000| Untracked 
|1139|0x000000078e600000, 0x000000078e600000, 0x000000078e800000|  0%| F|  |TAMS 0x000000078e600000| PB 0x000000078e600000| Untracked 
|1140|0x000000078e800000, 0x000000078e800000, 0x000000078ea00000|  0%| F|  |TAMS 0x000000078e800000| PB 0x000000078e800000| Untracked 
|1141|0x000000078ea00000, 0x000000078ea00000, 0x000000078ec00000|  0%| F|  |TAMS 0x000000078ea00000| PB 0x000000078ea00000| Untracked 
|1142|0x000000078ec00000, 0x000000078ec00000, 0x000000078ee00000|  0%| F|  |TAMS 0x000000078ec00000| PB 0x000000078ec00000| Untracked 
|1143|0x000000078ee00000, 0x000000078ee00000, 0x000000078f000000|  0%| F|  |TAMS 0x000000078ee00000| PB 0x000000078ee00000| Untracked 
|1144|0x000000078f000000, 0x000000078f000000, 0x000000078f200000|  0%| F|  |TAMS 0x000000078f000000| PB 0x000000078f000000| Untracked 
|1145|0x000000078f200000, 0x000000078f200000, 0x000000078f400000|  0%| F|  |TAMS 0x000000078f200000| PB 0x000000078f200000| Untracked 
|1146|0x000000078f400000, 0x000000078f400000, 0x000000078f600000|  0%| F|  |TAMS 0x000000078f400000| PB 0x000000078f400000| Untracked 
|1147|0x000000078f600000, 0x000000078f600000, 0x000000078f800000|  0%| F|  |TAMS 0x000000078f600000| PB 0x000000078f600000| Untracked 
|1148|0x000000078f800000, 0x000000078f800000, 0x000000078fa00000|  0%| F|  |TAMS 0x000000078f800000| PB 0x000000078f800000| Untracked 
|1149|0x000000078fa00000, 0x000000078fa00000, 0x000000078fc00000|  0%| F|  |TAMS 0x000000078fa00000| PB 0x000000078fa00000| Untracked 
|1150|0x000000078fc00000, 0x000000078fc00000, 0x000000078fe00000|  0%| F|  |TAMS 0x000000078fc00000| PB 0x000000078fc00000| Untracked 
|1151|0x000000078fe00000, 0x000000078fe00000, 0x0000000790000000|  0%| F|  |TAMS 0x000000078fe00000| PB 0x000000078fe00000| Untracked 
|1152|0x0000000790000000, 0x0000000790000000, 0x0000000790200000|  0%| F|  |TAMS 0x0000000790000000| PB 0x0000000790000000| Untracked 
|1153|0x0000000790200000, 0x0000000790200000, 0x0000000790400000|  0%| F|  |TAMS 0x0000000790200000| PB 0x0000000790200000| Untracked 
|1154|0x0000000790400000, 0x0000000790400000, 0x0000000790600000|  0%| F|  |TAMS 0x0000000790400000| PB 0x0000000790400000| Untracked 
|1155|0x0000000790600000, 0x0000000790600000, 0x0000000790800000|  0%| F|  |TAMS 0x0000000790600000| PB 0x0000000790600000| Untracked 
|1156|0x0000000790800000, 0x0000000790800000, 0x0000000790a00000|  0%| F|  |TAMS 0x0000000790800000| PB 0x0000000790800000| Untracked 
|1157|0x0000000790a00000, 0x0000000790a00000, 0x0000000790c00000|  0%| F|  |TAMS 0x0000000790a00000| PB 0x0000000790a00000| Untracked 
|1158|0x0000000790c00000, 0x0000000790c00000, 0x0000000790e00000|  0%| F|  |TAMS 0x0000000790c00000| PB 0x0000000790c00000| Untracked 
|1159|0x0000000790e00000, 0x0000000790e00000, 0x0000000791000000|  0%| F|  |TAMS 0x0000000790e00000| PB 0x0000000790e00000| Untracked 
|1160|0x0000000791000000, 0x0000000791000000, 0x0000000791200000|  0%| F|  |TAMS 0x0000000791000000| PB 0x0000000791000000| Untracked 
|1161|0x0000000791200000, 0x0000000791200000, 0x0000000791400000|  0%| F|  |TAMS 0x0000000791200000| PB 0x0000000791200000| Untracked 
|1162|0x0000000791400000, 0x0000000791400000, 0x0000000791600000|  0%| F|  |TAMS 0x0000000791400000| PB 0x0000000791400000| Untracked 
|1163|0x0000000791600000, 0x0000000791600000, 0x0000000791800000|  0%| F|  |TAMS 0x0000000791600000| PB 0x0000000791600000| Untracked 
|1164|0x0000000791800000, 0x0000000791800000, 0x0000000791a00000|  0%| F|  |TAMS 0x0000000791800000| PB 0x0000000791800000| Untracked 
|1165|0x0000000791a00000, 0x0000000791a00000, 0x0000000791c00000|  0%| F|  |TAMS 0x0000000791a00000| PB 0x0000000791a00000| Untracked 
|1166|0x0000000791c00000, 0x0000000791c00000, 0x0000000791e00000|  0%| F|  |TAMS 0x0000000791c00000| PB 0x0000000791c00000| Untracked 
|1167|0x0000000791e00000, 0x0000000791e00000, 0x0000000792000000|  0%| F|  |TAMS 0x0000000791e00000| PB 0x0000000791e00000| Untracked 
|1168|0x0000000792000000, 0x0000000792000000, 0x0000000792200000|  0%| F|  |TAMS 0x0000000792000000| PB 0x0000000792000000| Untracked 
|1169|0x0000000792200000, 0x0000000792200000, 0x0000000792400000|  0%| F|  |TAMS 0x0000000792200000| PB 0x0000000792200000| Untracked 
|1170|0x0000000792400000, 0x0000000792400000, 0x0000000792600000|  0%| F|  |TAMS 0x0000000792400000| PB 0x0000000792400000| Untracked 
|1171|0x0000000792600000, 0x0000000792600000, 0x0000000792800000|  0%| F|  |TAMS 0x0000000792600000| PB 0x0000000792600000| Untracked 
|1172|0x0000000792800000, 0x0000000792800000, 0x0000000792a00000|  0%| F|  |TAMS 0x0000000792800000| PB 0x0000000792800000| Untracked 
|1173|0x0000000792a00000, 0x0000000792a00000, 0x0000000792c00000|  0%| F|  |TAMS 0x0000000792a00000| PB 0x0000000792a00000| Untracked 
|1174|0x0000000792c00000, 0x0000000792c00000, 0x0000000792e00000|  0%| F|  |TAMS 0x0000000792c00000| PB 0x0000000792c00000| Untracked 
|1175|0x0000000792e00000, 0x0000000792e00000, 0x0000000793000000|  0%| F|  |TAMS 0x0000000792e00000| PB 0x0000000792e00000| Untracked 
|1176|0x0000000793000000, 0x0000000793000000, 0x0000000793200000|  0%| F|  |TAMS 0x0000000793000000| PB 0x0000000793000000| Untracked 
|1177|0x0000000793200000, 0x0000000793200000, 0x0000000793400000|  0%| F|  |TAMS 0x0000000793200000| PB 0x0000000793200000| Untracked 
|1178|0x0000000793400000, 0x0000000793400000, 0x0000000793600000|  0%| F|  |TAMS 0x0000000793400000| PB 0x0000000793400000| Untracked 
|1179|0x0000000793600000, 0x0000000793600000, 0x0000000793800000|  0%| F|  |TAMS 0x0000000793600000| PB 0x0000000793600000| Untracked 
|1180|0x0000000793800000, 0x0000000793800000, 0x0000000793a00000|  0%| F|  |TAMS 0x0000000793800000| PB 0x0000000793800000| Untracked 
|1181|0x0000000793a00000, 0x0000000793a00000, 0x0000000793c00000|  0%| F|  |TAMS 0x0000000793a00000| PB 0x0000000793a00000| Untracked 
|1182|0x0000000793c00000, 0x0000000793c00000, 0x0000000793e00000|  0%| F|  |TAMS 0x0000000793c00000| PB 0x0000000793c00000| Untracked 
|1183|0x0000000793e00000, 0x0000000793e00000, 0x0000000794000000|  0%| F|  |TAMS 0x0000000793e00000| PB 0x0000000793e00000| Untracked 
|1184|0x0000000794000000, 0x0000000794000000, 0x0000000794200000|  0%| F|  |TAMS 0x0000000794000000| PB 0x0000000794000000| Untracked 
|1185|0x0000000794200000, 0x0000000794200000, 0x0000000794400000|  0%| F|  |TAMS 0x0000000794200000| PB 0x0000000794200000| Untracked 
|1186|0x0000000794400000, 0x0000000794400000, 0x0000000794600000|  0%| F|  |TAMS 0x0000000794400000| PB 0x0000000794400000| Untracked 
|1187|0x0000000794600000, 0x0000000794600000, 0x0000000794800000|  0%| F|  |TAMS 0x0000000794600000| PB 0x0000000794600000| Untracked 
|1188|0x0000000794800000, 0x0000000794800000, 0x0000000794a00000|  0%| F|  |TAMS 0x0000000794800000| PB 0x0000000794800000| Untracked 
|1189|0x0000000794a00000, 0x0000000794a00000, 0x0000000794c00000|  0%| F|  |TAMS 0x0000000794a00000| PB 0x0000000794a00000| Untracked 
|1190|0x0000000794c00000, 0x0000000794c00000, 0x0000000794e00000|  0%| F|  |TAMS 0x0000000794c00000| PB 0x0000000794c00000| Untracked 
|1191|0x0000000794e00000, 0x0000000794e00000, 0x0000000795000000|  0%| F|  |TAMS 0x0000000794e00000| PB 0x0000000794e00000| Untracked 
|1192|0x0000000795000000, 0x0000000795000000, 0x0000000795200000|  0%| F|  |TAMS 0x0000000795000000| PB 0x0000000795000000| Untracked 
|1193|0x0000000795200000, 0x0000000795200000, 0x0000000795400000|  0%| F|  |TAMS 0x0000000795200000| PB 0x0000000795200000| Untracked 
|1194|0x0000000795400000, 0x0000000795400000, 0x0000000795600000|  0%| F|  |TAMS 0x0000000795400000| PB 0x0000000795400000| Untracked 
|1195|0x0000000795600000, 0x0000000795600000, 0x0000000795800000|  0%| F|  |TAMS 0x0000000795600000| PB 0x0000000795600000| Untracked 
|1196|0x0000000795800000, 0x0000000795800000, 0x0000000795a00000|  0%| F|  |TAMS 0x0000000795800000| PB 0x0000000795800000| Untracked 
|1197|0x0000000795a00000, 0x0000000795a00000, 0x0000000795c00000|  0%| F|  |TAMS 0x0000000795a00000| PB 0x0000000795a00000| Untracked 
|1198|0x0000000795c00000, 0x0000000795c00000, 0x0000000795e00000|  0%| F|  |TAMS 0x0000000795c00000| PB 0x0000000795c00000| Untracked 
|1199|0x0000000795e00000, 0x0000000795e00000, 0x0000000796000000|  0%| F|  |TAMS 0x0000000795e00000| PB 0x0000000795e00000| Untracked 
|1200|0x0000000796000000, 0x0000000796000000, 0x0000000796200000|  0%| F|  |TAMS 0x0000000796000000| PB 0x0000000796000000| Untracked 
|1201|0x0000000796200000, 0x0000000796200000, 0x0000000796400000|  0%| F|  |TAMS 0x0000000796200000| PB 0x0000000796200000| Untracked 
|1202|0x0000000796400000, 0x0000000796400000, 0x0000000796600000|  0%| F|  |TAMS 0x0000000796400000| PB 0x0000000796400000| Untracked 
|1203|0x0000000796600000, 0x0000000796600000, 0x0000000796800000|  0%| F|  |TAMS 0x0000000796600000| PB 0x0000000796600000| Untracked 
|1204|0x0000000796800000, 0x0000000796800000, 0x0000000796a00000|  0%| F|  |TAMS 0x0000000796800000| PB 0x0000000796800000| Untracked 
|1205|0x0000000796a00000, 0x0000000796a00000, 0x0000000796c00000|  0%| F|  |TAMS 0x0000000796a00000| PB 0x0000000796a00000| Untracked 
|1206|0x0000000796c00000, 0x0000000796c00000, 0x0000000796e00000|  0%| F|  |TAMS 0x0000000796c00000| PB 0x0000000796c00000| Untracked 
|1207|0x0000000796e00000, 0x0000000796e00000, 0x0000000797000000|  0%| F|  |TAMS 0x0000000796e00000| PB 0x0000000796e00000| Untracked 
|1208|0x0000000797000000, 0x0000000797000000, 0x0000000797200000|  0%| F|  |TAMS 0x0000000797000000| PB 0x0000000797000000| Untracked 
|1209|0x0000000797200000, 0x0000000797200000, 0x0000000797400000|  0%| F|  |TAMS 0x0000000797200000| PB 0x0000000797200000| Untracked 
|1210|0x0000000797400000, 0x0000000797400000, 0x0000000797600000|  0%| F|  |TAMS 0x0000000797400000| PB 0x0000000797400000| Untracked 
|1211|0x0000000797600000, 0x0000000797600000, 0x0000000797800000|  0%| F|  |TAMS 0x0000000797600000| PB 0x0000000797600000| Untracked 
|1212|0x0000000797800000, 0x0000000797800000, 0x0000000797a00000|  0%| F|  |TAMS 0x0000000797800000| PB 0x0000000797800000| Untracked 
|1213|0x0000000797a00000, 0x0000000797a00000, 0x0000000797c00000|  0%| F|  |TAMS 0x0000000797a00000| PB 0x0000000797a00000| Untracked 
|1214|0x0000000797c00000, 0x0000000797c00000, 0x0000000797e00000|  0%| F|  |TAMS 0x0000000797c00000| PB 0x0000000797c00000| Untracked 
|1215|0x0000000797e00000, 0x0000000797e00000, 0x0000000798000000|  0%| F|  |TAMS 0x0000000797e00000| PB 0x0000000797e00000| Untracked 
|1216|0x0000000798000000, 0x0000000798000000, 0x0000000798200000|  0%| F|  |TAMS 0x0000000798000000| PB 0x0000000798000000| Untracked 
|1217|0x0000000798200000, 0x0000000798200000, 0x0000000798400000|  0%| F|  |TAMS 0x0000000798200000| PB 0x0000000798200000| Untracked 
|1218|0x0000000798400000, 0x0000000798400000, 0x0000000798600000|  0%| F|  |TAMS 0x0000000798400000| PB 0x0000000798400000| Untracked 
|1219|0x0000000798600000, 0x0000000798600000, 0x0000000798800000|  0%| F|  |TAMS 0x0000000798600000| PB 0x0000000798600000| Untracked 
|1220|0x0000000798800000, 0x0000000798800000, 0x0000000798a00000|  0%| F|  |TAMS 0x0000000798800000| PB 0x0000000798800000| Untracked 
|1221|0x0000000798a00000, 0x0000000798a00000, 0x0000000798c00000|  0%| F|  |TAMS 0x0000000798a00000| PB 0x0000000798a00000| Untracked 
|1222|0x0000000798c00000, 0x0000000798c00000, 0x0000000798e00000|  0%| F|  |TAMS 0x0000000798c00000| PB 0x0000000798c00000| Untracked 
|1223|0x0000000798e00000, 0x0000000798e00000, 0x0000000799000000|  0%| F|  |TAMS 0x0000000798e00000| PB 0x0000000798e00000| Untracked 
|1224|0x0000000799000000, 0x0000000799000000, 0x0000000799200000|  0%| F|  |TAMS 0x0000000799000000| PB 0x0000000799000000| Untracked 
|1225|0x0000000799200000, 0x0000000799200000, 0x0000000799400000|  0%| F|  |TAMS 0x0000000799200000| PB 0x0000000799200000| Untracked 
|1226|0x0000000799400000, 0x0000000799400000, 0x0000000799600000|  0%| F|  |TAMS 0x0000000799400000| PB 0x0000000799400000| Untracked 
|1227|0x0000000799600000, 0x0000000799600000, 0x0000000799800000|  0%| F|  |TAMS 0x0000000799600000| PB 0x0000000799600000| Untracked 
|1228|0x0000000799800000, 0x0000000799800000, 0x0000000799a00000|  0%| F|  |TAMS 0x0000000799800000| PB 0x0000000799800000| Untracked 
|1229|0x0000000799a00000, 0x0000000799a00000, 0x0000000799c00000|  0%| F|  |TAMS 0x0000000799a00000| PB 0x0000000799a00000| Untracked 
|1230|0x0000000799c00000, 0x0000000799c00000, 0x0000000799e00000|  0%| F|  |TAMS 0x0000000799c00000| PB 0x0000000799c00000| Untracked 
|1231|0x0000000799e00000, 0x0000000799e00000, 0x000000079a000000|  0%| F|  |TAMS 0x0000000799e00000| PB 0x0000000799e00000| Untracked 
|1232|0x000000079a000000, 0x000000079a000000, 0x000000079a200000|  0%| F|  |TAMS 0x000000079a000000| PB 0x000000079a000000| Untracked 
|1233|0x000000079a200000, 0x000000079a200000, 0x000000079a400000|  0%| F|  |TAMS 0x000000079a200000| PB 0x000000079a200000| Untracked 
|1234|0x000000079a400000, 0x000000079a400000, 0x000000079a600000|  0%| F|  |TAMS 0x000000079a400000| PB 0x000000079a400000| Untracked 
|1235|0x000000079a600000, 0x000000079a800000, 0x000000079a800000|100%| E|CS|TAMS 0x000000079a600000| PB 0x000000079a600000| Complete 
|1236|0x000000079a800000, 0x000000079aa00000, 0x000000079aa00000|100%| E|CS|TAMS 0x000000079a800000| PB 0x000000079a800000| Complete 
|1237|0x000000079aa00000, 0x000000079ac00000, 0x000000079ac00000|100%| E|CS|TAMS 0x000000079aa00000| PB 0x000000079aa00000| Complete 
|1238|0x000000079ac00000, 0x000000079ae00000, 0x000000079ae00000|100%| E|CS|TAMS 0x000000079ac00000| PB 0x000000079ac00000| Complete 
|1239|0x000000079ae00000, 0x000000079b000000, 0x000000079b000000|100%| E|CS|TAMS 0x000000079ae00000| PB 0x000000079ae00000| Complete 
|1240|0x000000079b000000, 0x000000079b200000, 0x000000079b200000|100%| E|CS|TAMS 0x000000079b000000| PB 0x000000079b000000| Complete 
|1241|0x000000079b200000, 0x000000079b400000, 0x000000079b400000|100%| E|CS|TAMS 0x000000079b200000| PB 0x000000079b200000| Complete 
|1242|0x000000079b400000, 0x000000079b600000, 0x000000079b600000|100%| E|CS|TAMS 0x000000079b400000| PB 0x000000079b400000| Complete 
|1243|0x000000079b600000, 0x000000079b800000, 0x000000079b800000|100%| E|CS|TAMS 0x000000079b600000| PB 0x000000079b600000| Complete 
|1244|0x000000079b800000, 0x000000079ba00000, 0x000000079ba00000|100%| E|CS|TAMS 0x000000079b800000| PB 0x000000079b800000| Complete 
|1245|0x000000079ba00000, 0x000000079bc00000, 0x000000079bc00000|100%| E|CS|TAMS 0x000000079ba00000| PB 0x000000079ba00000| Complete 
|1246|0x000000079bc00000, 0x000000079be00000, 0x000000079be00000|100%| E|CS|TAMS 0x000000079bc00000| PB 0x000000079bc00000| Complete 
|1247|0x000000079be00000, 0x000000079c000000, 0x000000079c000000|100%| E|CS|TAMS 0x000000079be00000| PB 0x000000079be00000| Complete 
|1248|0x000000079c000000, 0x000000079c200000, 0x000000079c200000|100%| E|CS|TAMS 0x000000079c000000| PB 0x000000079c000000| Complete 
|1249|0x000000079c200000, 0x000000079c400000, 0x000000079c400000|100%| E|CS|TAMS 0x000000079c200000| PB 0x000000079c200000| Complete 
|1250|0x000000079c400000, 0x000000079c600000, 0x000000079c600000|100%| E|CS|TAMS 0x000000079c400000| PB 0x000000079c400000| Complete 
|1251|0x000000079c600000, 0x000000079c800000, 0x000000079c800000|100%| E|CS|TAMS 0x000000079c600000| PB 0x000000079c600000| Complete 
|1252|0x000000079c800000, 0x000000079ca00000, 0x000000079ca00000|100%| E|CS|TAMS 0x000000079c800000| PB 0x000000079c800000| Complete 
|1253|0x000000079ca00000, 0x000000079cc00000, 0x000000079cc00000|100%| E|CS|TAMS 0x000000079ca00000| PB 0x000000079ca00000| Complete 
|1254|0x000000079cc00000, 0x000000079ce00000, 0x000000079ce00000|100%| E|CS|TAMS 0x000000079cc00000| PB 0x000000079cc00000| Complete 
|1255|0x000000079ce00000, 0x000000079d000000, 0x000000079d000000|100%| E|CS|TAMS 0x000000079ce00000| PB 0x000000079ce00000| Complete 
|1256|0x000000079d000000, 0x000000079d200000, 0x000000079d200000|100%| E|CS|TAMS 0x000000079d000000| PB 0x000000079d000000| Complete 
|1257|0x000000079d200000, 0x000000079d400000, 0x000000079d400000|100%| E|CS|TAMS 0x000000079d200000| PB 0x000000079d200000| Complete 
|1258|0x000000079d400000, 0x000000079d600000, 0x000000079d600000|100%| E|CS|TAMS 0x000000079d400000| PB 0x000000079d400000| Complete 
|1259|0x000000079d600000, 0x000000079d800000, 0x000000079d800000|100%| E|CS|TAMS 0x000000079d600000| PB 0x000000079d600000| Complete 
|1260|0x000000079d800000, 0x000000079da00000, 0x000000079da00000|100%| E|CS|TAMS 0x000000079d800000| PB 0x000000079d800000| Complete 
|1261|0x000000079da00000, 0x000000079dc00000, 0x000000079dc00000|100%| E|CS|TAMS 0x000000079da00000| PB 0x000000079da00000| Complete 
|1262|0x000000079dc00000, 0x000000079de00000, 0x000000079de00000|100%| E|CS|TAMS 0x000000079dc00000| PB 0x000000079dc00000| Complete 
|1263|0x000000079de00000, 0x000000079e000000, 0x000000079e000000|100%| E|CS|TAMS 0x000000079de00000| PB 0x000000079de00000| Complete 
|1264|0x000000079e000000, 0x000000079e200000, 0x000000079e200000|100%| E|CS|TAMS 0x000000079e000000| PB 0x000000079e000000| Complete 
|1265|0x000000079e200000, 0x000000079e400000, 0x000000079e400000|100%| E|CS|TAMS 0x000000079e200000| PB 0x000000079e200000| Complete 
|1266|0x000000079e400000, 0x000000079e600000, 0x000000079e600000|100%| E|CS|TAMS 0x000000079e400000| PB 0x000000079e400000| Complete 
|1267|0x000000079e600000, 0x000000079e800000, 0x000000079e800000|100%| E|CS|TAMS 0x000000079e600000| PB 0x000000079e600000| Complete 
|1268|0x000000079e800000, 0x000000079ea00000, 0x000000079ea00000|100%| E|CS|TAMS 0x000000079e800000| PB 0x000000079e800000| Complete 
|1269|0x000000079ea00000, 0x000000079ec00000, 0x000000079ec00000|100%| E|CS|TAMS 0x000000079ea00000| PB 0x000000079ea00000| Complete 
|1270|0x000000079ec00000, 0x000000079ee00000, 0x000000079ee00000|100%| E|CS|TAMS 0x000000079ec00000| PB 0x000000079ec00000| Complete 
|1271|0x000000079ee00000, 0x000000079f000000, 0x000000079f000000|100%| E|CS|TAMS 0x000000079ee00000| PB 0x000000079ee00000| Complete 
|1272|0x000000079f000000, 0x000000079f200000, 0x000000079f200000|100%| E|CS|TAMS 0x000000079f000000| PB 0x000000079f000000| Complete 
|1273|0x000000079f200000, 0x000000079f400000, 0x000000079f400000|100%| E|CS|TAMS 0x000000079f200000| PB 0x000000079f200000| Complete 
|1274|0x000000079f400000, 0x000000079f600000, 0x000000079f600000|100%| E|CS|TAMS 0x000000079f400000| PB 0x000000079f400000| Complete 
|1275|0x000000079f600000, 0x000000079f800000, 0x000000079f800000|100%| E|CS|TAMS 0x000000079f600000| PB 0x000000079f600000| Complete 
|1276|0x000000079f800000, 0x000000079fa00000, 0x000000079fa00000|100%| E|CS|TAMS 0x000000079f800000| PB 0x000000079f800000| Complete 
|1277|0x000000079fa00000, 0x000000079fc00000, 0x000000079fc00000|100%| E|CS|TAMS 0x000000079fa00000| PB 0x000000079fa00000| Complete 
|1278|0x000000079fc00000, 0x000000079fe00000, 0x000000079fe00000|100%| E|CS|TAMS 0x000000079fc00000| PB 0x000000079fc00000| Complete 
|1279|0x000000079fe00000, 0x00000007a0000000, 0x00000007a0000000|100%| E|CS|TAMS 0x000000079fe00000| PB 0x000000079fe00000| Complete 
|1280|0x00000007a0000000, 0x00000007a0200000, 0x00000007a0200000|100%| E|CS|TAMS 0x00000007a0000000| PB 0x00000007a0000000| Complete 
|1281|0x00000007a0200000, 0x00000007a0400000, 0x00000007a0400000|100%| E|CS|TAMS 0x00000007a0200000| PB 0x00000007a0200000| Complete 
|1282|0x00000007a0400000, 0x00000007a0600000, 0x00000007a0600000|100%| E|CS|TAMS 0x00000007a0400000| PB 0x00000007a0400000| Complete 
|1283|0x00000007a0600000, 0x00000007a0800000, 0x00000007a0800000|100%| E|CS|TAMS 0x00000007a0600000| PB 0x00000007a0600000| Complete 
|1284|0x00000007a0800000, 0x00000007a0a00000, 0x00000007a0a00000|100%| E|CS|TAMS 0x00000007a0800000| PB 0x00000007a0800000| Complete 
|1285|0x00000007a0a00000, 0x00000007a0c00000, 0x00000007a0c00000|100%| E|CS|TAMS 0x00000007a0a00000| PB 0x00000007a0a00000| Complete 
|1286|0x00000007a0c00000, 0x00000007a0e00000, 0x00000007a0e00000|100%| E|CS|TAMS 0x00000007a0c00000| PB 0x00000007a0c00000| Complete 
|1287|0x00000007a0e00000, 0x00000007a1000000, 0x00000007a1000000|100%| E|CS|TAMS 0x00000007a0e00000| PB 0x00000007a0e00000| Complete 
|1288|0x00000007a1000000, 0x00000007a1200000, 0x00000007a1200000|100%| E|CS|TAMS 0x00000007a1000000| PB 0x00000007a1000000| Complete 
|1289|0x00000007a1200000, 0x00000007a1400000, 0x00000007a1400000|100%| E|CS|TAMS 0x00000007a1200000| PB 0x00000007a1200000| Complete 
|1290|0x00000007a1400000, 0x00000007a1600000, 0x00000007a1600000|100%| E|CS|TAMS 0x00000007a1400000| PB 0x00000007a1400000| Complete 
|1291|0x00000007a1600000, 0x00000007a1800000, 0x00000007a1800000|100%| E|CS|TAMS 0x00000007a1600000| PB 0x00000007a1600000| Complete 
|1292|0x00000007a1800000, 0x00000007a1a00000, 0x00000007a1a00000|100%| E|CS|TAMS 0x00000007a1800000| PB 0x00000007a1800000| Complete 
|1293|0x00000007a1a00000, 0x00000007a1c00000, 0x00000007a1c00000|100%| E|CS|TAMS 0x00000007a1a00000| PB 0x00000007a1a00000| Complete 
|1294|0x00000007a1c00000, 0x00000007a1e00000, 0x00000007a1e00000|100%| E|CS|TAMS 0x00000007a1c00000| PB 0x00000007a1c00000| Complete 
|1295|0x00000007a1e00000, 0x00000007a2000000, 0x00000007a2000000|100%| E|CS|TAMS 0x00000007a1e00000| PB 0x00000007a1e00000| Complete 
|1296|0x00000007a2000000, 0x00000007a2200000, 0x00000007a2200000|100%| E|CS|TAMS 0x00000007a2000000| PB 0x00000007a2000000| Complete 
|1297|0x00000007a2200000, 0x00000007a2400000, 0x00000007a2400000|100%| E|CS|TAMS 0x00000007a2200000| PB 0x00000007a2200000| Complete 
|1298|0x00000007a2400000, 0x00000007a2600000, 0x00000007a2600000|100%| E|CS|TAMS 0x00000007a2400000| PB 0x00000007a2400000| Complete 
|1299|0x00000007a2600000, 0x00000007a2800000, 0x00000007a2800000|100%| E|CS|TAMS 0x00000007a2600000| PB 0x00000007a2600000| Complete 
|1300|0x00000007a2800000, 0x00000007a2a00000, 0x00000007a2a00000|100%| E|CS|TAMS 0x00000007a2800000| PB 0x00000007a2800000| Complete 
|1301|0x00000007a2a00000, 0x00000007a2c00000, 0x00000007a2c00000|100%| E|CS|TAMS 0x00000007a2a00000| PB 0x00000007a2a00000| Complete 
|1302|0x00000007a2c00000, 0x00000007a2e00000, 0x00000007a2e00000|100%| E|CS|TAMS 0x00000007a2c00000| PB 0x00000007a2c00000| Complete 
|1303|0x00000007a2e00000, 0x00000007a3000000, 0x00000007a3000000|100%| E|CS|TAMS 0x00000007a2e00000| PB 0x00000007a2e00000| Complete 
|1304|0x00000007a3000000, 0x00000007a3200000, 0x00000007a3200000|100%| E|CS|TAMS 0x00000007a3000000| PB 0x00000007a3000000| Complete 
|1305|0x00000007a3200000, 0x00000007a3400000, 0x00000007a3400000|100%| E|CS|TAMS 0x00000007a3200000| PB 0x00000007a3200000| Complete 
|1306|0x00000007a3400000, 0x00000007a3600000, 0x00000007a3600000|100%| E|CS|TAMS 0x00000007a3400000| PB 0x00000007a3400000| Complete 
|1307|0x00000007a3600000, 0x00000007a3800000, 0x00000007a3800000|100%| E|CS|TAMS 0x00000007a3600000| PB 0x00000007a3600000| Complete 
|1308|0x00000007a3800000, 0x00000007a3a00000, 0x00000007a3a00000|100%| E|CS|TAMS 0x00000007a3800000| PB 0x00000007a3800000| Complete 
|1309|0x00000007a3a00000, 0x00000007a3c00000, 0x00000007a3c00000|100%| E|CS|TAMS 0x00000007a3a00000| PB 0x00000007a3a00000| Complete 
|1310|0x00000007a3c00000, 0x00000007a3e00000, 0x00000007a3e00000|100%| E|CS|TAMS 0x00000007a3c00000| PB 0x00000007a3c00000| Complete 
|1311|0x00000007a3e00000, 0x00000007a4000000, 0x00000007a4000000|100%| E|CS|TAMS 0x00000007a3e00000| PB 0x00000007a3e00000| Complete 
|1312|0x00000007a4000000, 0x00000007a4200000, 0x00000007a4200000|100%| E|CS|TAMS 0x00000007a4000000| PB 0x00000007a4000000| Complete 
|1313|0x00000007a4200000, 0x00000007a4400000, 0x00000007a4400000|100%| E|CS|TAMS 0x00000007a4200000| PB 0x00000007a4200000| Complete 
|1314|0x00000007a4400000, 0x00000007a4600000, 0x00000007a4600000|100%| E|CS|TAMS 0x00000007a4400000| PB 0x00000007a4400000| Complete 
|1315|0x00000007a4600000, 0x00000007a4800000, 0x00000007a4800000|100%| E|CS|TAMS 0x00000007a4600000| PB 0x00000007a4600000| Complete 
|1316|0x00000007a4800000, 0x00000007a4a00000, 0x00000007a4a00000|100%| E|CS|TAMS 0x00000007a4800000| PB 0x00000007a4800000| Complete 
|1317|0x00000007a4a00000, 0x00000007a4c00000, 0x00000007a4c00000|100%| E|CS|TAMS 0x00000007a4a00000| PB 0x00000007a4a00000| Complete 
|1318|0x00000007a4c00000, 0x00000007a4e00000, 0x00000007a4e00000|100%| E|CS|TAMS 0x00000007a4c00000| PB 0x00000007a4c00000| Complete 
|1319|0x00000007a4e00000, 0x00000007a5000000, 0x00000007a5000000|100%| E|CS|TAMS 0x00000007a4e00000| PB 0x00000007a4e00000| Complete 
|1320|0x00000007a5000000, 0x00000007a5200000, 0x00000007a5200000|100%| E|CS|TAMS 0x00000007a5000000| PB 0x00000007a5000000| Complete 
|1321|0x00000007a5200000, 0x00000007a5400000, 0x00000007a5400000|100%| E|CS|TAMS 0x00000007a5200000| PB 0x00000007a5200000| Complete 
|1322|0x00000007a5400000, 0x00000007a5600000, 0x00000007a5600000|100%| E|CS|TAMS 0x00000007a5400000| PB 0x00000007a5400000| Complete 
|1323|0x00000007a5600000, 0x00000007a5800000, 0x00000007a5800000|100%| E|CS|TAMS 0x00000007a5600000| PB 0x00000007a5600000| Complete 
|1324|0x00000007a5800000, 0x00000007a5a00000, 0x00000007a5a00000|100%| E|CS|TAMS 0x00000007a5800000| PB 0x00000007a5800000| Complete 
|1325|0x00000007a5a00000, 0x00000007a5c00000, 0x00000007a5c00000|100%| E|CS|TAMS 0x00000007a5a00000| PB 0x00000007a5a00000| Complete 
|1326|0x00000007a5c00000, 0x00000007a5e00000, 0x00000007a5e00000|100%| E|CS|TAMS 0x00000007a5c00000| PB 0x00000007a5c00000| Complete 
|1327|0x00000007a5e00000, 0x00000007a6000000, 0x00000007a6000000|100%| E|CS|TAMS 0x00000007a5e00000| PB 0x00000007a5e00000| Complete 
|1328|0x00000007a6000000, 0x00000007a6200000, 0x00000007a6200000|100%| E|CS|TAMS 0x00000007a6000000| PB 0x00000007a6000000| Complete 
|1329|0x00000007a6200000, 0x00000007a6400000, 0x00000007a6400000|100%| E|CS|TAMS 0x00000007a6200000| PB 0x00000007a6200000| Complete 
|1330|0x00000007a6400000, 0x00000007a6600000, 0x00000007a6600000|100%| E|CS|TAMS 0x00000007a6400000| PB 0x00000007a6400000| Complete 
|1331|0x00000007a6600000, 0x00000007a6800000, 0x00000007a6800000|100%| E|CS|TAMS 0x00000007a6600000| PB 0x00000007a6600000| Complete 
|1332|0x00000007a6800000, 0x00000007a6a00000, 0x00000007a6a00000|100%| E|CS|TAMS 0x00000007a6800000| PB 0x00000007a6800000| Complete 
|1333|0x00000007a6a00000, 0x00000007a6c00000, 0x00000007a6c00000|100%| E|CS|TAMS 0x00000007a6a00000| PB 0x00000007a6a00000| Complete 
|1334|0x00000007a6c00000, 0x00000007a6e00000, 0x00000007a6e00000|100%| E|CS|TAMS 0x00000007a6c00000| PB 0x00000007a6c00000| Complete 
|1335|0x00000007a6e00000, 0x00000007a7000000, 0x00000007a7000000|100%| E|CS|TAMS 0x00000007a6e00000| PB 0x00000007a6e00000| Complete 
|1336|0x00000007a7000000, 0x00000007a7200000, 0x00000007a7200000|100%| E|CS|TAMS 0x00000007a7000000| PB 0x00000007a7000000| Complete 
|1337|0x00000007a7200000, 0x00000007a7400000, 0x00000007a7400000|100%| E|CS|TAMS 0x00000007a7200000| PB 0x00000007a7200000| Complete 
|1338|0x00000007a7400000, 0x00000007a7600000, 0x00000007a7600000|100%| E|CS|TAMS 0x00000007a7400000| PB 0x00000007a7400000| Complete 
|1339|0x00000007a7600000, 0x00000007a7800000, 0x00000007a7800000|100%| E|CS|TAMS 0x00000007a7600000| PB 0x00000007a7600000| Complete 
|1340|0x00000007a7800000, 0x00000007a7a00000, 0x00000007a7a00000|100%| E|CS|TAMS 0x00000007a7800000| PB 0x00000007a7800000| Complete 
|1341|0x00000007a7a00000, 0x00000007a7c00000, 0x00000007a7c00000|100%| E|CS|TAMS 0x00000007a7a00000| PB 0x00000007a7a00000| Complete 
|1342|0x00000007a7c00000, 0x00000007a7e00000, 0x00000007a7e00000|100%| E|CS|TAMS 0x00000007a7c00000| PB 0x00000007a7c00000| Complete 
|1343|0x00000007a7e00000, 0x00000007a8000000, 0x00000007a8000000|100%| E|CS|TAMS 0x00000007a7e00000| PB 0x00000007a7e00000| Complete 
|1344|0x00000007a8000000, 0x00000007a8200000, 0x00000007a8200000|100%| E|CS|TAMS 0x00000007a8000000| PB 0x00000007a8000000| Complete 
|1345|0x00000007a8200000, 0x00000007a8400000, 0x00000007a8400000|100%| E|CS|TAMS 0x00000007a8200000| PB 0x00000007a8200000| Complete 
|1346|0x00000007a8400000, 0x00000007a8600000, 0x00000007a8600000|100%| E|CS|TAMS 0x00000007a8400000| PB 0x00000007a8400000| Complete 
|1347|0x00000007a8600000, 0x00000007a8800000, 0x00000007a8800000|100%| E|CS|TAMS 0x00000007a8600000| PB 0x00000007a8600000| Complete 
|1348|0x00000007a8800000, 0x00000007a8a00000, 0x00000007a8a00000|100%| E|CS|TAMS 0x00000007a8800000| PB 0x00000007a8800000| Complete 
|1349|0x00000007a8a00000, 0x00000007a8c00000, 0x00000007a8c00000|100%| E|CS|TAMS 0x00000007a8a00000| PB 0x00000007a8a00000| Complete 
|1350|0x00000007a8c00000, 0x00000007a8e00000, 0x00000007a8e00000|100%| E|CS|TAMS 0x00000007a8c00000| PB 0x00000007a8c00000| Complete 
|1351|0x00000007a8e00000, 0x00000007a9000000, 0x00000007a9000000|100%| E|CS|TAMS 0x00000007a8e00000| PB 0x00000007a8e00000| Complete 
|1352|0x00000007a9000000, 0x00000007a9200000, 0x00000007a9200000|100%| E|CS|TAMS 0x00000007a9000000| PB 0x00000007a9000000| Complete 
|1353|0x00000007a9200000, 0x00000007a9400000, 0x00000007a9400000|100%| E|CS|TAMS 0x00000007a9200000| PB 0x00000007a9200000| Complete 
|1354|0x00000007a9400000, 0x00000007a9600000, 0x00000007a9600000|100%| E|CS|TAMS 0x00000007a9400000| PB 0x00000007a9400000| Complete 
|1355|0x00000007a9600000, 0x00000007a9800000, 0x00000007a9800000|100%| E|CS|TAMS 0x00000007a9600000| PB 0x00000007a9600000| Complete 
|1356|0x00000007a9800000, 0x00000007a9a00000, 0x00000007a9a00000|100%| E|CS|TAMS 0x00000007a9800000| PB 0x00000007a9800000| Complete 
|1357|0x00000007a9a00000, 0x00000007a9c00000, 0x00000007a9c00000|100%| E|CS|TAMS 0x00000007a9a00000| PB 0x00000007a9a00000| Complete 
|1358|0x00000007a9c00000, 0x00000007a9e00000, 0x00000007a9e00000|100%| E|CS|TAMS 0x00000007a9c00000| PB 0x00000007a9c00000| Complete 
|1359|0x00000007a9e00000, 0x00000007aa000000, 0x00000007aa000000|100%| E|CS|TAMS 0x00000007a9e00000| PB 0x00000007a9e00000| Complete 
|1360|0x00000007aa000000, 0x00000007aa200000, 0x00000007aa200000|100%| E|CS|TAMS 0x00000007aa000000| PB 0x00000007aa000000| Complete 
|1361|0x00000007aa200000, 0x00000007aa400000, 0x00000007aa400000|100%| E|CS|TAMS 0x00000007aa200000| PB 0x00000007aa200000| Complete 
|1362|0x00000007aa400000, 0x00000007aa600000, 0x00000007aa600000|100%| E|CS|TAMS 0x00000007aa400000| PB 0x00000007aa400000| Complete 
|1363|0x00000007aa600000, 0x00000007aa800000, 0x00000007aa800000|100%| E|CS|TAMS 0x00000007aa600000| PB 0x00000007aa600000| Complete 
|1364|0x00000007aa800000, 0x00000007aaa00000, 0x00000007aaa00000|100%| E|CS|TAMS 0x00000007aa800000| PB 0x00000007aa800000| Complete 
|1365|0x00000007aaa00000, 0x00000007aac00000, 0x00000007aac00000|100%| E|CS|TAMS 0x00000007aaa00000| PB 0x00000007aaa00000| Complete 
|1366|0x00000007aac00000, 0x00000007aae00000, 0x00000007aae00000|100%| E|CS|TAMS 0x00000007aac00000| PB 0x00000007aac00000| Complete 
|1367|0x00000007aae00000, 0x00000007ab000000, 0x00000007ab000000|100%| E|CS|TAMS 0x00000007aae00000| PB 0x00000007aae00000| Complete 
|1368|0x00000007ab000000, 0x00000007ab200000, 0x00000007ab200000|100%| E|CS|TAMS 0x00000007ab000000| PB 0x00000007ab000000| Complete 
|1369|0x00000007ab200000, 0x00000007ab400000, 0x00000007ab400000|100%| E|CS|TAMS 0x00000007ab200000| PB 0x00000007ab200000| Complete 
|1370|0x00000007ab400000, 0x00000007ab600000, 0x00000007ab600000|100%| E|CS|TAMS 0x00000007ab400000| PB 0x00000007ab400000| Complete 
|1371|0x00000007ab600000, 0x00000007ab800000, 0x00000007ab800000|100%| E|CS|TAMS 0x00000007ab600000| PB 0x00000007ab600000| Complete 
|1372|0x00000007ab800000, 0x00000007aba00000, 0x00000007aba00000|100%| E|CS|TAMS 0x00000007ab800000| PB 0x00000007ab800000| Complete 
|1373|0x00000007aba00000, 0x00000007abc00000, 0x00000007abc00000|100%| E|CS|TAMS 0x00000007aba00000| PB 0x00000007aba00000| Complete 
|1374|0x00000007abc00000, 0x00000007abe00000, 0x00000007abe00000|100%| E|CS|TAMS 0x00000007abc00000| PB 0x00000007abc00000| Complete 
|1375|0x00000007abe00000, 0x00000007ac000000, 0x00000007ac000000|100%| E|CS|TAMS 0x00000007abe00000| PB 0x00000007abe00000| Complete 
|1739|0x00000007d9600000, 0x00000007d9800000, 0x00000007d9800000|100%| E|CS|TAMS 0x00000007d9600000| PB 0x00000007d9600000| Complete 
|1740|0x00000007d9800000, 0x00000007d9a00000, 0x00000007d9a00000|100%| E|CS|TAMS 0x00000007d9800000| PB 0x00000007d9800000| Complete 
|1741|0x00000007d9a00000, 0x00000007d9c00000, 0x00000007d9c00000|100%| E|CS|TAMS 0x00000007d9a00000| PB 0x00000007d9a00000| Complete 
|1742|0x00000007d9c00000, 0x00000007d9e00000, 0x00000007d9e00000|100%| O|  |TAMS 0x00000007d9c00000| PB 0x00000007d9c00000| Untracked 
|1743|0x00000007d9e00000, 0x00000007da000000, 0x00000007da000000|100%| O|  |TAMS 0x00000007d9e00000| PB 0x00000007d9e00000| Untracked 
|1744|0x00000007da000000, 0x00000007da200000, 0x00000007da200000|100%| O|  |TAMS 0x00000007da000000| PB 0x00000007da000000| Untracked 
|1745|0x00000007da200000, 0x00000007da400000, 0x00000007da400000|100%| O|  |TAMS 0x00000007da200000| PB 0x00000007da200000| Untracked 
|1746|0x00000007da400000, 0x00000007da600000, 0x00000007da600000|100%| O|  |TAMS 0x00000007da400000| PB 0x00000007da400000| Untracked 
|1747|0x00000007da600000, 0x00000007da800000, 0x00000007da800000|100%| O|  |TAMS 0x00000007da600000| PB 0x00000007da600000| Untracked 
|1748|0x00000007da800000, 0x00000007daa00000, 0x00000007daa00000|100%| O|  |TAMS 0x00000007da800000| PB 0x00000007da800000| Untracked 
|1749|0x00000007daa00000, 0x00000007dac00000, 0x00000007dac00000|100%| O|  |TAMS 0x00000007daa00000| PB 0x00000007daa00000| Untracked 
|1750|0x00000007dac00000, 0x00000007dae00000, 0x00000007dae00000|100%| O|  |TAMS 0x00000007dac00000| PB 0x00000007dac00000| Untracked 
|1751|0x00000007dae00000, 0x00000007db000000, 0x00000007db000000|100%| O|  |TAMS 0x00000007dae00000| PB 0x00000007dae00000| Untracked 
|1752|0x00000007db000000, 0x00000007db200000, 0x00000007db200000|100%| O|  |TAMS 0x00000007db000000| PB 0x00000007db000000| Untracked 
|1753|0x00000007db200000, 0x00000007db400000, 0x00000007db400000|100%| O|  |TAMS 0x00000007db200000| PB 0x00000007db200000| Untracked 
|1754|0x00000007db400000, 0x00000007db600000, 0x00000007db600000|100%| O|  |TAMS 0x00000007db400000| PB 0x00000007db400000| Untracked 
|1755|0x00000007db600000, 0x00000007db800000, 0x00000007db800000|100%| O|  |TAMS 0x00000007db600000| PB 0x00000007db600000| Untracked 
|1756|0x00000007db800000, 0x00000007dba00000, 0x00000007dba00000|100%| O|  |TAMS 0x00000007db800000| PB 0x00000007db800000| Untracked 
|1757|0x00000007dba00000, 0x00000007dbc00000, 0x00000007dbc00000|100%| O|  |TAMS 0x00000007dba00000| PB 0x00000007dba00000| Untracked 
|1758|0x00000007dbc00000, 0x00000007dbe00000, 0x00000007dbe00000|100%| O|  |TAMS 0x00000007dbc00000| PB 0x00000007dbc00000| Untracked 
|1759|0x00000007dbe00000, 0x00000007dc000000, 0x00000007dc000000|100%| O|  |TAMS 0x00000007dbe00000| PB 0x00000007dbe00000| Untracked 
|1760|0x00000007dc000000, 0x00000007dc200000, 0x00000007dc200000|100%| O|  |TAMS 0x00000007dc000000| PB 0x00000007dc000000| Untracked 
|1761|0x00000007dc200000, 0x00000007dc400000, 0x00000007dc400000|100%| O|  |TAMS 0x00000007dc200000| PB 0x00000007dc200000| Untracked 
|1762|0x00000007dc400000, 0x00000007dc600000, 0x00000007dc600000|100%| O|  |TAMS 0x00000007dc400000| PB 0x00000007dc400000| Untracked 
|1763|0x00000007dc600000, 0x00000007dc800000, 0x00000007dc800000|100%| O|  |TAMS 0x00000007dc600000| PB 0x00000007dc600000| Untracked 
|1764|0x00000007dc800000, 0x00000007dca00000, 0x00000007dca00000|100%| O|  |TAMS 0x00000007dc800000| PB 0x00000007dc800000| Untracked 
|1765|0x00000007dca00000, 0x00000007dcc00000, 0x00000007dcc00000|100%| O|  |TAMS 0x00000007dca00000| PB 0x00000007dca00000| Untracked 
|1766|0x00000007dcc00000, 0x00000007dce00000, 0x00000007dce00000|100%| O|  |TAMS 0x00000007dcc00000| PB 0x00000007dcc00000| Untracked 
|1767|0x00000007dce00000, 0x00000007dd000000, 0x00000007dd000000|100%| O|  |TAMS 0x00000007dce00000| PB 0x00000007dce00000| Untracked 
|1768|0x00000007dd000000, 0x00000007dd200000, 0x00000007dd200000|100%| O|  |TAMS 0x00000007dd000000| PB 0x00000007dd000000| Untracked 
|1769|0x00000007dd200000, 0x00000007dd400000, 0x00000007dd400000|100%| O|  |TAMS 0x00000007dd200000| PB 0x00000007dd200000| Untracked 
|1770|0x00000007dd400000, 0x00000007dd600000, 0x00000007dd600000|100%| O|  |TAMS 0x00000007dd400000| PB 0x00000007dd400000| Untracked 
|1771|0x00000007dd600000, 0x00000007dd800000, 0x00000007dd800000|100%| O|  |TAMS 0x00000007dd600000| PB 0x00000007dd600000| Untracked 
|1772|0x00000007dd800000, 0x00000007dda00000, 0x00000007dda00000|100%| O|  |TAMS 0x00000007dd800000| PB 0x00000007dd800000| Untracked 
|1773|0x00000007dda00000, 0x00000007ddc00000, 0x00000007ddc00000|100%| O|  |TAMS 0x00000007dda00000| PB 0x00000007dda00000| Untracked 
|1774|0x00000007ddc00000, 0x00000007dde00000, 0x00000007dde00000|100%| O|  |TAMS 0x00000007ddc00000| PB 0x00000007ddc00000| Untracked 
|1775|0x00000007dde00000, 0x00000007de000000, 0x00000007de000000|100%| O|  |TAMS 0x00000007dde00000| PB 0x00000007dde00000| Untracked 
|1776|0x00000007de000000, 0x00000007de200000, 0x00000007de200000|100%| O|  |TAMS 0x00000007de000000| PB 0x00000007de000000| Untracked 
|1777|0x00000007de200000, 0x00000007de400000, 0x00000007de400000|100%| O|  |TAMS 0x00000007de200000| PB 0x00000007de200000| Untracked 
|1778|0x00000007de400000, 0x00000007de600000, 0x00000007de600000|100%| O|  |TAMS 0x00000007de400000| PB 0x00000007de400000| Untracked 
|1779|0x00000007de600000, 0x00000007de800000, 0x00000007de800000|100%| O|  |TAMS 0x00000007de600000| PB 0x00000007de600000| Untracked 
|1780|0x00000007de800000, 0x00000007dea00000, 0x00000007dea00000|100%| O|  |TAMS 0x00000007de800000| PB 0x00000007de800000| Untracked 
|1781|0x00000007dea00000, 0x00000007dec00000, 0x00000007dec00000|100%| O|  |TAMS 0x00000007dea00000| PB 0x00000007dea00000| Untracked 
|1782|0x00000007dec00000, 0x00000007dee00000, 0x00000007dee00000|100%| O|  |TAMS 0x00000007dec00000| PB 0x00000007dec00000| Untracked 
|1783|0x00000007dee00000, 0x00000007df000000, 0x00000007df000000|100%| O|  |TAMS 0x00000007dee00000| PB 0x00000007dee00000| Untracked 
|1784|0x00000007df000000, 0x00000007df200000, 0x00000007df200000|100%| O|  |TAMS 0x00000007df000000| PB 0x00000007df000000| Untracked 
|1785|0x00000007df200000, 0x00000007df400000, 0x00000007df400000|100%| O|  |TAMS 0x00000007df200000| PB 0x00000007df200000| Untracked 
|1786|0x00000007df400000, 0x00000007df600000, 0x00000007df600000|100%| O|  |TAMS 0x00000007df400000| PB 0x00000007df400000| Untracked 
|1787|0x00000007df600000, 0x00000007df800000, 0x00000007df800000|100%| O|  |TAMS 0x00000007df600000| PB 0x00000007df600000| Untracked 
|1788|0x00000007df800000, 0x00000007dfa00000, 0x00000007dfa00000|100%| O|  |TAMS 0x00000007df800000| PB 0x00000007df800000| Untracked 
|1789|0x00000007dfa00000, 0x00000007dfc00000, 0x00000007dfc00000|100%| O|  |TAMS 0x00000007dfa00000| PB 0x00000007dfa00000| Untracked 
|1790|0x00000007dfc00000, 0x00000007dfe00000, 0x00000007dfe00000|100%| O|  |TAMS 0x00000007dfc00000| PB 0x00000007dfc00000| Untracked 
|1791|0x00000007dfe00000, 0x00000007e0000000, 0x00000007e0000000|100%| O|  |TAMS 0x00000007dfe00000| PB 0x00000007dfe00000| Untracked 
|1792|0x00000007e0000000, 0x00000007e0200000, 0x00000007e0200000|100%| O|  |TAMS 0x00000007e0000000| PB 0x00000007e0000000| Untracked 
|1793|0x00000007e0200000, 0x00000007e0400000, 0x00000007e0400000|100%| O|  |TAMS 0x00000007e0200000| PB 0x00000007e0200000| Untracked 
|1794|0x00000007e0400000, 0x00000007e0600000, 0x00000007e0600000|100%| O|  |TAMS 0x00000007e0400000| PB 0x00000007e0400000| Untracked 
|1795|0x00000007e0600000, 0x00000007e0800000, 0x00000007e0800000|100%| O|  |TAMS 0x00000007e0600000| PB 0x00000007e0600000| Untracked 
|1796|0x00000007e0800000, 0x00000007e0a00000, 0x00000007e0a00000|100%| O|  |TAMS 0x00000007e0800000| PB 0x00000007e0800000| Untracked 
|1797|0x00000007e0a00000, 0x00000007e0c00000, 0x00000007e0c00000|100%| O|  |TAMS 0x00000007e0a00000| PB 0x00000007e0a00000| Untracked 
|1798|0x00000007e0c00000, 0x00000007e0e00000, 0x00000007e0e00000|100%| O|  |TAMS 0x00000007e0c00000| PB 0x00000007e0c00000| Untracked 
|1799|0x00000007e0e00000, 0x00000007e1000000, 0x00000007e1000000|100%| O|  |TAMS 0x00000007e0e00000| PB 0x00000007e0e00000| Untracked 
|1800|0x00000007e1000000, 0x00000007e1200000, 0x00000007e1200000|100%| O|  |TAMS 0x00000007e1000000| PB 0x00000007e1000000| Untracked 
|1801|0x00000007e1200000, 0x00000007e1400000, 0x00000007e1400000|100%| O|  |TAMS 0x00000007e1200000| PB 0x00000007e1200000| Untracked 
|1802|0x00000007e1400000, 0x00000007e1600000, 0x00000007e1600000|100%| O|  |TAMS 0x00000007e1400000| PB 0x00000007e1400000| Untracked 
|1803|0x00000007e1600000, 0x00000007e1800000, 0x00000007e1800000|100%| O|  |TAMS 0x00000007e1600000| PB 0x00000007e1600000| Untracked 
|1804|0x00000007e1800000, 0x00000007e1a00000, 0x00000007e1a00000|100%| O|  |TAMS 0x00000007e1800000| PB 0x00000007e1800000| Untracked 
|1805|0x00000007e1a00000, 0x00000007e1c00000, 0x00000007e1c00000|100%| O|  |TAMS 0x00000007e1a00000| PB 0x00000007e1a00000| Untracked 
|1806|0x00000007e1c00000, 0x00000007e1e00000, 0x00000007e1e00000|100%| O|  |TAMS 0x00000007e1c00000| PB 0x00000007e1c00000| Untracked 
|1807|0x00000007e1e00000, 0x00000007e2000000, 0x00000007e2000000|100%| O|  |TAMS 0x00000007e1e00000| PB 0x00000007e1e00000| Untracked 
|1808|0x00000007e2000000, 0x00000007e2200000, 0x00000007e2200000|100%| O|  |TAMS 0x00000007e2000000| PB 0x00000007e2000000| Untracked 
|1809|0x00000007e2200000, 0x00000007e2400000, 0x00000007e2400000|100%| O|  |TAMS 0x00000007e2200000| PB 0x00000007e2200000| Untracked 
|1810|0x00000007e2400000, 0x00000007e2600000, 0x00000007e2600000|100%| O|  |TAMS 0x00000007e2400000| PB 0x00000007e2400000| Untracked 
|1811|0x00000007e2600000, 0x00000007e2800000, 0x00000007e2800000|100%| O|  |TAMS 0x00000007e2600000| PB 0x00000007e2600000| Untracked 
|1812|0x00000007e2800000, 0x00000007e2a00000, 0x00000007e2a00000|100%| O|  |TAMS 0x00000007e2800000| PB 0x00000007e2800000| Untracked 
|1813|0x00000007e2a00000, 0x00000007e2c00000, 0x00000007e2c00000|100%| O|  |TAMS 0x00000007e2a00000| PB 0x00000007e2a00000| Untracked 
|1814|0x00000007e2c00000, 0x00000007e2e00000, 0x00000007e2e00000|100%| O|  |TAMS 0x00000007e2c00000| PB 0x00000007e2c00000| Untracked 
|1815|0x00000007e2e00000, 0x00000007e3000000, 0x00000007e3000000|100%| O|  |TAMS 0x00000007e2e00000| PB 0x00000007e2e00000| Untracked 
|1816|0x00000007e3000000, 0x00000007e3200000, 0x00000007e3200000|100%| O|  |TAMS 0x00000007e3000000| PB 0x00000007e3000000| Untracked 
|1817|0x00000007e3200000, 0x00000007e3400000, 0x00000007e3400000|100%| O|  |TAMS 0x00000007e3200000| PB 0x00000007e3200000| Untracked 
|1818|0x00000007e3400000, 0x00000007e3600000, 0x00000007e3600000|100%| O|  |TAMS 0x00000007e3400000| PB 0x00000007e3400000| Untracked 
|1819|0x00000007e3600000, 0x00000007e3800000, 0x00000007e3800000|100%| O|  |TAMS 0x00000007e3600000| PB 0x00000007e3600000| Untracked 
|1820|0x00000007e3800000, 0x00000007e3a00000, 0x00000007e3a00000|100%| O|  |TAMS 0x00000007e3800000| PB 0x00000007e3800000| Untracked 
|1821|0x00000007e3a00000, 0x00000007e3c00000, 0x00000007e3c00000|100%| O|  |TAMS 0x00000007e3a00000| PB 0x00000007e3a00000| Untracked 
|1822|0x00000007e3c00000, 0x00000007e3e00000, 0x00000007e3e00000|100%| O|  |TAMS 0x00000007e3c00000| PB 0x00000007e3c00000| Untracked 
|1823|0x00000007e3e00000, 0x00000007e4000000, 0x00000007e4000000|100%| O|  |TAMS 0x00000007e3e00000| PB 0x00000007e3e00000| Untracked 
|1824|0x00000007e4000000, 0x00000007e4200000, 0x00000007e4200000|100%| O|  |TAMS 0x00000007e4000000| PB 0x00000007e4000000| Untracked 
|1825|0x00000007e4200000, 0x00000007e4400000, 0x00000007e4400000|100%| O|  |TAMS 0x00000007e4200000| PB 0x00000007e4200000| Untracked 
|1826|0x00000007e4400000, 0x00000007e4600000, 0x00000007e4600000|100%| O|  |TAMS 0x00000007e4400000| PB 0x00000007e4400000| Untracked 
|1827|0x00000007e4600000, 0x00000007e4800000, 0x00000007e4800000|100%| O|  |TAMS 0x00000007e4600000| PB 0x00000007e4600000| Untracked 
|1828|0x00000007e4800000, 0x00000007e4a00000, 0x00000007e4a00000|100%| O|  |TAMS 0x00000007e4800000| PB 0x00000007e4800000| Untracked 
|1829|0x00000007e4a00000, 0x00000007e4c00000, 0x00000007e4c00000|100%| O|  |TAMS 0x00000007e4a00000| PB 0x00000007e4a00000| Untracked 
|1830|0x00000007e4c00000, 0x00000007e4e00000, 0x00000007e4e00000|100%| O|  |TAMS 0x00000007e4c00000| PB 0x00000007e4c00000| Untracked 
|1831|0x00000007e4e00000, 0x00000007e5000000, 0x00000007e5000000|100%| O|  |TAMS 0x00000007e4e00000| PB 0x00000007e4e00000| Untracked 
|1832|0x00000007e5000000, 0x00000007e5200000, 0x00000007e5200000|100%| O|  |TAMS 0x00000007e5000000| PB 0x00000007e5000000| Untracked 
|1833|0x00000007e5200000, 0x00000007e5400000, 0x00000007e5400000|100%| O|  |TAMS 0x00000007e5200000| PB 0x00000007e5200000| Untracked 
|1834|0x00000007e5400000, 0x00000007e5600000, 0x00000007e5600000|100%| O|  |TAMS 0x00000007e5400000| PB 0x00000007e5400000| Untracked 
|1835|0x00000007e5600000, 0x00000007e5800000, 0x00000007e5800000|100%| O|  |TAMS 0x00000007e5600000| PB 0x00000007e5600000| Untracked 
|1836|0x00000007e5800000, 0x00000007e5a00000, 0x00000007e5a00000|100%| O|  |TAMS 0x00000007e5800000| PB 0x00000007e5800000| Untracked 
|1837|0x00000007e5a00000, 0x00000007e5c00000, 0x00000007e5c00000|100%| O|  |TAMS 0x00000007e5a00000| PB 0x00000007e5a00000| Untracked 
|1838|0x00000007e5c00000, 0x00000007e5e00000, 0x00000007e5e00000|100%| O|  |TAMS 0x00000007e5c00000| PB 0x00000007e5c00000| Untracked 
|1839|0x00000007e5e00000, 0x00000007e6000000, 0x00000007e6000000|100%| O|  |TAMS 0x00000007e5e00000| PB 0x00000007e5e00000| Untracked 
|1840|0x00000007e6000000, 0x00000007e6200000, 0x00000007e6200000|100%| O|  |TAMS 0x00000007e6000000| PB 0x00000007e6000000| Untracked 
|1841|0x00000007e6200000, 0x00000007e6400000, 0x00000007e6400000|100%| O|  |TAMS 0x00000007e6200000| PB 0x00000007e6200000| Untracked 
|1842|0x00000007e6400000, 0x00000007e6600000, 0x00000007e6600000|100%| O|  |TAMS 0x00000007e6400000| PB 0x00000007e6400000| Untracked 
|1843|0x00000007e6600000, 0x00000007e6800000, 0x00000007e6800000|100%| O|  |TAMS 0x00000007e6600000| PB 0x00000007e6600000| Untracked 
|1844|0x00000007e6800000, 0x00000007e6a00000, 0x00000007e6a00000|100%| O|  |TAMS 0x00000007e6800000| PB 0x00000007e6800000| Untracked 
|1845|0x00000007e6a00000, 0x00000007e6c00000, 0x00000007e6c00000|100%| O|  |TAMS 0x00000007e6a00000| PB 0x00000007e6a00000| Untracked 
|1846|0x00000007e6c00000, 0x00000007e6e00000, 0x00000007e6e00000|100%| O|  |TAMS 0x00000007e6c00000| PB 0x00000007e6c00000| Untracked 
|1847|0x00000007e6e00000, 0x00000007e7000000, 0x00000007e7000000|100%| E|CS|TAMS 0x00000007e6e00000| PB 0x00000007e6e00000| Complete 
|1848|0x00000007e7000000, 0x00000007e7200000, 0x00000007e7200000|100%| O|  |TAMS 0x00000007e7000000| PB 0x00000007e7000000| Untracked 
|1849|0x00000007e7200000, 0x00000007e7400000, 0x00000007e7400000|100%| E|CS|TAMS 0x00000007e7200000| PB 0x00000007e7200000| Complete 
|1850|0x00000007e7400000, 0x00000007e7600000, 0x00000007e7600000|100%| E|CS|TAMS 0x00000007e7400000| PB 0x00000007e7400000| Complete 
|1851|0x00000007e7600000, 0x00000007e7800000, 0x00000007e7800000|100%| E|CS|TAMS 0x00000007e7600000| PB 0x00000007e7600000| Complete 
|1852|0x00000007e7800000, 0x00000007e7a00000, 0x00000007e7a00000|100%| E|CS|TAMS 0x00000007e7800000| PB 0x00000007e7800000| Complete 
|1853|0x00000007e7a00000, 0x00000007e7c00000, 0x00000007e7c00000|100%| E|CS|TAMS 0x00000007e7a00000| PB 0x00000007e7a00000| Complete 
|1854|0x00000007e7c00000, 0x00000007e7e00000, 0x00000007e7e00000|100%| E|CS|TAMS 0x00000007e7c00000| PB 0x00000007e7c00000| Complete 
|1855|0x00000007e7e00000, 0x00000007e8000000, 0x00000007e8000000|100%| E|CS|TAMS 0x00000007e7e00000| PB 0x00000007e7e00000| Complete 
|1856|0x00000007e8000000, 0x00000007e8200000, 0x00000007e8200000|100%| E|CS|TAMS 0x00000007e8000000| PB 0x00000007e8000000| Complete 
|1857|0x00000007e8200000, 0x00000007e8400000, 0x00000007e8400000|100%| E|CS|TAMS 0x00000007e8200000| PB 0x00000007e8200000| Complete 
|1858|0x00000007e8400000, 0x00000007e8600000, 0x00000007e8600000|100%| E|CS|TAMS 0x00000007e8400000| PB 0x00000007e8400000| Complete 
|1859|0x00000007e8600000, 0x00000007e8800000, 0x00000007e8800000|100%| E|CS|TAMS 0x00000007e8600000| PB 0x00000007e8600000| Complete 
|1860|0x00000007e8800000, 0x00000007e8a00000, 0x00000007e8a00000|100%| E|CS|TAMS 0x00000007e8800000| PB 0x00000007e8800000| Complete 
|1861|0x00000007e8a00000, 0x00000007e8c00000, 0x00000007e8c00000|100%| E|CS|TAMS 0x00000007e8a00000| PB 0x00000007e8a00000| Complete 
|1862|0x00000007e8c00000, 0x00000007e8e00000, 0x00000007e8e00000|100%| E|CS|TAMS 0x00000007e8c00000| PB 0x00000007e8c00000| Complete 
|1863|0x00000007e8e00000, 0x00000007e9000000, 0x00000007e9000000|100%| E|CS|TAMS 0x00000007e8e00000| PB 0x00000007e8e00000| Complete 
|1864|0x00000007e9000000, 0x00000007e9200000, 0x00000007e9200000|100%| E|CS|TAMS 0x00000007e9000000| PB 0x00000007e9000000| Complete 
|1865|0x00000007e9200000, 0x00000007e9400000, 0x00000007e9400000|100%| E|CS|TAMS 0x00000007e9200000| PB 0x00000007e9200000| Complete 
|1866|0x00000007e9400000, 0x00000007e9600000, 0x00000007e9600000|100%| E|CS|TAMS 0x00000007e9400000| PB 0x00000007e9400000| Complete 
|1867|0x00000007e9600000, 0x00000007e9800000, 0x00000007e9800000|100%| E|CS|TAMS 0x00000007e9600000| PB 0x00000007e9600000| Complete 
|1868|0x00000007e9800000, 0x00000007e9a00000, 0x00000007e9a00000|100%| E|CS|TAMS 0x00000007e9800000| PB 0x00000007e9800000| Complete 
|1869|0x00000007e9a00000, 0x00000007e9c00000, 0x00000007e9c00000|100%| E|CS|TAMS 0x00000007e9a00000| PB 0x00000007e9a00000| Complete 
|1870|0x00000007e9c00000, 0x00000007e9e00000, 0x00000007e9e00000|100%| E|CS|TAMS 0x00000007e9c00000| PB 0x00000007e9c00000| Complete 
|1871|0x00000007e9e00000, 0x00000007ea000000, 0x00000007ea000000|100%| E|CS|TAMS 0x00000007e9e00000| PB 0x00000007e9e00000| Complete 
|1872|0x00000007ea000000, 0x00000007ea200000, 0x00000007ea200000|100%| E|CS|TAMS 0x00000007ea000000| PB 0x00000007ea000000| Complete 
|1873|0x00000007ea200000, 0x00000007ea400000, 0x00000007ea400000|100%| E|CS|TAMS 0x00000007ea200000| PB 0x00000007ea200000| Complete 
|1874|0x00000007ea400000, 0x00000007ea600000, 0x00000007ea600000|100%| E|CS|TAMS 0x00000007ea400000| PB 0x00000007ea400000| Complete 
|1875|0x00000007ea600000, 0x00000007ea800000, 0x00000007ea800000|100%| E|CS|TAMS 0x00000007ea600000| PB 0x00000007ea600000| Complete 
|1876|0x00000007ea800000, 0x00000007eaa00000, 0x00000007eaa00000|100%| E|CS|TAMS 0x00000007ea800000| PB 0x00000007ea800000| Complete 
|1877|0x00000007eaa00000, 0x00000007eac00000, 0x00000007eac00000|100%| E|CS|TAMS 0x00000007eaa00000| PB 0x00000007eaa00000| Complete 
|1878|0x00000007eac00000, 0x00000007eae00000, 0x00000007eae00000|100%| E|CS|TAMS 0x00000007eac00000| PB 0x00000007eac00000| Complete 
|1879|0x00000007eae00000, 0x00000007eb000000, 0x00000007eb000000|100%| E|CS|TAMS 0x00000007eae00000| PB 0x00000007eae00000| Complete 
|1880|0x00000007eb000000, 0x00000007eb200000, 0x00000007eb200000|100%| E|CS|TAMS 0x00000007eb000000| PB 0x00000007eb000000| Complete 
|1881|0x00000007eb200000, 0x00000007eb400000, 0x00000007eb400000|100%| E|CS|TAMS 0x00000007eb200000| PB 0x00000007eb200000| Complete 
|1882|0x00000007eb400000, 0x00000007eb600000, 0x00000007eb600000|100%| E|CS|TAMS 0x00000007eb400000| PB 0x00000007eb400000| Complete 
|1883|0x00000007eb600000, 0x00000007eb800000, 0x00000007eb800000|100%| E|CS|TAMS 0x00000007eb600000| PB 0x00000007eb600000| Complete 
|1884|0x00000007eb800000, 0x00000007eba00000, 0x00000007eba00000|100%| E|CS|TAMS 0x00000007eb800000| PB 0x00000007eb800000| Complete 
|1885|0x00000007eba00000, 0x00000007ebc00000, 0x00000007ebc00000|100%| E|CS|TAMS 0x00000007eba00000| PB 0x00000007eba00000| Complete 
|1886|0x00000007ebc00000, 0x00000007ebe00000, 0x00000007ebe00000|100%| E|CS|TAMS 0x00000007ebc00000| PB 0x00000007ebc00000| Complete 
|1887|0x00000007ebe00000, 0x00000007ec000000, 0x00000007ec000000|100%| E|CS|TAMS 0x00000007ebe00000| PB 0x00000007ebe00000| Complete 
|1888|0x00000007ec000000, 0x00000007ec200000, 0x00000007ec200000|100%| E|CS|TAMS 0x00000007ec000000| PB 0x00000007ec000000| Complete 
|1889|0x00000007ec200000, 0x00000007ec400000, 0x00000007ec400000|100%| E|CS|TAMS 0x00000007ec200000| PB 0x00000007ec200000| Complete 
|1890|0x00000007ec400000, 0x00000007ec600000, 0x00000007ec600000|100%| E|CS|TAMS 0x00000007ec400000| PB 0x00000007ec400000| Complete 
|1891|0x00000007ec600000, 0x00000007ec800000, 0x00000007ec800000|100%| E|CS|TAMS 0x00000007ec600000| PB 0x00000007ec600000| Complete 
|1892|0x00000007ec800000, 0x00000007eca00000, 0x00000007eca00000|100%| E|CS|TAMS 0x00000007ec800000| PB 0x00000007ec800000| Complete 
|1893|0x00000007eca00000, 0x00000007ecc00000, 0x00000007ecc00000|100%| E|CS|TAMS 0x00000007eca00000| PB 0x00000007eca00000| Complete 
|1894|0x00000007ecc00000, 0x00000007ece00000, 0x00000007ece00000|100%| E|CS|TAMS 0x00000007ecc00000| PB 0x00000007ecc00000| Complete 
|1895|0x00000007ece00000, 0x00000007ed000000, 0x00000007ed000000|100%| E|CS|TAMS 0x00000007ece00000| PB 0x00000007ece00000| Complete 
|1896|0x00000007ed000000, 0x00000007ed200000, 0x00000007ed200000|100%| E|CS|TAMS 0x00000007ed000000| PB 0x00000007ed000000| Complete 
|1897|0x00000007ed200000, 0x00000007ed400000, 0x00000007ed400000|100%| E|CS|TAMS 0x00000007ed200000| PB 0x00000007ed200000| Complete 
|1898|0x00000007ed400000, 0x00000007ed600000, 0x00000007ed600000|100%| E|CS|TAMS 0x00000007ed400000| PB 0x00000007ed400000| Complete 
|1899|0x00000007ed600000, 0x00000007ed800000, 0x00000007ed800000|100%| E|CS|TAMS 0x00000007ed600000| PB 0x00000007ed600000| Complete 
|1900|0x00000007ed800000, 0x00000007eda00000, 0x00000007eda00000|100%| E|CS|TAMS 0x00000007ed800000| PB 0x00000007ed800000| Complete 
|1901|0x00000007eda00000, 0x00000007edc00000, 0x00000007edc00000|100%| E|CS|TAMS 0x00000007eda00000| PB 0x00000007eda00000| Complete 
|1902|0x00000007edc00000, 0x00000007ede00000, 0x00000007ede00000|100%| E|CS|TAMS 0x00000007edc00000| PB 0x00000007edc00000| Complete 
|1903|0x00000007ede00000, 0x00000007ee000000, 0x00000007ee000000|100%| E|CS|TAMS 0x00000007ede00000| PB 0x00000007ede00000| Complete 
|1904|0x00000007ee000000, 0x00000007ee200000, 0x00000007ee200000|100%| E|CS|TAMS 0x00000007ee000000| PB 0x00000007ee000000| Complete 
|1905|0x00000007ee200000, 0x00000007ee400000, 0x00000007ee400000|100%| E|CS|TAMS 0x00000007ee200000| PB 0x00000007ee200000| Complete 
|1906|0x00000007ee400000, 0x00000007ee600000, 0x00000007ee600000|100%| E|CS|TAMS 0x00000007ee400000| PB 0x00000007ee400000| Complete 
|1907|0x00000007ee600000, 0x00000007ee800000, 0x00000007ee800000|100%| E|CS|TAMS 0x00000007ee600000| PB 0x00000007ee600000| Complete 
|1908|0x00000007ee800000, 0x00000007eea00000, 0x00000007eea00000|100%| E|CS|TAMS 0x00000007ee800000| PB 0x00000007ee800000| Complete 
|1909|0x00000007eea00000, 0x00000007eec00000, 0x00000007eec00000|100%| E|CS|TAMS 0x00000007eea00000| PB 0x00000007eea00000| Complete 
|1910|0x00000007eec00000, 0x00000007eee00000, 0x00000007eee00000|100%| E|CS|TAMS 0x00000007eec00000| PB 0x00000007eec00000| Complete 
|1911|0x00000007eee00000, 0x00000007ef000000, 0x00000007ef000000|100%| E|CS|TAMS 0x00000007eee00000| PB 0x00000007eee00000| Complete 
|1912|0x00000007ef000000, 0x00000007ef200000, 0x00000007ef200000|100%| E|CS|TAMS 0x00000007ef000000| PB 0x00000007ef000000| Complete 
|1913|0x00000007ef200000, 0x00000007ef400000, 0x00000007ef400000|100%| E|CS|TAMS 0x00000007ef200000| PB 0x00000007ef200000| Complete 
|1914|0x00000007ef400000, 0x00000007ef600000, 0x00000007ef600000|100%| E|CS|TAMS 0x00000007ef400000| PB 0x00000007ef400000| Complete 
|1915|0x00000007ef600000, 0x00000007ef800000, 0x00000007ef800000|100%| E|CS|TAMS 0x00000007ef600000| PB 0x00000007ef600000| Complete 
|1916|0x00000007ef800000, 0x00000007efa00000, 0x00000007efa00000|100%| E|CS|TAMS 0x00000007ef800000| PB 0x00000007ef800000| Complete 
|1917|0x00000007efa00000, 0x00000007efc00000, 0x00000007efc00000|100%| E|CS|TAMS 0x00000007efa00000| PB 0x00000007efa00000| Complete 
|1918|0x00000007efc00000, 0x00000007efe00000, 0x00000007efe00000|100%| E|CS|TAMS 0x00000007efc00000| PB 0x00000007efc00000| Complete 
|1919|0x00000007efe00000, 0x00000007f0000000, 0x00000007f0000000|100%| E|CS|TAMS 0x00000007efe00000| PB 0x00000007efe00000| Complete 
|1920|0x00000007f0000000, 0x00000007f0200000, 0x00000007f0200000|100%| E|CS|TAMS 0x00000007f0000000| PB 0x00000007f0000000| Complete 
|1921|0x00000007f0200000, 0x00000007f0400000, 0x00000007f0400000|100%| E|CS|TAMS 0x00000007f0200000| PB 0x00000007f0200000| Complete 
|1922|0x00000007f0400000, 0x00000007f0600000, 0x00000007f0600000|100%| E|CS|TAMS 0x00000007f0400000| PB 0x00000007f0400000| Complete 
|1923|0x00000007f0600000, 0x00000007f0800000, 0x00000007f0800000|100%| E|CS|TAMS 0x00000007f0600000| PB 0x00000007f0600000| Complete 
|1924|0x00000007f0800000, 0x00000007f0a00000, 0x00000007f0a00000|100%| E|CS|TAMS 0x00000007f0800000| PB 0x00000007f0800000| Complete 
|1925|0x00000007f0a00000, 0x00000007f0c00000, 0x00000007f0c00000|100%| E|CS|TAMS 0x00000007f0a00000| PB 0x00000007f0a00000| Complete 
|1926|0x00000007f0c00000, 0x00000007f0e00000, 0x00000007f0e00000|100%| E|CS|TAMS 0x00000007f0c00000| PB 0x00000007f0c00000| Complete 
|1927|0x00000007f0e00000, 0x00000007f1000000, 0x00000007f1000000|100%| E|CS|TAMS 0x00000007f0e00000| PB 0x00000007f0e00000| Complete 
|1928|0x00000007f1000000, 0x00000007f1200000, 0x00000007f1200000|100%| E|CS|TAMS 0x00000007f1000000| PB 0x00000007f1000000| Complete 
|1929|0x00000007f1200000, 0x00000007f1400000, 0x00000007f1400000|100%| E|CS|TAMS 0x00000007f1200000| PB 0x00000007f1200000| Complete 
|1930|0x00000007f1400000, 0x00000007f1600000, 0x00000007f1600000|100%| E|CS|TAMS 0x00000007f1400000| PB 0x00000007f1400000| Complete 
|1931|0x00000007f1600000, 0x00000007f1800000, 0x00000007f1800000|100%| E|CS|TAMS 0x00000007f1600000| PB 0x00000007f1600000| Complete 
|1932|0x00000007f1800000, 0x00000007f1a00000, 0x00000007f1a00000|100%| E|CS|TAMS 0x00000007f1800000| PB 0x00000007f1800000| Complete 
|1933|0x00000007f1a00000, 0x00000007f1c00000, 0x00000007f1c00000|100%| E|CS|TAMS 0x00000007f1a00000| PB 0x00000007f1a00000| Complete 
|1934|0x00000007f1c00000, 0x00000007f1e00000, 0x00000007f1e00000|100%| E|CS|TAMS 0x00000007f1c00000| PB 0x00000007f1c00000| Complete 
|1935|0x00000007f1e00000, 0x00000007f2000000, 0x00000007f2000000|100%| E|CS|TAMS 0x00000007f1e00000| PB 0x00000007f1e00000| Complete 
|1936|0x00000007f2000000, 0x00000007f2200000, 0x00000007f2200000|100%| E|CS|TAMS 0x00000007f2000000| PB 0x00000007f2000000| Complete 
|1937|0x00000007f2200000, 0x00000007f2400000, 0x00000007f2400000|100%| E|CS|TAMS 0x00000007f2200000| PB 0x00000007f2200000| Complete 
|1938|0x00000007f2400000, 0x00000007f2600000, 0x00000007f2600000|100%| E|CS|TAMS 0x00000007f2400000| PB 0x00000007f2400000| Complete 
|1939|0x00000007f2600000, 0x00000007f2800000, 0x00000007f2800000|100%| E|CS|TAMS 0x00000007f2600000| PB 0x00000007f2600000| Complete 
|1940|0x00000007f2800000, 0x00000007f2a00000, 0x00000007f2a00000|100%| E|CS|TAMS 0x00000007f2800000| PB 0x00000007f2800000| Complete 
|1941|0x00000007f2a00000, 0x00000007f2c00000, 0x00000007f2c00000|100%| E|CS|TAMS 0x00000007f2a00000| PB 0x00000007f2a00000| Complete 
|1942|0x00000007f2c00000, 0x00000007f2e00000, 0x00000007f2e00000|100%| E|CS|TAMS 0x00000007f2c00000| PB 0x00000007f2c00000| Complete 
|1943|0x00000007f2e00000, 0x00000007f3000000, 0x00000007f3000000|100%| E|CS|TAMS 0x00000007f2e00000| PB 0x00000007f2e00000| Complete 
|1944|0x00000007f3000000, 0x00000007f3200000, 0x00000007f3200000|100%| E|CS|TAMS 0x00000007f3000000| PB 0x00000007f3000000| Complete 
|1945|0x00000007f3200000, 0x00000007f3400000, 0x00000007f3400000|100%| E|CS|TAMS 0x00000007f3200000| PB 0x00000007f3200000| Complete 
|1946|0x00000007f3400000, 0x00000007f3600000, 0x00000007f3600000|100%| E|CS|TAMS 0x00000007f3400000| PB 0x00000007f3400000| Complete 
|1947|0x00000007f3600000, 0x00000007f3800000, 0x00000007f3800000|100%| E|CS|TAMS 0x00000007f3600000| PB 0x00000007f3600000| Complete 
|1948|0x00000007f3800000, 0x00000007f3a00000, 0x00000007f3a00000|100%| E|CS|TAMS 0x00000007f3800000| PB 0x00000007f3800000| Complete 
|1949|0x00000007f3a00000, 0x00000007f3c00000, 0x00000007f3c00000|100%| E|CS|TAMS 0x00000007f3a00000| PB 0x00000007f3a00000| Complete 
|1950|0x00000007f3c00000, 0x00000007f3e00000, 0x00000007f3e00000|100%| E|CS|TAMS 0x00000007f3c00000| PB 0x00000007f3c00000| Complete 
|1951|0x00000007f3e00000, 0x00000007f4000000, 0x00000007f4000000|100%| E|CS|TAMS 0x00000007f3e00000| PB 0x00000007f3e00000| Complete 
|1952|0x00000007f4000000, 0x00000007f4200000, 0x00000007f4200000|100%| E|CS|TAMS 0x00000007f4000000| PB 0x00000007f4000000| Complete 
|1953|0x00000007f4200000, 0x00000007f4400000, 0x00000007f4400000|100%| E|CS|TAMS 0x00000007f4200000| PB 0x00000007f4200000| Complete 
|1954|0x00000007f4400000, 0x00000007f4600000, 0x00000007f4600000|100%| E|CS|TAMS 0x00000007f4400000| PB 0x00000007f4400000| Complete 
|1955|0x00000007f4600000, 0x00000007f4800000, 0x00000007f4800000|100%| E|CS|TAMS 0x00000007f4600000| PB 0x00000007f4600000| Complete 
|1956|0x00000007f4800000, 0x00000007f4a00000, 0x00000007f4a00000|100%| E|CS|TAMS 0x00000007f4800000| PB 0x00000007f4800000| Complete 
|1957|0x00000007f4a00000, 0x00000007f4c00000, 0x00000007f4c00000|100%| E|CS|TAMS 0x00000007f4a00000| PB 0x00000007f4a00000| Complete 
|1958|0x00000007f4c00000, 0x00000007f4e00000, 0x00000007f4e00000|100%| E|CS|TAMS 0x00000007f4c00000| PB 0x00000007f4c00000| Complete 
|1959|0x00000007f4e00000, 0x00000007f5000000, 0x00000007f5000000|100%| E|CS|TAMS 0x00000007f4e00000| PB 0x00000007f4e00000| Complete 
|1960|0x00000007f5000000, 0x00000007f5200000, 0x00000007f5200000|100%| E|CS|TAMS 0x00000007f5000000| PB 0x00000007f5000000| Complete 
|1961|0x00000007f5200000, 0x00000007f5400000, 0x00000007f5400000|100%| E|CS|TAMS 0x00000007f5200000| PB 0x00000007f5200000| Complete 
|1962|0x00000007f5400000, 0x00000007f5600000, 0x00000007f5600000|100%| E|CS|TAMS 0x00000007f5400000| PB 0x00000007f5400000| Complete 
|1963|0x00000007f5600000, 0x00000007f5800000, 0x00000007f5800000|100%| E|CS|TAMS 0x00000007f5600000| PB 0x00000007f5600000| Complete 
|1964|0x00000007f5800000, 0x00000007f5a00000, 0x00000007f5a00000|100%| E|CS|TAMS 0x00000007f5800000| PB 0x00000007f5800000| Complete 
|1965|0x00000007f5a00000, 0x00000007f5c00000, 0x00000007f5c00000|100%| E|CS|TAMS 0x00000007f5a00000| PB 0x00000007f5a00000| Complete 
|1966|0x00000007f5c00000, 0x00000007f5e00000, 0x00000007f5e00000|100%| E|CS|TAMS 0x00000007f5c00000| PB 0x00000007f5c00000| Complete 
|1967|0x00000007f5e00000, 0x00000007f6000000, 0x00000007f6000000|100%| E|CS|TAMS 0x00000007f5e00000| PB 0x00000007f5e00000| Complete 
|1968|0x00000007f6000000, 0x00000007f6200000, 0x00000007f6200000|100%| E|CS|TAMS 0x00000007f6000000| PB 0x00000007f6000000| Complete 
|1969|0x00000007f6200000, 0x00000007f6400000, 0x00000007f6400000|100%| E|CS|TAMS 0x00000007f6200000| PB 0x00000007f6200000| Complete 
|1970|0x00000007f6400000, 0x00000007f6600000, 0x00000007f6600000|100%| E|CS|TAMS 0x00000007f6400000| PB 0x00000007f6400000| Complete 
|1971|0x00000007f6600000, 0x00000007f6800000, 0x00000007f6800000|100%| E|CS|TAMS 0x00000007f6600000| PB 0x00000007f6600000| Complete 
|1972|0x00000007f6800000, 0x00000007f6a00000, 0x00000007f6a00000|100%| E|CS|TAMS 0x00000007f6800000| PB 0x00000007f6800000| Complete 
|1973|0x00000007f6a00000, 0x00000007f6c00000, 0x00000007f6c00000|100%| E|CS|TAMS 0x00000007f6a00000| PB 0x00000007f6a00000| Complete 
|1974|0x00000007f6c00000, 0x00000007f6e00000, 0x00000007f6e00000|100%| E|CS|TAMS 0x00000007f6c00000| PB 0x00000007f6c00000| Complete 
|1975|0x00000007f6e00000, 0x00000007f7000000, 0x00000007f7000000|100%| E|CS|TAMS 0x00000007f6e00000| PB 0x00000007f6e00000| Complete 
|1976|0x00000007f7000000, 0x00000007f7200000, 0x00000007f7200000|100%| E|CS|TAMS 0x00000007f7000000| PB 0x00000007f7000000| Complete 
|1977|0x00000007f7200000, 0x00000007f7400000, 0x00000007f7400000|100%| E|CS|TAMS 0x00000007f7200000| PB 0x00000007f7200000| Complete 
|1978|0x00000007f7400000, 0x00000007f7600000, 0x00000007f7600000|100%| E|CS|TAMS 0x00000007f7400000| PB 0x00000007f7400000| Complete 
|1979|0x00000007f7600000, 0x00000007f7800000, 0x00000007f7800000|100%| E|CS|TAMS 0x00000007f7600000| PB 0x00000007f7600000| Complete 
|1980|0x00000007f7800000, 0x00000007f7a00000, 0x00000007f7a00000|100%| E|CS|TAMS 0x00000007f7800000| PB 0x00000007f7800000| Complete 
|1981|0x00000007f7a00000, 0x00000007f7c00000, 0x00000007f7c00000|100%| E|CS|TAMS 0x00000007f7a00000| PB 0x00000007f7a00000| Complete 
|1982|0x00000007f7c00000, 0x00000007f7e00000, 0x00000007f7e00000|100%| E|CS|TAMS 0x00000007f7c00000| PB 0x00000007f7c00000| Complete 
|1983|0x00000007f7e00000, 0x00000007f8000000, 0x00000007f8000000|100%| E|CS|TAMS 0x00000007f7e00000| PB 0x00000007f7e00000| Complete 
|1984|0x00000007f8000000, 0x00000007f8200000, 0x00000007f8200000|100%| E|CS|TAMS 0x00000007f8000000| PB 0x00000007f8000000| Complete 
|1985|0x00000007f8200000, 0x00000007f8400000, 0x00000007f8400000|100%| E|CS|TAMS 0x00000007f8200000| PB 0x00000007f8200000| Complete 
|1986|0x00000007f8400000, 0x00000007f8600000, 0x00000007f8600000|100%| E|CS|TAMS 0x00000007f8400000| PB 0x00000007f8400000| Complete 
|1987|0x00000007f8600000, 0x00000007f8800000, 0x00000007f8800000|100%| E|CS|TAMS 0x00000007f8600000| PB 0x00000007f8600000| Complete 
|1988|0x00000007f8800000, 0x00000007f8a00000, 0x00000007f8a00000|100%| E|CS|TAMS 0x00000007f8800000| PB 0x00000007f8800000| Complete 
|1989|0x00000007f8a00000, 0x00000007f8c00000, 0x00000007f8c00000|100%| E|CS|TAMS 0x00000007f8a00000| PB 0x00000007f8a00000| Complete 
|1990|0x00000007f8c00000, 0x00000007f8e00000, 0x00000007f8e00000|100%| E|CS|TAMS 0x00000007f8c00000| PB 0x00000007f8c00000| Complete 
|1991|0x00000007f8e00000, 0x00000007f9000000, 0x00000007f9000000|100%| E|CS|TAMS 0x00000007f8e00000| PB 0x00000007f8e00000| Complete 
|1992|0x00000007f9000000, 0x00000007f9200000, 0x00000007f9200000|100%| E|CS|TAMS 0x00000007f9000000| PB 0x00000007f9000000| Complete 
|1993|0x00000007f9200000, 0x00000007f9400000, 0x00000007f9400000|100%| E|CS|TAMS 0x00000007f9200000| PB 0x00000007f9200000| Complete 
|1994|0x00000007f9400000, 0x00000007f9600000, 0x00000007f9600000|100%| E|CS|TAMS 0x00000007f9400000| PB 0x00000007f9400000| Complete 
|1995|0x00000007f9600000, 0x00000007f9800000, 0x00000007f9800000|100%| E|CS|TAMS 0x00000007f9600000| PB 0x00000007f9600000| Complete 
|1996|0x00000007f9800000, 0x00000007f9a00000, 0x00000007f9a00000|100%| E|CS|TAMS 0x00000007f9800000| PB 0x00000007f9800000| Complete 
|1997|0x00000007f9a00000, 0x00000007f9c00000, 0x00000007f9c00000|100%| E|CS|TAMS 0x00000007f9a00000| PB 0x00000007f9a00000| Complete 
|1998|0x00000007f9c00000, 0x00000007f9e00000, 0x00000007f9e00000|100%| E|CS|TAMS 0x00000007f9c00000| PB 0x00000007f9c00000| Complete 
|1999|0x00000007f9e00000, 0x00000007fa000000, 0x00000007fa000000|100%| E|CS|TAMS 0x00000007f9e00000| PB 0x00000007f9e00000| Complete 
|2000|0x00000007fa000000, 0x00000007fa200000, 0x00000007fa200000|100%| E|CS|TAMS 0x00000007fa000000| PB 0x00000007fa000000| Complete 
|2001|0x00000007fa200000, 0x00000007fa400000, 0x00000007fa400000|100%| E|CS|TAMS 0x00000007fa200000| PB 0x00000007fa200000| Complete 
|2002|0x00000007fa400000, 0x00000007fa600000, 0x00000007fa600000|100%| E|CS|TAMS 0x00000007fa400000| PB 0x00000007fa400000| Complete 
|2003|0x00000007fa600000, 0x00000007fa800000, 0x00000007fa800000|100%| E|CS|TAMS 0x00000007fa600000| PB 0x00000007fa600000| Complete 
|2004|0x00000007fa800000, 0x00000007faa00000, 0x00000007faa00000|100%| E|CS|TAMS 0x00000007fa800000| PB 0x00000007fa800000| Complete 
|2005|0x00000007faa00000, 0x00000007fac00000, 0x00000007fac00000|100%| E|CS|TAMS 0x00000007faa00000| PB 0x00000007faa00000| Complete 
|2006|0x00000007fac00000, 0x00000007fae00000, 0x00000007fae00000|100%| E|CS|TAMS 0x00000007fac00000| PB 0x00000007fac00000| Complete 
|2007|0x00000007fae00000, 0x00000007fb000000, 0x00000007fb000000|100%| E|CS|TAMS 0x00000007fae00000| PB 0x00000007fae00000| Complete 
|2008|0x00000007fb000000, 0x00000007fb200000, 0x00000007fb200000|100%| E|CS|TAMS 0x00000007fb000000| PB 0x00000007fb000000| Complete 
|2009|0x00000007fb200000, 0x00000007fb400000, 0x00000007fb400000|100%| E|CS|TAMS 0x00000007fb200000| PB 0x00000007fb200000| Complete 
|2010|0x00000007fb400000, 0x00000007fb600000, 0x00000007fb600000|100%| E|CS|TAMS 0x00000007fb400000| PB 0x00000007fb400000| Complete 
|2011|0x00000007fb600000, 0x00000007fb800000, 0x00000007fb800000|100%| E|CS|TAMS 0x00000007fb600000| PB 0x00000007fb600000| Complete 
|2012|0x00000007fb800000, 0x00000007fba00000, 0x00000007fba00000|100%| E|CS|TAMS 0x00000007fb800000| PB 0x00000007fb800000| Complete 
|2013|0x00000007fba00000, 0x00000007fbc00000, 0x00000007fbc00000|100%| E|CS|TAMS 0x00000007fba00000| PB 0x00000007fba00000| Complete 
|2014|0x00000007fbc00000, 0x00000007fbe00000, 0x00000007fbe00000|100%| E|CS|TAMS 0x00000007fbc00000| PB 0x00000007fbc00000| Complete 
|2015|0x00000007fbe00000, 0x00000007fc000000, 0x00000007fc000000|100%| E|CS|TAMS 0x00000007fbe00000| PB 0x00000007fbe00000| Complete 
|2016|0x00000007fc000000, 0x00000007fc200000, 0x00000007fc200000|100%| E|CS|TAMS 0x00000007fc000000| PB 0x00000007fc000000| Complete 
|2017|0x00000007fc200000, 0x00000007fc400000, 0x00000007fc400000|100%| E|CS|TAMS 0x00000007fc200000| PB 0x00000007fc200000| Complete 
|2018|0x00000007fc400000, 0x00000007fc600000, 0x00000007fc600000|100%| E|CS|TAMS 0x00000007fc400000| PB 0x00000007fc400000| Complete 
|2019|0x00000007fc600000, 0x00000007fc800000, 0x00000007fc800000|100%| E|CS|TAMS 0x00000007fc600000| PB 0x00000007fc600000| Complete 
|2020|0x00000007fc800000, 0x00000007fca00000, 0x00000007fca00000|100%| E|CS|TAMS 0x00000007fc800000| PB 0x00000007fc800000| Complete 
|2021|0x00000007fca00000, 0x00000007fcc00000, 0x00000007fcc00000|100%| E|CS|TAMS 0x00000007fca00000| PB 0x00000007fca00000| Complete 
|2022|0x00000007fcc00000, 0x00000007fce00000, 0x00000007fce00000|100%| E|CS|TAMS 0x00000007fcc00000| PB 0x00000007fcc00000| Complete 
|2023|0x00000007fce00000, 0x00000007fd000000, 0x00000007fd000000|100%| E|CS|TAMS 0x00000007fce00000| PB 0x00000007fce00000| Complete 
|2024|0x00000007fd000000, 0x00000007fd200000, 0x00000007fd200000|100%| E|CS|TAMS 0x00000007fd000000| PB 0x00000007fd000000| Complete 
|2025|0x00000007fd200000, 0x00000007fd400000, 0x00000007fd400000|100%| E|CS|TAMS 0x00000007fd200000| PB 0x00000007fd200000| Complete 
|2026|0x00000007fd400000, 0x00000007fd600000, 0x00000007fd600000|100%| E|CS|TAMS 0x00000007fd400000| PB 0x00000007fd400000| Complete 
|2027|0x00000007fd600000, 0x00000007fd800000, 0x00000007fd800000|100%| E|CS|TAMS 0x00000007fd600000| PB 0x00000007fd600000| Complete 
|2028|0x00000007fd800000, 0x00000007fda00000, 0x00000007fda00000|100%| E|CS|TAMS 0x00000007fd800000| PB 0x00000007fd800000| Complete 
|2029|0x00000007fda00000, 0x00000007fdc00000, 0x00000007fdc00000|100%| E|CS|TAMS 0x00000007fda00000| PB 0x00000007fda00000| Complete 
|2030|0x00000007fdc00000, 0x00000007fde00000, 0x00000007fde00000|100%| E|CS|TAMS 0x00000007fdc00000| PB 0x00000007fdc00000| Complete 
|2031|0x00000007fde00000, 0x00000007fe000000, 0x00000007fe000000|100%| E|CS|TAMS 0x00000007fde00000| PB 0x00000007fde00000| Complete 
|2032|0x00000007fe000000, 0x00000007fe200000, 0x00000007fe200000|100%| E|CS|TAMS 0x00000007fe000000| PB 0x00000007fe000000| Complete 
|2033|0x00000007fe200000, 0x00000007fe400000, 0x00000007fe400000|100%| E|CS|TAMS 0x00000007fe200000| PB 0x00000007fe200000| Complete 
|2034|0x00000007fe400000, 0x00000007fe600000, 0x00000007fe600000|100%| E|CS|TAMS 0x00000007fe400000| PB 0x00000007fe400000| Complete 
|2035|0x00000007fe600000, 0x00000007fe800000, 0x00000007fe800000|100%| E|CS|TAMS 0x00000007fe600000| PB 0x00000007fe600000| Complete 
|2036|0x00000007fe800000, 0x00000007fea00000, 0x00000007fea00000|100%| E|CS|TAMS 0x00000007fe800000| PB 0x00000007fe800000| Complete 
|2037|0x00000007fea00000, 0x00000007fec00000, 0x00000007fec00000|100%| E|CS|TAMS 0x00000007fea00000| PB 0x00000007fea00000| Complete 
|2038|0x00000007fec00000, 0x00000007fee00000, 0x00000007fee00000|100%| E|CS|TAMS 0x00000007fec00000| PB 0x00000007fec00000| Complete 
|2039|0x00000007fee00000, 0x00000007ff000000, 0x00000007ff000000|100%| E|CS|TAMS 0x00000007fee00000| PB 0x00000007fee00000| Complete 
|2040|0x00000007ff000000, 0x00000007ff200000, 0x00000007ff200000|100%| E|CS|TAMS 0x00000007ff000000| PB 0x00000007ff000000| Complete 
|2041|0x00000007ff200000, 0x00000007ff400000, 0x00000007ff400000|100%| E|CS|TAMS 0x00000007ff200000| PB 0x00000007ff200000| Complete 
|2042|0x00000007ff400000, 0x00000007ff600000, 0x00000007ff600000|100%| E|CS|TAMS 0x00000007ff400000| PB 0x00000007ff400000| Complete 
|2043|0x00000007ff600000, 0x00000007ff800000, 0x00000007ff800000|100%| E|CS|TAMS 0x00000007ff600000| PB 0x00000007ff600000| Complete 
|2044|0x00000007ff800000, 0x00000007ffa00000, 0x00000007ffa00000|100%| E|CS|TAMS 0x00000007ff800000| PB 0x00000007ff800000| Complete 
|2045|0x00000007ffa00000, 0x00000007ffc00000, 0x00000007ffc00000|100%| E|CS|TAMS 0x00000007ffa00000| PB 0x00000007ffa00000| Complete 
|2046|0x00000007ffc00000, 0x00000007ffe00000, 0x00000007ffe00000|100%| E|CS|TAMS 0x00000007ffc00000| PB 0x00000007ffc00000| Complete 
|2047|0x00000007ffe00000, 0x0000000800000000, 0x0000000800000000|100%| E|CS|TAMS 0x00000007ffe00000| PB 0x00000007ffe00000| Complete 

Card table byte_map: [0x00007f9774e00000,0x00007f9775600000] _byte_map_base: 0x00007f9771600000

Marking Bits: (CMBitMap*) 0x00007f9770099af0
 Bits: [0x00007f9754800000, 0x00007f9758800000)

Polling page: 0x00007f9778ab7000

Metaspace:

Usage:
  Non-class:    107,33 MB used.
      Class:     15,98 MB used.
       Both:    123,32 MB used.

Virtual space:
  Non-class space:      128,00 MB reserved,     109,75 MB ( 86%) committed,  2 nodes.
      Class space:        1,00 GB reserved,      17,94 MB (  2%) committed,  1 nodes.
             Both:        1,12 GB reserved,     127,69 MB ( 11%) committed. 

Chunk freelists:
   Non-Class:  3,51 MB
       Class:  14,96 MB
        Both:  18,47 MB

MaxMetaspaceSize: unlimited
CompressedClassSpaceSize: 1,00 GB
Initial GC threshold: 21,00 MB
Current GC threshold: 212,62 MB
CDS: on
 - commit_granule_bytes: 65536.
 - commit_granule_words: 8192.
 - virtual_space_node_default_size: 8388608.
 - enlarge_chunks_in_place: 1.
 - use_allocation_guard: 0.


Internal statistics:

num_allocs_failed_limit: 9.
num_arena_births: 6114.
num_arena_deaths: 3148.
num_vsnodes_births: 3.
num_vsnodes_deaths: 0.
num_space_committed: 2042.
num_space_uncommitted: 0.
num_chunks_returned_to_freelist: 3702.
num_chunks_taken_from_freelist: 12868.
num_chunk_merges: 1310.
num_chunk_splits: 7609.
num_chunks_enlarged: 4544.
num_inconsistent_stats: 0.

CodeHeap 'non-profiled nmethods': size=119168Kb used=25160Kb max_used=26092Kb free=94007Kb
 bounds [0x00007f97603a0000, 0x00007f9761d20000, 0x00007f9767800000]
CodeHeap 'profiled nmethods': size=119164Kb used=21151Kb max_used=39160Kb free=98012Kb
 bounds [0x00007f9758800000, 0x00007f975ae40000, 0x00007f975fc5f000]
CodeHeap 'non-nmethods': size=7428Kb used=4596Kb max_used=4706Kb free=2831Kb
 bounds [0x00007f975fc5f000, 0x00007f976010f000, 0x00007f97603a0000]
CodeCache: size=245760Kb, used=50907Kb, max_used=69958Kb, free=194850Kb
 total_blobs=15635, nmethods=14618, adapters=917, full_count=0
Compilation: enabled, stopped_count=0, restarted_count=0

Compilation events (20 events):
Event: 664,362 Thread 0x00007f9770202810 68081       4       com.sun.tools.javac.tree.TreeCopier::visitBreak (24 bytes)
Event: 664,362 Thread 0x00007f9770202810 nmethod 68081 0x00007f9760854b10 code [0x00007f9760854ca0, 0x00007f9760854e20]
Event: 665,004 Thread 0x00007f9770202810 68082       4       org.gradle.internal.serialize.kryo.KryoBackedEncoder::writeBoolean (9 bytes)
Event: 665,004 Thread 0x00007f9770202810 nmethod 68082 0x00007f9760426f10 code [0x00007f97604270a0, 0x00007f97604271f8]
Event: 665,502 Thread 0x00007f9770202810 68083       4       com.sun.tools.javac.code.Symbol::isDeprecatableViaAnnotation (48 bytes)
Event: 665,502 Thread 0x00007f9770202810 nmethod 68083 0x00007f97604f6990 code [0x00007f97604f6b20, 0x00007f97604f6c30]
Event: 665,555 Thread 0x00007f9770202810 68084       4       java.lang.Float::intValue (6 bytes)
Event: 665,555 Thread 0x00007f9770202810 nmethod 68084 0x00007f97604b6a10 code [0x00007f97604b6b80, 0x00007f97604b6c30]
Event: 665,692 Thread 0x00007f9770202810 68085       4       com.sun.tools.javac.code.Types::sideCast (211 bytes)
Event: 665,699 Thread 0x00007f9770202810 nmethod 68085 0x00007f9760a21490 code [0x00007f9760a21740, 0x00007f9760a22218]
Event: 665,719 Thread 0x00007f9770202810 68086       4       com.sun.tools.javac.util.AbstractDiagnosticFormatter::indent (100 bytes)
Event: 665,737 Thread 0x00007f9770202810 nmethod 68086 0x00007f9761931590 code [0x00007f97619318a0, 0x00007f9761933e78]
Event: 665,737 Thread 0x00007f9770202810 68087       4       com.sun.tools.javac.util.BasicDiagnosticFormatter::formatMeta (295 bytes)
Event: 665,739 Thread 0x00007f9770202810 nmethod 68087 0x00007f9761c37190 code [0x00007f9761c375a0, 0x00007f9761c37cb8]
Event: 666,150 Thread 0x00007f9770202810 68088       4       com.sun.tools.javac.tree.JCTree$Visitor::visitLambda (6 bytes)
Event: 666,150 Thread 0x00007f9770202810 nmethod 68088 0x00007f976052fb10 code [0x00007f976052fca0, 0x00007f976052fd50]
Event: 666,171 Thread 0x00007f9770202810 68089 %     4       java.util.HashMap$TreeNode::treeify @ 64 (221 bytes)
Event: 666,183 Thread 0x00007f9770202810 nmethod 68089% 0x00007f9761be0890 code [0x00007f9761be0b80, 0x00007f9761be26b0]
Event: 666,301 Thread 0x00007f9770202810 68090       4       java.util.EnumMap::put (10 bytes)
Event: 666,302 Thread 0x00007f9770202810 nmethod 68090 0x00007f97603c6e10 code [0x00007f97603c6fc0, 0x00007f97603c7300]

GC Heap History (20 events):
Event: 587,684 GC heap before
{Heap before GC invocations=178 (full 1):
 garbage-first heap   total 3133440K, used 2591510K [0x0000000700000000, 0x0000000800000000)
  region size 2048K, 743 young (1521664K), 43 survivors (88064K)
 Metaspace       used 125837K, committed 130688K, reserved 1179648K
  class space    used 16363K, committed 18368K, reserved 1048576K
}
Event: 587,710 GC heap after
{Heap after GC invocations=179 (full 1):
 garbage-first heap   total 3133440K, used 1154124K [0x0000000700000000, 0x0000000800000000)
  region size 2048K, 57 young (116736K), 57 survivors (116736K)
 Metaspace       used 125837K, committed 130688K, reserved 1179648K
  class space    used 16363K, committed 18368K, reserved 1048576K
}
Event: 589,083 GC heap before
{Heap before GC invocations=179 (full 1):
 garbage-first heap   total 3133440K, used 2649164K [0x0000000700000000, 0x0000000800000000)
  region size 2048K, 787 young (1611776K), 57 survivors (116736K)
 Metaspace       used 125837K, committed 130688K, reserved 1179648K
  class space    used 16363K, committed 18368K, reserved 1048576K
}
Event: 589,118 GC heap after
{Heap after GC invocations=180 (full 1):
 garbage-first heap   total 3133440K, used 1186436K [0x0000000700000000, 0x0000000800000000)
  region size 2048K, 58 young (118784K), 58 survivors (118784K)
 Metaspace       used 125837K, committed 130688K, reserved 1179648K
  class space    used 16363K, committed 18368K, reserved 1048576K
}
Event: 658,976 GC heap before
{Heap before GC invocations=181 (full 1):
 garbage-first heap   total 3133440K, used 2724484K [0x0000000700000000, 0x0000000800000000)
  region size 2048K, 805 young (1648640K), 58 survivors (118784K)
 Metaspace       used 126248K, committed 130752K, reserved 1179648K
  class space    used 16368K, committed 18368K, reserved 1048576K
}
Event: 659,015 GC heap after
{Heap after GC invocations=182 (full 1):
 garbage-first heap   total 3133440K, used 1268318K [0x0000000700000000, 0x0000000800000000)
  region size 2048K, 85 young (174080K), 85 survivors (174080K)
 Metaspace       used 126248K, committed 130752K, reserved 1179648K
  class space    used 16368K, committed 18368K, reserved 1048576K
}
Event: 660,018 GC heap before
{Heap before GC invocations=182 (full 1):
 garbage-first heap   total 3133440K, used 2919006K [0x0000000700000000, 0x0000000800000000)
  region size 2048K, 813 young (1665024K), 85 survivors (174080K)
 Metaspace       used 126248K, committed 130752K, reserved 1179648K
  class space    used 16368K, committed 18368K, reserved 1048576K
}
Event: 660,093 GC heap after
{Heap after GC invocations=183 (full 1):
 garbage-first heap   total 3450880K, used 1642101K [0x0000000700000000, 0x0000000800000000)
  region size 2048K, 102 young (208896K), 102 survivors (208896K)
 Metaspace       used 126248K, committed 130752K, reserved 1179648K
  class space    used 16368K, committed 18368K, reserved 1048576K
}
Event: 660,104 GC heap before
{Heap before GC invocations=183 (full 1):
 garbage-first heap   total 3450880K, used 1656437K [0x0000000700000000, 0x0000000800000000)
  region size 2048K, 110 young (225280K), 102 survivors (208896K)
 Metaspace       used 126248K, committed 130752K, reserved 1179648K
  class space    used 16368K, committed 18368K, reserved 1048576K
}
Event: 660,130 GC heap after
{Heap after GC invocations=184 (full 1):
 garbage-first heap   total 3450880K, used 1653877K [0x0000000700000000, 0x0000000800000000)
  region size 2048K, 4 young (8192K), 4 survivors (8192K)
 Metaspace       used 126248K, committed 130752K, reserved 1179648K
  class space    used 16368K, committed 18368K, reserved 1048576K
}
Event: 661,185 GC heap before
{Heap before GC invocations=185 (full 1):
 garbage-first heap   total 3450880K, used 2980981K [0x0000000700000000, 0x0000000800000000)
  region size 2048K, 636 young (1302528K), 4 survivors (8192K)
 Metaspace       used 126248K, committed 130752K, reserved 1179648K
  class space    used 16368K, committed 18368K, reserved 1048576K
}
Event: 661,277 GC heap after
{Heap after GC invocations=186 (full 1):
 garbage-first heap   total 3450880K, used 1896053K [0x0000000700000000, 0x0000000800000000)
  region size 2048K, 80 young (163840K), 80 survivors (163840K)
 Metaspace       used 126248K, committed 130752K, reserved 1179648K
  class space    used 16368K, committed 18368K, reserved 1048576K
}
Event: 662,421 GC heap before
{Heap before GC invocations=186 (full 1):
 garbage-first heap   total 3450880K, used 2971253K [0x0000000700000000, 0x0000000800000000)
  region size 2048K, 605 young (1239040K), 80 survivors (163840K)
 Metaspace       used 126254K, committed 130752K, reserved 1179648K
  class space    used 16368K, committed 18368K, reserved 1048576K
}
Event: 662,487 GC heap after
{Heap after GC invocations=187 (full 1):
 garbage-first heap   total 3450880K, used 1948277K [0x0000000700000000, 0x0000000800000000)
  region size 2048K, 40 young (81920K), 40 survivors (81920K)
 Metaspace       used 126254K, committed 130752K, reserved 1179648K
  class space    used 16368K, committed 18368K, reserved 1048576K
}
Event: 663,387 GC heap before
{Heap before GC invocations=187 (full 1):
 garbage-first heap   total 3450880K, used 3027573K [0x0000000700000000, 0x0000000800000000)
  region size 2048K, 567 young (1161216K), 40 survivors (81920K)
 Metaspace       used 126254K, committed 130752K, reserved 1179648K
  class space    used 16368K, committed 18368K, reserved 1048576K
}
Event: 663,422 GC heap after
{Heap after GC invocations=188 (full 1):
 garbage-first heap   total 3450880K, used 1973877K [0x0000000700000000, 0x0000000800000000)
  region size 2048K, 13 young (26624K), 13 survivors (26624K)
 Metaspace       used 126254K, committed 130752K, reserved 1179648K
  class space    used 16368K, committed 18368K, reserved 1048576K
}
Event: 664,488 GC heap before
{Heap before GC invocations=189 (full 1):
 garbage-first heap   total 3450880K, used 2426485K [0x0000000700000000, 0x0000000800000000)
  region size 2048K, 559 young (1144832K), 13 survivors (26624K)
 Metaspace       used 126257K, committed 130752K, reserved 1179648K
  class space    used 16368K, committed 18368K, reserved 1048576K
}
Event: 664,502 GC heap after
{Heap after GC invocations=190 (full 1):
 garbage-first heap   total 3450880K, used 1327733K [0x0000000700000000, 0x0000000800000000)
  region size 2048K, 22 young (45056K), 22 survivors (45056K)
 Metaspace       used 126257K, committed 130752K, reserved 1179648K
  class space    used 16368K, committed 18368K, reserved 1048576K
}
Event: 665,969 GC heap before
{Heap before GC invocations=190 (full 1):
 garbage-first heap   total 3450880K, used 2959989K [0x0000000700000000, 0x0000000800000000)
  region size 2048K, 819 young (1677312K), 22 survivors (45056K)
 Metaspace       used 126257K, committed 130752K, reserved 1179648K
  class space    used 16368K, committed 18368K, reserved 1048576K
}
Event: 665,991 GC heap after
{Heap after GC invocations=191 (full 1):
 garbage-first heap   total 3450880K, used 1223651K [0x0000000700000000, 0x0000000800000000)
  region size 2048K, 39 young (79872K), 39 survivors (79872K)
 Metaspace       used 126257K, committed 130752K, reserved 1179648K
  class space    used 16368K, committed 18368K, reserved 1048576K
}

Dll operation events (14 events):
Event: 0,001 Loaded shared library /home/itzrival/.jdk/jdk-21/lib/libjava.so
Event: 0,012 Loaded shared library /home/itzrival/.jdk/jdk-21/lib/libjsvml.so
Event: 0,032 Loaded shared library /home/itzrival/.jdk/jdk-21/lib/libzip.so
Event: 0,034 Loaded shared library /home/itzrival/.jdk/jdk-21/lib/libinstrument.so
Event: 0,036 Loaded shared library /home/itzrival/.jdk/jdk-21/lib/libnio.so
Event: 0,038 Loaded shared library /home/itzrival/.jdk/jdk-21/lib/libzip.so
Event: 0,067 Loaded shared library /home/itzrival/.jdk/jdk-21/lib/libjimage.so
Event: 0,089 Loaded shared library /home/itzrival/.jdk/jdk-21/lib/libverify.so
Event: 0,140 Loaded shared library /home/itzrival/.jdk/jdk-21/lib/libnet.so
Event: 0,141 Loaded shared library /home/itzrival/.gradle/native/c067742578af261105cb4f569cf0c3c89f3d7b1fecec35dd04571415982c5e48/linux-amd64/libnative-platform.so
Event: 0,144 Loaded shared library /home/itzrival/.gradle/native/38dada09dfb8b06ba9b0570ebf7e218e3eb74d4ef43ca46872605cf95ebc2f47/linux-amd64/libnative-platform-file-events.so
Event: 0,929 Loaded shared library /home/itzrival/.jdk/jdk-21/lib/libmanagement.so
Event: 0,930 Loaded shared library /home/itzrival/.jdk/jdk-21/lib/libmanagement_ext.so
Event: 0,998 Loaded shared library /home/itzrival/.jdk/jdk-21/lib/libextnet.so

Deoptimization events (20 events):
Event: 658,165 Thread 0x00007f94e8001e90 Uncommon trap: trap_request=0xffffff45 fr.pc=0x00007f9760a22008 relative=0x00000000000008e8
Event: 658,165 Thread 0x00007f94e8001e90 Uncommon trap: reason=unstable_if action=reinterpret pc=0x00007f9760a22008 method=org.gradle.internal.logging.sink.OutputEventRenderer.onOutput(Lorg/gradle/internal/logging/events/OutputEvent;)V @ 24 c2
Event: 658,165 Thread 0x00007f94e8001e90 DEOPT PACKING pc=0x00007f9760a22008 sp=0x00007f94ee4e3430
Event: 658,165 Thread 0x00007f94e8001e90 DEOPT UNPACKING pc=0x00007f975fcb2f99 sp=0x00007f94ee4e3390 mode 2
Event: 658,252 Thread 0x00007f94e00062c0 DEOPT PACKING pc=0x00007f9758c85c42 sp=0x00007f96f1ae83a0
Event: 658,252 Thread 0x00007f94e00062c0 DEOPT UNPACKING pc=0x00007f975fcb372f sp=0x00007f96f1ae7870 mode 0
Event: 658,413 Thread 0x00007f94e80054c0 DEOPT PACKING pc=0x00007f975ad68a36 sp=0x00007f97452f1ff0
Event: 658,413 Thread 0x00007f94e80054c0 DEOPT UNPACKING pc=0x00007f975fcb372f sp=0x00007f97452f1528 mode 0
Event: 658,808 Thread 0x00007f950c48db80 Uncommon trap: trap_request=0xffffff45 fr.pc=0x00007f9760b080b0 relative=0x00000000000010b0
Event: 658,808 Thread 0x00007f950c48db80 Uncommon trap: reason=unstable_if action=reinterpret pc=0x00007f9760b080b0 method=java.util.concurrent.ConcurrentHashMap.addCount(JI)V @ 260 c2
Event: 658,808 Thread 0x00007f950c48db80 DEOPT PACKING pc=0x00007f9760b080b0 sp=0x00007f94eedec050
Event: 658,808 Thread 0x00007f950c48db80 DEOPT UNPACKING pc=0x00007f975fcb2f99 sp=0x00007f94eedebf20 mode 2
Event: 658,808 Thread 0x00007f950c5003f0 DEOPT PACKING pc=0x00007f9758b66fd9 sp=0x00007f94ee3e1690
Event: 658,808 Thread 0x00007f950c5003f0 DEOPT UNPACKING pc=0x00007f975fcb372f sp=0x00007f94ee3e0b88 mode 0
Event: 661,505 Thread 0x00007f94e00073b0 DEOPT PACKING pc=0x00007f97593adefc sp=0x00007f96f19e7eb0
Event: 661,505 Thread 0x00007f94e00073b0 DEOPT UNPACKING pc=0x00007f975fcb372f sp=0x00007f96f19e73d0 mode 0
Event: 661,762 Thread 0x00007f94e00073b0 DEOPT PACKING pc=0x00007f9758d8c1e6 sp=0x00007f96f19e7830
Event: 661,762 Thread 0x00007f94e00073b0 DEOPT UNPACKING pc=0x00007f975fcb372f sp=0x00007f96f19e6d60 mode 0
Event: 661,846 Thread 0x00007f94e00073b0 DEOPT PACKING pc=0x00007f9758bf4581 sp=0x00007f96f19e7cc0
Event: 661,846 Thread 0x00007f94e00073b0 DEOPT UNPACKING pc=0x00007f975fcb372f sp=0x00007f96f19e7208 mode 0

Classes loaded (20 events):
Event: 30,956 Loading class jdk/internal/math/FormattedFPDecimal
Event: 30,956 Loading class jdk/internal/math/FormattedFPDecimal done
Event: 500,492 Loading class java/nio/file/Path$1
Event: 500,492 Loading class java/nio/file/Path$1 done
Event: 500,548 Loading class java/util/function/ToIntBiFunction
Event: 500,548 Loading class java/util/function/ToIntBiFunction done
Event: 500,719 Loading class java/lang/runtime/ObjectMethods
Event: 500,719 Loading class java/lang/runtime/ObjectMethods done
Event: 500,721 Loading class java/lang/invoke/MethodHandleImpl$Makers
Event: 500,721 Loading class java/lang/invoke/MethodHandleImpl$Makers done
Event: 500,721 Loading class java/lang/invoke/MethodHandleImpl$Makers$1
Event: 500,721 Loading class java/lang/invoke/MethodHandleImpl$Makers$1 done
Event: 500,721 Loading class java/lang/invoke/MethodHandleImpl$Makers$2
Event: 500,721 Loading class java/lang/invoke/MethodHandleImpl$Makers$2 done
Event: 500,721 Loading class java/lang/invoke/MethodHandleImpl$Makers$3
Event: 500,721 Loading class java/lang/invoke/MethodHandleImpl$Makers$3 done
Event: 500,890 Loading class java/lang/runtime/ObjectMethods$1
Event: 500,891 Loading class java/lang/runtime/ObjectMethods$1 done
Event: 500,895 Loading class java/lang/invoke/DirectMethodHandle$1
Event: 500,895 Loading class java/lang/invoke/DirectMethodHandle$1 done

Classes unloaded (20 events):
Event: 581,759 Thread 0x00007f97701f1f80 Unloading class 0x00007f96f83b9800 'java/lang/invoke/LambdaForm$MH+0x00007f96f83b9800'
Event: 581,759 Thread 0x00007f97701f1f80 Unloading class 0x00007f96f83b9400 'java/lang/invoke/LambdaForm$MH+0x00007f96f83b9400'
Event: 581,759 Thread 0x00007f97701f1f80 Unloading class 0x00007f96f8377800 'java/lang/invoke/LambdaForm$MH+0x00007f96f8377800'
Event: 581,759 Thread 0x00007f97701f1f80 Unloading class 0x00007f96f8377400 'java/lang/invoke/LambdaForm$MH+0x00007f96f8377400'
Event: 581,759 Thread 0x00007f97701f1f80 Unloading class 0x00007f96f8363800 'java/lang/invoke/LambdaForm$MH+0x00007f96f8363800'
Event: 581,759 Thread 0x00007f97701f1f80 Unloading class 0x00007f96f8363400 'java/lang/invoke/LambdaForm$MH+0x00007f96f8363400'
Event: 581,759 Thread 0x00007f97701f1f80 Unloading class 0x00007f96f835b000 'java/lang/invoke/LambdaForm$MH+0x00007f96f835b000'
Event: 581,759 Thread 0x00007f97701f1f80 Unloading class 0x00007f96f835ac00 'java/lang/invoke/LambdaForm$MH+0x00007f96f835ac00'
Event: 581,759 Thread 0x00007f97701f1f80 Unloading class 0x00007f96f835a400 'java/lang/invoke/LambdaForm$MH+0x00007f96f835a400'
Event: 581,759 Thread 0x00007f97701f1f80 Unloading class 0x00007f96f835a000 'java/lang/invoke/LambdaForm$MH+0x00007f96f835a000'
Event: 581,759 Thread 0x00007f97701f1f80 Unloading class 0x00007f96f8350000 'java/lang/invoke/LambdaForm$MH+0x00007f96f8350000'
Event: 581,759 Thread 0x00007f97701f1f80 Unloading class 0x00007f96f834bc00 'java/lang/invoke/LambdaForm$MH+0x00007f96f834bc00'
Event: 581,759 Thread 0x00007f97701f1f80 Unloading class 0x00007f96f8308800 'java/lang/invoke/LambdaForm$MH+0x00007f96f8308800'
Event: 581,759 Thread 0x00007f97701f1f80 Unloading class 0x00007f96f8308400 'java/lang/invoke/LambdaForm$MH+0x00007f96f8308400'
Event: 581,759 Thread 0x00007f97701f1f80 Unloading class 0x00007f96f8300400 'java/lang/invoke/LambdaForm$MH+0x00007f96f8300400'
Event: 581,759 Thread 0x00007f97701f1f80 Unloading class 0x00007f96f8300000 'java/lang/invoke/LambdaForm$MH+0x00007f96f8300000'
Event: 581,759 Thread 0x00007f97701f1f80 Unloading class 0x00007f96f82a1800 'java/lang/invoke/LambdaForm$MH+0x00007f96f82a1800'
Event: 581,759 Thread 0x00007f97701f1f80 Unloading class 0x00007f96f82a1400 'java/lang/invoke/LambdaForm$MH+0x00007f96f82a1400'
Event: 581,759 Thread 0x00007f97701f1f80 Unloading class 0x00007f96f829d800 'java/lang/invoke/LambdaForm$MH+0x00007f96f829d800'
Event: 581,759 Thread 0x00007f97701f1f80 Unloading class 0x00007f96f829d400 'java/lang/invoke/LambdaForm$MH+0x00007f96f829d400'

Classes redefined (0 events):
No events

Internal exceptions (20 events):
Event: 658,264 Thread 0x00007f94e00062c0 Exception <a 'sun/nio/fs/UnixException'{0x000000075d4bf210}> (0x000000075d4bf210) 
thrown [src/hotspot/share/prims/jni.cpp, line 520]
Event: 658,264 Thread 0x00007f94e00062c0 Exception <a 'sun/nio/fs/UnixException'{0x000000075d4c0be0}> (0x000000075d4c0be0) 
thrown [src/hotspot/share/prims/jni.cpp, line 520]
Event: 658,264 Thread 0x00007f94e00062c0 Exception <a 'sun/nio/fs/UnixException'{0x000000075d4c22b0}> (0x000000075d4c22b0) 
thrown [src/hotspot/share/prims/jni.cpp, line 520]
Event: 658,741 Thread 0x00007f94e00073b0 Exception <a 'sun/nio/fs/UnixException'{0x000000075f45cea0}> (0x000000075f45cea0) 
thrown [src/hotspot/share/prims/jni.cpp, line 520]
Event: 658,814 Thread 0x00007f94e00073b0 Exception <a 'sun/nio/fs/UnixException'{0x00000007524e1418}> (0x00000007524e1418) 
thrown [src/hotspot/share/prims/jni.cpp, line 520]
Event: 661,729 Thread 0x00007f94e00073b0 Exception <a 'sun/nio/fs/UnixException'{0x00000007943dcc48}> (0x00000007943dcc48) 
thrown [src/hotspot/share/prims/jni.cpp, line 520]
Event: 661,730 Thread 0x00007f94e00073b0 Exception <a 'sun/nio/fs/UnixException'{0x0000000794007dc8}> (0x0000000794007dc8) 
thrown [src/hotspot/share/prims/jni.cpp, line 520]
Event: 661,730 Thread 0x00007f94e00073b0 Exception <a 'sun/nio/fs/UnixException'{0x00000007940321c0}> (0x00000007940321c0) 
thrown [src/hotspot/share/prims/jni.cpp, line 520]
Event: 661,730 Thread 0x00007f94e00073b0 Exception <a 'sun/nio/fs/UnixException'{0x0000000794041470}> (0x0000000794041470) 
thrown [src/hotspot/share/prims/jni.cpp, line 520]
Event: 661,731 Thread 0x00007f94e00073b0 Exception <a 'sun/nio/fs/UnixException'{0x0000000794050dd8}> (0x0000000794050dd8) 
thrown [src/hotspot/share/prims/jni.cpp, line 520]
Event: 661,731 Thread 0x00007f94e00073b0 Exception <a 'sun/nio/fs/UnixException'{0x0000000794060840}> (0x0000000794060840) 
thrown [src/hotspot/share/prims/jni.cpp, line 520]
Event: 661,731 Thread 0x00007f94e00073b0 Exception <a 'sun/nio/fs/UnixException'{0x000000079406bda0}> (0x000000079406bda0) 
thrown [src/hotspot/share/prims/jni.cpp, line 520]
Event: 661,731 Thread 0x00007f94e00073b0 Exception <a 'sun/nio/fs/UnixException'{0x0000000794082d88}> (0x0000000794082d88) 
thrown [src/hotspot/share/prims/jni.cpp, line 520]
Event: 661,731 Thread 0x00007f94e00073b0 Exception <a 'sun/nio/fs/UnixException'{0x0000000794091be0}> (0x0000000794091be0) 
thrown [src/hotspot/share/prims/jni.cpp, line 520]
Event: 661,732 Thread 0x00007f94e00073b0 Exception <a 'sun/nio/fs/UnixException'{0x00000007940d3ce0}> (0x00000007940d3ce0) 
thrown [src/hotspot/share/prims/jni.cpp, line 520]
Event: 661,732 Thread 0x00007f94e00073b0 Exception <a 'sun/nio/fs/UnixException'{0x00000007940e6be8}> (0x00000007940e6be8) 
thrown [src/hotspot/share/prims/jni.cpp, line 520]
Event: 661,760 Thread 0x00007f94e00073b0 Exception <a 'sun/nio/fs/UnixException'{0x00000007928efb50}> (0x00000007928efb50) 
thrown [src/hotspot/share/prims/jni.cpp, line 520]
Event: 661,852 Thread 0x00007f94e00073b0 Exception <a 'sun/nio/fs/UnixException'{0x000000078e042bb8}> (0x000000078e042bb8) 
thrown [src/hotspot/share/prims/jni.cpp, line 520]
Event: 661,964 Thread 0x00007f94e00073b0 Exception <a 'sun/nio/fs/UnixException'{0x00000007891428d0}> (0x00000007891428d0) 
thrown [src/hotspot/share/prims/jni.cpp, line 520]
Event: 663,014 Thread 0x00007f966d362e90 Exception <a 'java/io/IOException'{0x00000007894004f8}> (0x00000007894004f8) 
thrown [src/hotspot/share/prims/jni.cpp, line 520]

ZGC Phase Switch (0 events):
No events

VM Operations (20 events):
Event: 660,653 Executing safepoint VM operation: G1PauseCleanup
Event: 660,653 Executing safepoint VM operation: G1PauseCleanup done
Event: 661,185 Executing safepoint VM operation: G1CollectForAllocation (G1 Evacuation Pause)
Event: 661,277 Executing safepoint VM operation: G1CollectForAllocation (G1 Evacuation Pause) done
Event: 662,277 Executing safepoint VM operation: Cleanup
Event: 662,277 Executing safepoint VM operation: Cleanup done
Event: 662,421 Executing safepoint VM operation: G1CollectForAllocation (G1 Evacuation Pause)
Event: 662,487 Executing safepoint VM operation: G1CollectForAllocation (G1 Evacuation Pause) done
Event: 663,387 Executing safepoint VM operation: G1CollectForAllocation (G1 Evacuation Pause)
Event: 663,422 Executing safepoint VM operation: G1CollectForAllocation (G1 Evacuation Pause) done
Event: 663,577 Executing safepoint VM operation: G1PauseRemark
Event: 663,582 Executing safepoint VM operation: G1PauseRemark done
Event: 663,744 Executing safepoint VM operation: G1PauseCleanup
Event: 663,744 Executing safepoint VM operation: G1PauseCleanup done
Event: 664,488 Executing safepoint VM operation: G1CollectForAllocation (G1 Evacuation Pause)
Event: 664,502 Executing safepoint VM operation: G1CollectForAllocation (G1 Evacuation Pause) done
Event: 665,502 Executing safepoint VM operation: Cleanup
Event: 665,502 Executing safepoint VM operation: Cleanup done
Event: 665,969 Executing safepoint VM operation: G1CollectForAllocation (G1 Evacuation Pause)
Event: 665,991 Executing safepoint VM operation: G1CollectForAllocation (G1 Evacuation Pause) done

Memory protections (20 events):
Event: 658,837 Protecting memory [0x00007f94edee0000,0x00007f94edee4000] with protection modes 0
Event: 658,837 Protecting memory [0x00007f94edddf000,0x00007f94edde3000] with protection modes 0
Event: 658,837 Protecting memory [0x00007f94edcde000,0x00007f94edce2000] with protection modes 0
Event: 658,837 Protecting memory [0x00007f94edbdd000,0x00007f94edbe1000] with protection modes 0
Event: 658,838 Protecting memory [0x00007f94edadc000,0x00007f94edae0000] with protection modes 0
Event: 658,838 Protecting memory [0x00007f94ed7d9000,0x00007f94ed7dd000] with protection modes 0
Event: 658,838 Protecting memory [0x00007f94ed1d3000,0x00007f94ed1d7000] with protection modes 0
Event: 658,838 Protecting memory [0x00007f94ecfd1000,0x00007f94ecfd5000] with protection modes 0
Event: 658,838 Protecting memory [0x00007f94eced0000,0x00007f94eced4000] with protection modes 0
Event: 658,838 Protecting memory [0x00007f94ecdcf000,0x00007f94ecdd3000] with protection modes 0
Event: 658,838 Protecting memory [0x00007f94ecbcd000,0x00007f94ecbd1000] with protection modes 0
Event: 658,839 Protecting memory [0x00007f94ecacc000,0x00007f94ecad0000] with protection modes 0
Event: 658,839 Protecting memory [0x00007f94ec9cb000,0x00007f94ec9cf000] with protection modes 0
Event: 658,839 Protecting memory [0x00007f94ec8ca000,0x00007f94ec8ce000] with protection modes 0
Event: 658,839 Protecting memory [0x00007f94ec7c9000,0x00007f94ec7cd000] with protection modes 0
Event: 658,839 Protecting memory [0x00007f94ec6c8000,0x00007f94ec6cc000] with protection modes 0
Event: 661,732 Protecting memory [0x00007f947fee0000,0x00007f947fee4000] with protection modes 0
Event: 661,732 Protecting memory [0x00007f94875f7000,0x00007f94875fb000] with protection modes 0
Event: 661,732 Protecting memory [0x00007f94ed8da000,0x00007f94ed8de000] with protection modes 0
Event: 661,894 Protecting memory [0x00007f94878fa000,0x00007f94878fe000] with protection modes 0

Nmethod flushes (20 events):
Event: 663,580 Thread 0x00007f97701f1f80 flushing  nmethod 0x00007f975a10fa10
Event: 663,580 Thread 0x00007f97701f1f80 flushing  nmethod 0x00007f975a174890
Event: 663,580 Thread 0x00007f97701f1f80 flushing  nmethod 0x00007f975a175f10
Event: 663,580 Thread 0x00007f97701f1f80 flushing  nmethod 0x00007f975a1fa190
Event: 663,580 Thread 0x00007f97701f1f80 flushing  nmethod 0x00007f975a1fe010
Event: 663,580 Thread 0x00007f97701f1f80 flushing  nmethod 0x00007f975a1fed10
Event: 663,580 Thread 0x00007f97701f1f80 flushing  nmethod 0x00007f975a1ff910
Event: 663,580 Thread 0x00007f97701f1f80 flushing  nmethod 0x00007f975a294310
Event: 663,580 Thread 0x00007f97701f1f80 flushing  nmethod 0x00007f975a294910
Event: 663,580 Thread 0x00007f97701f1f80 flushing  nmethod 0x00007f975a296190
Event: 663,580 Thread 0x00007f97701f1f80 flushing  nmethod 0x00007f975a305a10
Event: 663,580 Thread 0x00007f97701f1f80 flushing  nmethod 0x00007f975a305e90
Event: 663,580 Thread 0x00007f97701f1f80 flushing  nmethod 0x00007f975a306b10
Event: 663,580 Thread 0x00007f97701f1f80 flushing  nmethod 0x00007f975a5b7290
Event: 663,580 Thread 0x00007f97701f1f80 flushing  nmethod 0x00007f975a5b7e90
Event: 663,580 Thread 0x00007f97701f1f80 flushing  nmethod 0x00007f975a5b8990
Event: 663,580 Thread 0x00007f97701f1f80 flushing  nmethod 0x00007f975ac9cf90
Event: 663,580 Thread 0x00007f97701f1f80 flushing  nmethod 0x00007f975ad3fb10
Event: 663,580 Thread 0x00007f97701f1f80 flushing  nmethod 0x00007f975ad41b10
Event: 663,580 Thread 0x00007f97701f1f80 flushing  nmethod 0x00007f975adbef90

Events (20 events):
Event: 658,839 Thread 0x00007f94e00073b0 Thread added: 0x00007f950c480840
Event: 658,839 Thread 0x00007f94e00073b0 Thread added: 0x00007f950c481a80
Event: 659,372 Thread 0x00007f9630425a60 Thread exited: 0x00007f9630425a60
Event: 659,895 Thread 0x00007f9630258010 Thread exited: 0x00007f9630258010
Event: 659,895 Thread 0x00007f95c00144a0 Thread exited: 0x00007f95c00144a0
Event: 660,574 Thread 0x00007f96d895d000 Thread exited: 0x00007f96d895d000
Event: 660,574 Thread 0x00007f96d88c4fa0 Thread exited: 0x00007f96d88c4fa0
Event: 660,730 Thread 0x00007f95b43b3300 Thread exited: 0x00007f95b43b3300
Event: 660,730 Thread 0x00007f95c00154e0 Thread exited: 0x00007f95c00154e0
Event: 661,041 Thread 0x00007f95b46aacd0 Thread exited: 0x00007f95b46aacd0
Event: 661,505 Thread 0x00007f96cc0a7d70 Thread exited: 0x00007f96cc0a7d70
Event: 661,732 Thread 0x00007f9770203ed0 Thread added: 0x00007f96cc0a7d70
Event: 661,732 Thread 0x00007f9770203ed0 Thread added: 0x00007f96cc1b4ea0
Event: 661,732 Thread 0x00007f9770203ed0 Thread added: 0x00007f96cc109410
Event: 661,894 Thread 0x00007f95b43926c0 Thread added: 0x00007f953c03d810
Event: 663,723 Thread 0x00007f953c03d810 Thread exited: 0x00007f953c03d810
Event: 663,723 Thread 0x00007f95b43926c0 Thread exited: 0x00007f95b43926c0
Event: 665,004 Thread 0x00007f96cc109410 Thread exited: 0x00007f96cc109410
Event: 665,502 Thread 0x00007f96cc1b4ea0 Thread exited: 0x00007f96cc1b4ea0
Event: 665,502 Thread 0x00007f96cc0a7d70 Thread exited: 0x00007f96cc0a7d70


Dynamic libraries:
700000000-7ac000000 rw-p 00000000 00:00 0 
7ac000000-7d9600000 ---p 00000000 00:00 0 
7d9600000-800000000 rw-p 00000000 00:00 0 
5636a4e56000-5636a4e57000 r-xp 00000000 00:21 202773                     /home/itzrival/.jdk/jdk-21/bin/java
5636a4e58000-5636a4e59000 r--p 00001000 00:21 202773                     /home/itzrival/.jdk/jdk-21/bin/java
5636a4e59000-5636a4e5a000 rw-p 00002000 00:21 202773                     /home/itzrival/.jdk/jdk-21/bin/java
5636bdd7c000-5636bddc3000 rw-p 00000000 00:00 0                          [heap]
7f947f5d6000-7f947f5d7000 rw-p 00000000 00:00 0 
7f947f5d7000-7f947f5db000 ---p 00000000 00:00 0 
7f947f5db000-7f947f6d7000 rw-p 00000000 00:00 0 
7f947fedf000-7f947fee0000 rw-p 00000000 00:00 0 
7f947fee0000-7f947fee4000 ---p 00000000 00:00 0 
7f947fee4000-7f947ffe0000 rw-p 00000000 00:00 0 
7f9481dfe000-7f9481dff000 rw-p 00000000 00:00 0 
7f9481dff000-7f9481e03000 ---p 00000000 00:00 0 
7f9481e03000-7f9481f00000 rw-p 00000000 00:00 0 
7f9481f00000-7f9481f04000 ---p 00000000 00:00 0 
7f9481f04000-7f9482000000 rw-p 00000000 00:00 0 
7f9482000000-7f94821c0000 rw-p 00000000 00:00 0 
7f94821c0000-7f9482300000 rw-p 00000000 00:00 0 
7f9482300000-7f9483b00000 rw-p 00000000 00:00 0 
7f9483b00000-7f9483ca0000 rw-p 00000000 00:00 0 
7f9483ca0000-7f94848d0000 rw-p 00000000 00:00 0 
7f94848d0000-7f9484900000 ---p 00000000 00:00 0 
7f9484900000-7f9484df0000 rw-p 00000000 00:00 0 
7f9484df0000-7f9486000000 ---p 00000000 00:00 0 
7f94860e1000-7f94860e2000 rw-p 00000000 00:00 0 
7f94860e2000-7f94860e6000 ---p 00000000 00:00 0 
7f94860e6000-7f94861e3000 rw-p 00000000 00:00 0 
7f94861e3000-7f94861e7000 ---p 00000000 00:00 0 
7f94861e7000-7f94862e4000 rw-p 00000000 00:00 0 
7f94862e4000-7f94862e8000 ---p 00000000 00:00 0 
7f94862e8000-7f94863e5000 rw-p 00000000 00:00 0 
7f94863e5000-7f94863e9000 ---p 00000000 00:00 0 
7f94863e9000-7f94864e6000 rw-p 00000000 00:00 0 
7f94864e6000-7f94864ea000 ---p 00000000 00:00 0 
7f94864ea000-7f94865e7000 rw-p 00000000 00:00 0 
7f94865e7000-7f94865eb000 ---p 00000000 00:00 0 
7f94865eb000-7f94866e8000 rw-p 00000000 00:00 0 
7f94866e8000-7f94866ec000 ---p 00000000 00:00 0 
7f94866ec000-7f94867e9000 rw-p 00000000 00:00 0 
7f94867e9000-7f94867ed000 ---p 00000000 00:00 0 
7f94867ed000-7f94868e9000 rw-p 00000000 00:00 0 
7f9486dee000-7f9486def000 rw-p 00000000 00:00 0 
7f9486def000-7f9486df3000 ---p 00000000 00:00 0 
7f9486df3000-7f9486eef000 rw-p 00000000 00:00 0 
7f94870f1000-7f94870f2000 rw-p 00000000 00:00 0 
7f94870f2000-7f94870f6000 ---p 00000000 00:00 0 
7f94870f6000-7f94871f3000 rw-p 00000000 00:00 0 
7f94871f3000-7f94871f7000 ---p 00000000 00:00 0 
7f94871f7000-7f94872f4000 rw-p 00000000 00:00 0 
7f94872f4000-7f94872f8000 ---p 00000000 00:00 0 
7f94872f8000-7f94873f5000 rw-p 00000000 00:00 0 
7f94873f5000-7f94873f9000 ---p 00000000 00:00 0 
7f94873f9000-7f94874f6000 rw-p 00000000 00:00 0 
7f94874f6000-7f94874fa000 ---p 00000000 00:00 0 
7f94874fa000-7f94875f7000 rw-p 00000000 00:00 0 
7f94875f7000-7f94875fb000 ---p 00000000 00:00 0 
7f94875fb000-7f94876f8000 rw-p 00000000 00:00 0 
7f94876f8000-7f94876fc000 ---p 00000000 00:00 0 
7f94876fc000-7f94877f9000 rw-p 00000000 00:00 0 
7f94877f9000-7f94877fd000 ---p 00000000 00:00 0 
7f94877fd000-7f94878fa000 rw-p 00000000 00:00 0 
7f94878fa000-7f94878fe000 ---p 00000000 00:00 0 
7f94878fe000-7f9488000000 rw-p 00000000 00:00 0 
7f9488000000-7f9488361000 rw-p 00000000 00:00 0 
7f9488361000-7f948c000000 ---p 00000000 00:00 0 
7f948c000000-7f948d5fc000 rw-p 00000000 00:00 0 
7f948d5fc000-7f9490000000 ---p 00000000 00:00 0 
7f9490000000-7f9491c50000 rw-p 00000000 00:00 0 
7f9491c50000-7f9494000000 ---p 00000000 00:00 0 
7f9494000000-7f9494021000 rw-p 00000000 00:00 0 
7f9494021000-7f9498000000 ---p 00000000 00:00 0 
7f9498000000-7f9498021000 rw-p 00000000 00:00 0 
7f9498021000-7f949c000000 ---p 00000000 00:00 0 
7f949c000000-7f949cf28000 rw-p 00000000 00:00 0 
7f949cf28000-7f94a0000000 ---p 00000000 00:00 0 
7f94a0000000-7f94a03af000 rw-p 00000000 00:00 0 
7f94a03af000-7f94a4000000 ---p 00000000 00:00 0 
7f94a4000000-7f94a54c1000 rw-p 00000000 00:00 0 
7f94a54c1000-7f94a8000000 ---p 00000000 00:00 0 
7f94a8000000-7f94a8022000 rw-p 00000000 00:00 0 
7f94a8022000-7f94ac000000 ---p 00000000 00:00 0 
7f94ac000000-7f94ac022000 rw-p 00000000 00:00 0 
7f94ac022000-7f94b0000000 ---p 00000000 00:00 0 
7f94b0000000-7f94b0cef000 rw-p 00000000 00:00 0 
7f94b0cef000-7f94b4000000 ---p 00000000 00:00 0 
7f94b4000000-7f94b4022000 rw-p 00000000 00:00 0 
7f94b4022000-7f94b8000000 ---p 00000000 00:00 0 
7f94b8000000-7f94b92aa000 rw-p 00000000 00:00 0 
7f94b92aa000-7f94bc000000 ---p 00000000 00:00 0 
7f94bc000000-7f94bc021000 rw-p 00000000 00:00 0 
7f94bc021000-7f94c0000000 ---p 00000000 00:00 0 
7f94c0000000-7f94c0356000 rw-p 00000000 00:00 0 
7f94c0356000-7f94c4000000 ---p 00000000 00:00 0 
7f94c4000000-7f94c4021000 rw-p 00000000 00:00 0 
7f94c4021000-7f94c8000000 ---p 00000000 00:00 0 
7f94c8000000-7f94c8026000 rw-p 00000000 00:00 0 
7f94c8026000-7f94cc000000 ---p 00000000 00:00 0 
7f94cc000000-7f94cc021000 rw-p 00000000 00:00 0 
7f94cc021000-7f94d0000000 ---p 00000000 00:00 0 
7f94d0000000-7f94d0587000 rw-p 00000000 00:00 0 
7f94d0587000-7f94d4000000 ---p 00000000 00:00 0 
7f94d4000000-7f94d4571000 rw-p 00000000 00:00 0 
7f94d4571000-7f94d8000000 ---p 00000000 00:00 0 
7f94d8000000-7f94d8021000 rw-p 00000000 00:00 0 
7f94d8021000-7f94dc000000 ---p 00000000 00:00 0 
7f94dc000000-7f94dce51000 rw-p 00000000 00:00 0 
7f94dce51000-7f94e0000000 ---p 00000000 00:00 0 
7f94e0000000-7f94e0021000 rw-p 00000000 00:00 0 
7f94e0021000-7f94e4000000 ---p 00000000 00:00 0 
7f94e4000000-7f94e4021000 rw-p 00000000 00:00 0 
7f94e4021000-7f94e8000000 ---p 00000000 00:00 0 
7f94e8000000-7f94e8021000 rw-p 00000000 00:00 0 
7f94e8021000-7f94ec000000 ---p 00000000 00:00 0 
7f94ec0c1000-7f94ec0c2000 rw-p 00000000 00:00 0 
7f94ec0c2000-7f94ec0c6000 ---p 00000000 00:00 0 
7f94ec0c6000-7f94ec1c2000 rw-p 00000000 00:00 0 
7f94ec5c6000-7f94ec5c7000 rw-p 00000000 00:00 0 
7f94ec5c7000-7f94ec5cb000 ---p 00000000 00:00 0 
7f94ec5cb000-7f94ec6c8000 rw-p 00000000 00:00 0 
7f94ec6c8000-7f94ec6cc000 ---p 00000000 00:00 0 
7f94ec6cc000-7f94ec7c9000 rw-p 00000000 00:00 0 
7f94ec7c9000-7f94ec7cd000 ---p 00000000 00:00 0 
7f94ec7cd000-7f94ec8ca000 rw-p 00000000 00:00 0 
7f94ec8ca000-7f94ec8ce000 ---p 00000000 00:00 0 
7f94ec8ce000-7f94ec9cb000 rw-p 00000000 00:00 0 
7f94ec9cb000-7f94ec9cf000 ---p 00000000 00:00 0 
7f94ec9cf000-7f94ecacc000 rw-p 00000000 00:00 0 
7f94ecacc000-7f94ecad0000 ---p 00000000 00:00 0 
7f94ecad0000-7f94ecbcd000 rw-p 00000000 00:00 0 
7f94ecbcd000-7f94ecbd1000 ---p 00000000 00:00 0 
7f94ecbd1000-7f94eccce000 rw-p 00000000 00:00 0 
7f94eccce000-7f94eccd2000 ---p 00000000 00:00 0 
7f94eccd2000-7f94ecdcf000 rw-p 00000000 00:00 0 
7f94ecdcf000-7f94ecdd3000 ---p 00000000 00:00 0 
7f94ecdd3000-7f94eced0000 rw-p 00000000 00:00 0 
7f94eced0000-7f94eced4000 ---p 00000000 00:00 0 
7f94eced4000-7f94ecfd1000 rw-p 00000000 00:00 0 
7f94ecfd1000-7f94ecfd5000 ---p 00000000 00:00 0 
7f94ecfd5000-7f94ed0d2000 rw-p 00000000 00:00 0 
7f94ed0d2000-7f94ed0d6000 ---p 00000000 00:00 0 
7f94ed0d6000-7f94ed1d3000 rw-p 00000000 00:00 0 
7f94ed1d3000-7f94ed1d7000 ---p 00000000 00:00 0 
7f94ed1d7000-7f94ed2d4000 rw-p 00000000 00:00 0 
7f94ed2d4000-7f94ed2d8000 ---p 00000000 00:00 0 
7f94ed2d8000-7f94ed3d5000 rw-p 00000000 00:00 0 
7f94ed3d5000-7f94ed3d9000 ---p 00000000 00:00 0 
7f94ed3d9000-7f94ed4d6000 rw-p 00000000 00:00 0 
7f94ed4d6000-7f94ed4da000 ---p 00000000 00:00 0 
7f94ed4da000-7f94ed5d7000 rw-p 00000000 00:00 0 
7f94ed5d7000-7f94ed5db000 ---p 00000000 00:00 0 
7f94ed5db000-7f94ed6d8000 rw-p 00000000 00:00 0 
7f94ed6d8000-7f94ed6dc000 ---p 00000000 00:00 0 
7f94ed6dc000-7f94ed7d9000 rw-p 00000000 00:00 0 
7f94ed7d9000-7f94ed7dd000 ---p 00000000 00:00 0 
7f94ed7dd000-7f94ed8da000 rw-p 00000000 00:00 0 
7f94ed8da000-7f94ed8de000 ---p 00000000 00:00 0 
7f94ed8de000-7f94ed9db000 rw-p 00000000 00:00 0 
7f94ed9db000-7f94ed9df000 ---p 00000000 00:00 0 
7f94ed9df000-7f94edadc000 rw-p 00000000 00:00 0 
7f94edadc000-7f94edae0000 ---p 00000000 00:00 0 
7f94edae0000-7f94edbdd000 rw-p 00000000 00:00 0 
7f94edbdd000-7f94edbe1000 ---p 00000000 00:00 0 
7f94edbe1000-7f94edcde000 rw-p 00000000 00:00 0 
7f94edcde000-7f94edce2000 ---p 00000000 00:00 0 
7f94edce2000-7f94edddf000 rw-p 00000000 00:00 0 
7f94edddf000-7f94edde3000 ---p 00000000 00:00 0 
7f94edde3000-7f94edee0000 rw-p 00000000 00:00 0 
7f94edee0000-7f94edee4000 ---p 00000000 00:00 0 
7f94edee4000-7f94edfe1000 rw-p 00000000 00:00 0 
7f94edfe1000-7f94edfe5000 ---p 00000000 00:00 0 
7f94edfe5000-7f94ee0e2000 rw-p 00000000 00:00 0 
7f94ee0e2000-7f94ee0e6000 ---p 00000000 00:00 0 
7f94ee0e6000-7f94ee1e3000 rw-p 00000000 00:00 0 
7f94ee1e3000-7f94ee1e7000 ---p 00000000 00:00 0 
7f94ee1e7000-7f94ee2e4000 rw-p 00000000 00:00 0 
7f94ee2e4000-7f94ee2e8000 ---p 00000000 00:00 0 
7f94ee2e8000-7f94ee3e5000 rw-p 00000000 00:00 0 
7f94ee3e5000-7f94ee3e9000 ---p 00000000 00:00 0 
7f94ee3e9000-7f94ee4e6000 rw-p 00000000 00:00 0 
7f94ee4e6000-7f94ee4ea000 ---p 00000000 00:00 0 
7f94ee4ea000-7f94ee5e7000 rw-p 00000000 00:00 0 
7f94ee5e7000-7f94ee5eb000 ---p 00000000 00:00 0 
7f94ee5eb000-7f94ee6e8000 rw-p 00000000 00:00 0 
7f94ee6e8000-7f94ee6ec000 ---p 00000000 00:00 0 
7f94ee6ec000-7f94ee7e9000 rw-p 00000000 00:00 0 
7f94ee7e9000-7f94ee7ed000 ---p 00000000 00:00 0 
7f94ee7ed000-7f94ee8ea000 rw-p 00000000 00:00 0 
7f94ee8ea000-7f94ee8ee000 ---p 00000000 00:00 0 
7f94ee8ee000-7f94ee9eb000 rw-p 00000000 00:00 0 
7f94ee9eb000-7f94ee9ef000 ---p 00000000 00:00 0 
7f94ee9ef000-7f94eeaec000 rw-p 00000000 00:00 0 
7f94eeaec000-7f94eeaf0000 ---p 00000000 00:00 0 
7f94eeaf0000-7f94eebed000 rw-p 00000000 00:00 0 
7f94eebed000-7f94eebf1000 ---p 00000000 00:00 0 
7f94eebf1000-7f94eecee000 rw-p 00000000 00:00 0 
7f94eecee000-7f94eecf2000 ---p 00000000 00:00 0 
7f94eecf2000-7f94eedef000 rw-p 00000000 00:00 0 
7f94eedef000-7f94eedf3000 ---p 00000000 00:00 0 
7f94eedf3000-7f94eeef0000 rw-p 00000000 00:00 0 
7f94eeef0000-7f94eeef4000 ---p 00000000 00:00 0 
7f94eeef4000-7f94eeff1000 rw-p 00000000 00:00 0 
7f94eeff1000-7f94eeff5000 ---p 00000000 00:00 0 
7f94eeff5000-7f94ef0f2000 rw-p 00000000 00:00 0 
7f94ef0f2000-7f94ef0f6000 ---p 00000000 00:00 0 
7f94ef0f6000-7f94ef1f3000 rw-p 00000000 00:00 0 
7f94ef1f3000-7f94ef1f7000 ---p 00000000 00:00 0 
7f94ef1f7000-7f94ef2f3000 rw-p 00000000 00:00 0 
7f94ef2f3000-7f94ef2f4000 rw-p 00000000 00:00 0 
7f94ef2f4000-7f94ef2f8000 ---p 00000000 00:00 0 
7f94ef2f8000-7f94ef3f5000 rw-p 00000000 00:00 0 
7f94ef3f5000-7f94ef3f9000 ---p 00000000 00:00 0 
7f94ef3f9000-7f94ef4f6000 rw-p 00000000 00:00 0 
7f94ef4f6000-7f94ef4fa000 ---p 00000000 00:00 0 
7f94ef4fa000-7f94ef5f7000 rw-p 00000000 00:00 0 
7f94ef5f7000-7f94ef5fb000 ---p 00000000 00:00 0 
7f94ef5fb000-7f94ef6f8000 rw-p 00000000 00:00 0 
7f94ef6f8000-7f94ef6fc000 ---p 00000000 00:00 0 
7f94ef6fc000-7f94ef7f9000 rw-p 00000000 00:00 0 
7f94ef7f9000-7f94ef7fd000 ---p 00000000 00:00 0 
7f94ef7fd000-7f94ef8fa000 rw-p 00000000 00:00 0 
7f94ef8fa000-7f94ef8fe000 ---p 00000000 00:00 0 
7f94ef8fe000-7f94ef9fb000 rw-p 00000000 00:00 0 
7f94ef9fb000-7f94ef9ff000 ---p 00000000 00:00 0 
7f94ef9ff000-7f94efafc000 rw-p 00000000 00:00 0 
7f94efafc000-7f94efb00000 ---p 00000000 00:00 0 
7f94efb00000-7f94efbfd000 rw-p 00000000 00:00 0 
7f94efbfd000-7f94efc01000 ---p 00000000 00:00 0 
7f94efc01000-7f94efcfe000 rw-p 00000000 00:00 0 
7f94efcfe000-7f94efd02000 ---p 00000000 00:00 0 
7f94efd02000-7f94efdff000 rw-p 00000000 00:00 0 
7f94efdff000-7f94efe03000 ---p 00000000 00:00 0 
7f94efe03000-7f94eff00000 rw-p 00000000 00:00 0 
7f94eff00000-7f94eff04000 ---p 00000000 00:00 0 
7f94eff04000-7f94f0000000 rw-p 00000000 00:00 0 
7f94f0000000-7f94f0021000 rw-p 00000000 00:00 0 
7f94f0021000-7f94f4000000 ---p 00000000 00:00 0 
7f94f4000000-7f94f45aa000 rw-p 00000000 00:00 0 
7f94f45aa000-7f94f8000000 ---p 00000000 00:00 0 
7f94f8000000-7f94f9396000 rw-p 00000000 00:00 0 
7f94f9396000-7f94fc000000 ---p 00000000 00:00 0 
7f94fc000000-7f94fd21d000 rw-p 00000000 00:00 0 
7f94fd21d000-7f9500000000 ---p 00000000 00:00 0 
7f9500000000-7f9500f29000 rw-p 00000000 00:00 0 
7f9500f29000-7f9504000000 ---p 00000000 00:00 0 
7f9504000000-7f9504021000 rw-p 00000000 00:00 0 
7f9504021000-7f9508000000 ---p 00000000 00:00 0 
7f9508000000-7f9508021000 rw-p 00000000 00:00 0 
7f9508021000-7f950c000000 ---p 00000000 00:00 0 
7f950c000000-7f950cdba000 rw-p 00000000 00:00 0 
7f950cdba000-7f9510000000 ---p 00000000 00:00 0 
7f9510000000-7f951004d000 rw-p 00000000 00:00 0 
7f951004d000-7f9514000000 ---p 00000000 00:00 0 
7f9514000000-7f9514021000 rw-p 00000000 00:00 0 
7f9514021000-7f9518000000 ---p 00000000 00:00 0 
7f9518000000-7f9518026000 rw-p 00000000 00:00 0 
7f9518026000-7f951c000000 ---p 00000000 00:00 0 
7f951c000000-7f951c023000 rw-p 00000000 00:00 0 
7f951c023000-7f9520000000 ---p 00000000 00:00 0 
7f9520000000-7f9520023000 rw-p 00000000 00:00 0 
7f9520023000-7f9524000000 ---p 00000000 00:00 0 
7f9524000000-7f9524024000 rw-p 00000000 00:00 0 
7f9524024000-7f9528000000 ---p 00000000 00:00 0 
7f9528000000-7f9528027000 rw-p 00000000 00:00 0 
7f9528027000-7f952c000000 ---p 00000000 00:00 0 
7f952c000000-7f952c548000 rw-p 00000000 00:00 0 
7f952c548000-7f9530000000 ---p 00000000 00:00 0 
7f9530000000-7f9530880000 rw-p 00000000 00:00 0 
7f9530880000-7f9534000000 ---p 00000000 00:00 0 
7f9534000000-7f9535259000 rw-p 00000000 00:00 0 
7f9535259000-7f9538000000 ---p 00000000 00:00 0 
7f9538000000-7f9538d64000 rw-p 00000000 00:00 0 
7f9538d64000-7f953c000000 ---p 00000000 00:00 0 
7f953c000000-7f953d15d000 rw-p 00000000 00:00 0 
7f953d15d000-7f9540000000 ---p 00000000 00:00 0 
7f9540000000-7f95412fc000 rw-p 00000000 00:00 0 
7f95412fc000-7f9544000000 ---p 00000000 00:00 0 
7f9544000000-7f9544065000 rw-p 00000000 00:00 0 
7f9544065000-7f9548000000 ---p 00000000 00:00 0 
7f9548000000-7f9548023000 rw-p 00000000 00:00 0 
7f9548023000-7f954c000000 ---p 00000000 00:00 0 
7f954c000000-7f954c02b000 rw-p 00000000 00:00 0 
7f954c02b000-7f9550000000 ---p 00000000 00:00 0 
7f9550000000-7f955057d000 rw-p 00000000 00:00 0 
7f955057d000-7f9554000000 ---p 00000000 00:00 0 
7f9554000000-7f95549d3000 rw-p 00000000 00:00 0 
7f95549d3000-7f9558000000 ---p 00000000 00:00 0 
7f9558000000-7f9558023000 rw-p 00000000 00:00 0 
7f9558023000-7f955c000000 ---p 00000000 00:00 0 
7f955c000000-7f955c208000 rw-p 00000000 00:00 0 
7f955c208000-7f9560000000 ---p 00000000 00:00 0 
7f9560000000-7f956012a000 rw-p 00000000 00:00 0 
7f956012a000-7f9564000000 ---p 00000000 00:00 0 
7f9564000000-7f9564023000 rw-p 00000000 00:00 0 
7f9564023000-7f9568000000 ---p 00000000 00:00 0 
7f9568000000-7f9569b54000 rw-p 00000000 00:00 0 
7f9569b54000-7f956c000000 ---p 00000000 00:00 0 
7f956c000000-7f956c8e3000 rw-p 00000000 00:00 0 
7f956c8e3000-7f9570000000 ---p 00000000 00:00 0 
7f9570000000-7f9570ef8000 rw-p 00000000 00:00 0 
7f9570ef8000-7f9574000000 ---p 00000000 00:00 0 
7f9574000000-7f95750ac000 rw-p 00000000 00:00 0 
7f95750ac000-7f9578000000 ---p 00000000 00:00 0 
7f9578000000-7f957823b000 rw-p 00000000 00:00 0 
7f957823b000-7f957c000000 ---p 00000000 00:00 0 
7f957c000000-7f957d577000 rw-p 00000000 00:00 0 
7f957d577000-7f9580000000 ---p 00000000 00:00 0 
7f9580000000-7f9580021000 rw-p 00000000 00:00 0 
7f9580021000-7f9584000000 ---p 00000000 00:00 0 
7f9584000000-7f9584021000 rw-p 00000000 00:00 0 
7f9584021000-7f9588000000 ---p 00000000 00:00 0 
7f9588000000-7f9588021000 rw-p 00000000 00:00 0 
7f9588021000-7f958c000000 ---p 00000000 00:00 0 
7f958c000000-7f958c022000 rw-p 00000000 00:00 0 
7f958c022000-7f9590000000 ---p 00000000 00:00 0 
7f9590000000-7f9590022000 rw-p 00000000 00:00 0 
7f9590022000-7f9594000000 ---p 00000000 00:00 0 
7f9594000000-7f9594022000 rw-p 00000000 00:00 0 
7f9594022000-7f9598000000 ---p 00000000 00:00 0 
7f9598000000-7f95989cd000 rw-p 00000000 00:00 0 
7f95989cd000-7f959c000000 ---p 00000000 00:00 0 
7f959c000000-7f959c026000 rw-p 00000000 00:00 0 
7f959c026000-7f95a0000000 ---p 00000000 00:00 0 
7f95a0000000-7f95a03e2000 rw-p 00000000 00:00 0 
7f95a03e2000-7f95a4000000 ---p 00000000 00:00 0 
7f95a4000000-7f95a4230000 rw-p 00000000 00:00 0 
7f95a4230000-7f95a8000000 ---p 00000000 00:00 0 
7f95a8000000-7f95a8111000 rw-p 00000000 00:00 0 
7f95a8111000-7f95ac000000 ---p 00000000 00:00 0 
7f95ac000000-7f95ad2ce000 rw-p 00000000 00:00 0 
7f95ad2ce000-7f95b0000000 ---p 00000000 00:00 0 
7f95b0000000-7f95b0b49000 rw-p 00000000 00:00 0 
7f95b0b49000-7f95b4000000 ---p 00000000 00:00 0 
7f95b4000000-7f95b5373000 rw-p 00000000 00:00 0 
7f95b5373000-7f95b8000000 ---p 00000000 00:00 0 
7f95b8000000-7f95b8fba000 rw-p 00000000 00:00 0 
7f95b8fba000-7f95bc000000 ---p 00000000 00:00 0 
7f95bc000000-7f95bd073000 rw-p 00000000 00:00 0 
7f95bd073000-7f95c0000000 ---p 00000000 00:00 0 
7f95c0000000-7f95c03bd000 rw-p 00000000 00:00 0 
7f95c03bd000-7f95c4000000 ---p 00000000 00:00 0 
7f95c4000000-7f95c4ef4000 rw-p 00000000 00:00 0 
7f95c4ef4000-7f95c8000000 ---p 00000000 00:00 0 
7f95c8000000-7f95c92a1000 rw-p 00000000 00:00 0 
7f95c92a1000-7f95cc000000 ---p 00000000 00:00 0 
7f95cc000000-7f95cc8a1000 rw-p 00000000 00:00 0 
7f95cc8a1000-7f95d0000000 ---p 00000000 00:00 0 
7f95d0000000-7f95d0e25000 rw-p 00000000 00:00 0 
7f95d0e25000-7f95d4000000 ---p 00000000 00:00 0 
7f95d4000000-7f95d4c46000 rw-p 00000000 00:00 0 
7f95d4c46000-7f95d8000000 ---p 00000000 00:00 0 
7f95d8000000-7f95d8063000 rw-p 00000000 00:00 0 
7f95d8063000-7f95dc000000 ---p 00000000 00:00 0 
7f95dc000000-7f95dc03f000 rw-p 00000000 00:00 0 
7f95dc03f000-7f95e0000000 ---p 00000000 00:00 0 
7f95e0000000-7f95e0137000 rw-p 00000000 00:00 0 
7f95e0137000-7f95e4000000 ---p 00000000 00:00 0 
7f95e4000000-7f95e41f1000 rw-p 00000000 00:00 0 
7f95e41f1000-7f95e8000000 ---p 00000000 00:00 0 
7f95e8000000-7f95e803e000 rw-p 00000000 00:00 0 
7f95e803e000-7f95ec000000 ---p 00000000 00:00 0 
7f95ec000000-7f95ec594000 rw-p 00000000 00:00 0 
7f95ec594000-7f95f0000000 ---p 00000000 00:00 0 
7f95f00c1000-7f95f00c2000 rw-p 00000000 00:00 0 
7f95f00c2000-7f95f00c6000 ---p 00000000 00:00 0 
7f95f00c6000-7f95f01c3000 rw-p 00000000 00:00 0 
7f95f01c3000-7f95f01c7000 ---p 00000000 00:00 0 
7f95f01c7000-7f95f02c4000 rw-p 00000000 00:00 0 
7f95f02c4000-7f95f02c8000 ---p 00000000 00:00 0 
7f95f02c8000-7f95f03c5000 rw-p 00000000 00:00 0 
7f95f03c5000-7f95f03c9000 ---p 00000000 00:00 0 
7f95f03c9000-7f95f04c6000 rw-p 00000000 00:00 0 
7f95f04c6000-7f95f04ca000 ---p 00000000 00:00 0 
7f95f04ca000-7f95f05c7000 rw-p 00000000 00:00 0 
7f95f05c7000-7f95f05cb000 ---p 00000000 00:00 0 
7f95f05cb000-7f95f06c8000 rw-p 00000000 00:00 0 
7f95f06c8000-7f95f06cc000 ---p 00000000 00:00 0 
7f95f06cc000-7f95f07c9000 rw-p 00000000 00:00 0 
7f95f07c9000-7f95f07cd000 ---p 00000000 00:00 0 
7f95f07cd000-7f95f08ca000 rw-p 00000000 00:00 0 
7f95f08ca000-7f95f08ce000 ---p 00000000 00:00 0 
7f95f08ce000-7f95f09cb000 rw-p 00000000 00:00 0 
7f95f09cb000-7f95f09cf000 ---p 00000000 00:00 0 
7f95f09cf000-7f95f0acc000 rw-p 00000000 00:00 0 
7f95f0acc000-7f95f0ad0000 ---p 00000000 00:00 0 
7f95f0ad0000-7f95f0bcd000 rw-p 00000000 00:00 0 
7f95f0bcd000-7f95f0bd1000 ---p 00000000 00:00 0 
7f95f0bd1000-7f95f0cce000 rw-p 00000000 00:00 0 
7f95f0cce000-7f95f0cd2000 ---p 00000000 00:00 0 
7f95f0cd2000-7f95f0dcf000 rw-p 00000000 00:00 0 
7f95f0dcf000-7f95f0dd3000 ---p 00000000 00:00 0 
7f95f0dd3000-7f95f0ed0000 rw-p 00000000 00:00 0 
7f95f0ed0000-7f95f0ed4000 ---p 00000000 00:00 0 
7f95f0ed4000-7f95f0fd1000 rw-p 00000000 00:00 0 
7f95f0fd1000-7f95f0fd5000 ---p 00000000 00:00 0 
7f95f0fd5000-7f95f10d2000 rw-p 00000000 00:00 0 
7f95f10d2000-7f95f10d6000 ---p 00000000 00:00 0 
7f95f10d6000-7f95f11d3000 rw-p 00000000 00:00 0 
7f95f11d3000-7f95f11d7000 ---p 00000000 00:00 0 
7f95f11d7000-7f95f12d4000 rw-p 00000000 00:00 0 
7f95f12d4000-7f95f12d8000 ---p 00000000 00:00 0 
7f95f12d8000-7f95f13d5000 rw-p 00000000 00:00 0 
7f95f13d5000-7f95f13d9000 ---p 00000000 00:00 0 
7f95f13d9000-7f95f14d6000 rw-p 00000000 00:00 0 
7f95f14d6000-7f95f14da000 ---p 00000000 00:00 0 
7f95f14da000-7f95f15d7000 rw-p 00000000 00:00 0 
7f95f15d7000-7f95f15db000 ---p 00000000 00:00 0 
7f95f15db000-7f95f16d8000 rw-p 00000000 00:00 0 
7f95f16d8000-7f95f16dc000 ---p 00000000 00:00 0 
7f95f16dc000-7f95f17d9000 rw-p 00000000 00:00 0 
7f95f17d9000-7f95f17dd000 ---p 00000000 00:00 0 
7f95f17dd000-7f95f18da000 rw-p 00000000 00:00 0 
7f95f18da000-7f95f18de000 ---p 00000000 00:00 0 
7f95f18de000-7f95f19db000 rw-p 00000000 00:00 0 
7f95f19db000-7f95f19df000 ---p 00000000 00:00 0 
7f95f19df000-7f95f1adc000 rw-p 00000000 00:00 0 
7f95f1adc000-7f95f1ae0000 ---p 00000000 00:00 0 
7f95f1ae0000-7f95f1bdd000 rw-p 00000000 00:00 0 
7f95f1bdd000-7f95f1be1000 ---p 00000000 00:00 0 
7f95f1be1000-7f95f1cde000 rw-p 00000000 00:00 0 
7f95f1cde000-7f95f1ce2000 ---p 00000000 00:00 0 
7f95f1ce2000-7f95f1ddf000 rw-p 00000000 00:00 0 
7f95f1ddf000-7f95f1de3000 ---p 00000000 00:00 0 
7f95f1de3000-7f95f1ee0000 rw-p 00000000 00:00 0 
7f95f1ee0000-7f95f1ee4000 ---p 00000000 00:00 0 
7f95f1ee4000-7f95f1fe1000 rw-p 00000000 00:00 0 
7f95f1fe1000-7f95f1fe5000 ---p 00000000 00:00 0 
7f95f1fe5000-7f95f20e2000 rw-p 00000000 00:00 0 
7f95f20e2000-7f95f20e6000 ---p 00000000 00:00 0 
7f95f20e6000-7f95f21e3000 rw-p 00000000 00:00 0 
7f95f21e3000-7f95f21e7000 ---p 00000000 00:00 0 
7f95f21e7000-7f95f22e4000 rw-p 00000000 00:00 0 
7f95f22e4000-7f95f22e8000 ---p 00000000 00:00 0 
7f95f22e8000-7f95f23e5000 rw-p 00000000 00:00 0 
7f95f23e5000-7f95f23e9000 ---p 00000000 00:00 0 
7f95f23e9000-7f95f24e6000 rw-p 00000000 00:00 0 
7f95f24e6000-7f95f24ea000 ---p 00000000 00:00 0 
7f95f24ea000-7f95f25e7000 rw-p 00000000 00:00 0 
7f95f25e7000-7f95f25eb000 ---p 00000000 00:00 0 
7f95f25eb000-7f95f26e8000 rw-p 00000000 00:00 0 
7f95f26e8000-7f95f26ec000 ---p 00000000 00:00 0 
7f95f26ec000-7f95f27e9000 rw-p 00000000 00:00 0 
7f95f27e9000-7f95f27ed000 ---p 00000000 00:00 0 
7f95f27ed000-7f95f28ea000 rw-p 00000000 00:00 0 
7f95f28ea000-7f95f28ee000 ---p 00000000 00:00 0 
7f95f28ee000-7f95f29eb000 rw-p 00000000 00:00 0 
7f95f29eb000-7f95f29ef000 ---p 00000000 00:00 0 
7f95f29ef000-7f95f2aeb000 rw-p 00000000 00:00 0 
7f95f2aeb000-7f95f2aec000 rw-p 00000000 00:00 0 
7f95f2aec000-7f95f2af0000 ---p 00000000 00:00 0 
7f95f2af0000-7f95f2bed000 rw-p 00000000 00:00 0 
7f95f2bed000-7f95f2bf1000 ---p 00000000 00:00 0 
7f95f2bf1000-7f95f2cee000 rw-p 00000000 00:00 0 
7f95f2cee000-7f95f2cf2000 ---p 00000000 00:00 0 
7f95f2cf2000-7f95f2def000 rw-p 00000000 00:00 0 
7f95f2def000-7f95f2df3000 ---p 00000000 00:00 0 
7f95f2df3000-7f95f2ef0000 rw-p 00000000 00:00 0 
7f95f2ef0000-7f95f2ef4000 ---p 00000000 00:00 0 
7f95f2ef4000-7f95f2ff1000 rw-p 00000000 00:00 0 
7f95f2ff1000-7f95f2ff5000 ---p 00000000 00:00 0 
7f95f2ff5000-7f95f30f2000 rw-p 00000000 00:00 0 
7f95f30f2000-7f95f30f6000 ---p 00000000 00:00 0 
7f95f30f6000-7f95f31f3000 rw-p 00000000 00:00 0 
7f95f31f3000-7f95f31f7000 ---p 00000000 00:00 0 
7f95f31f7000-7f95f32f4000 rw-p 00000000 00:00 0 
7f95f32f4000-7f95f32f8000 ---p 00000000 00:00 0 
7f95f32f8000-7f95f33f5000 rw-p 00000000 00:00 0 
7f95f33f5000-7f95f33f9000 ---p 00000000 00:00 0 
7f95f33f9000-7f95f34f6000 rw-p 00000000 00:00 0 
7f95f34f6000-7f95f34fa000 ---p 00000000 00:00 0 
7f95f34fa000-7f95f35f7000 rw-p 00000000 00:00 0 
7f95f35f7000-7f95f35fb000 ---p 00000000 00:00 0 
7f95f35fb000-7f95f36f8000 rw-p 00000000 00:00 0 
7f95f36f8000-7f95f36fc000 ---p 00000000 00:00 0 
7f95f36fc000-7f95f37f9000 rw-p 00000000 00:00 0 
7f95f37f9000-7f95f37fd000 ---p 00000000 00:00 0 
7f95f37fd000-7f95f38f9000 rw-p 00000000 00:00 0 
7f95f38f9000-7f95f38fa000 rw-p 00000000 00:00 0 
7f95f38fa000-7f95f38fe000 ---p 00000000 00:00 0 
7f95f38fe000-7f95f39fb000 rw-p 00000000 00:00 0 
7f95f39fb000-7f95f39ff000 ---p 00000000 00:00 0 
7f95f39ff000-7f95f3afc000 rw-p 00000000 00:00 0 
7f95f3afc000-7f95f3b00000 ---p 00000000 00:00 0 
7f95f3b00000-7f95f3bfd000 rw-p 00000000 00:00 0 
7f95f3bfd000-7f95f3c01000 ---p 00000000 00:00 0 
7f95f3c01000-7f95f3cfe000 rw-p 00000000 00:00 0 
7f95f3cfe000-7f95f3d02000 ---p 00000000 00:00 0 
7f95f3d02000-7f95f3dfe000 rw-p 00000000 00:00 0 
7f95f3dfe000-7f95f3dff000 rw-p 00000000 00:00 0 
7f95f3dff000-7f95f3e03000 ---p 00000000 00:00 0 
7f95f3e03000-7f95f3f00000 rw-p 00000000 00:00 0 
7f95f3f00000-7f95f3f04000 ---p 00000000 00:00 0 
7f95f3f04000-7f95f4000000 rw-p 00000000 00:00 0 
7f95f4000000-7f95f404b000 rw-p 00000000 00:00 0 
7f95f404b000-7f95f8000000 ---p 00000000 00:00 0 
7f95f8000000-7f95f8033000 rw-p 00000000 00:00 0 
7f95f8033000-7f95fc000000 ---p 00000000 00:00 0 
7f95fc000000-7f95fc04e000 rw-p 00000000 00:00 0 
7f95fc04e000-7f9600000000 ---p 00000000 00:00 0 
7f9600000000-7f960004d000 rw-p 00000000 00:00 0 
7f960004d000-7f9604000000 ---p 00000000 00:00 0 
7f9604000000-7f960507e000 rw-p 00000000 00:00 0 
7f960507e000-7f9608000000 ---p 00000000 00:00 0 
7f9608000000-7f9608053000 rw-p 00000000 00:00 0 
7f9608053000-7f960c000000 ---p 00000000 00:00 0 
7f960c000000-7f960c021000 rw-p 00000000 00:00 0 
7f960c021000-7f9610000000 ---p 00000000 00:00 0 
7f9610000000-7f9610021000 rw-p 00000000 00:00 0 
7f9610021000-7f9614000000 ---p 00000000 00:00 0 
7f9614000000-7f9614eca000 rw-p 00000000 00:00 0 
7f9614eca000-7f9618000000 ---p 00000000 00:00 0 
7f9618000000-7f96191a8000 rw-p 00000000 00:00 0 
7f96191a8000-7f961c000000 ---p 00000000 00:00 0 
7f961c000000-7f961c021000 rw-p 00000000 00:00 0 
7f961c021000-7f9620000000 ---p 00000000 00:00 0 
7f9620000000-7f9620585000 rw-p 00000000 00:00 0 
7f9620585000-7f9624000000 ---p 00000000 00:00 0 
7f9624000000-7f9624021000 rw-p 00000000 00:00 0 
7f9624021000-7f9628000000 ---p 00000000 00:00 0 
7f9628000000-7f96292f7000 rw-p 00000000 00:00 0 
7f96292f7000-7f962c000000 ---p 00000000 00:00 0 
7f962c000000-7f962c02f000 rw-p 00000000 00:00 0 
7f962c02f000-7f9630000000 ---p 00000000 00:00 0 
7f9630000000-7f9631168000 rw-p 00000000 00:00 0 
7f9631168000-7f9634000000 ---p 00000000 00:00 0 
7f9634000000-7f9634302000 rw-p 00000000 00:00 0 
7f9634302000-7f9638000000 ---p 00000000 00:00 0 
7f9638000000-7f9638026000 rw-p 00000000 00:00 0 
7f9638026000-7f963c000000 ---p 00000000 00:00 0 
7f963c000000-7f963c382000 rw-p 00000000 00:00 0 
7f963c382000-7f9640000000 ---p 00000000 00:00 0 
7f9640000000-7f96403a5000 rw-p 00000000 00:00 0 
7f96403a5000-7f9644000000 ---p 00000000 00:00 0 
7f9644000000-7f96447a2000 rw-p 00000000 00:00 0 
7f96447a2000-7f9648000000 ---p 00000000 00:00 0 
7f9648000000-7f9648b28000 rw-p 00000000 00:00 0 
7f9648b28000-7f964c000000 ---p 00000000 00:00 0 
7f964c000000-7f964c021000 rw-p 00000000 00:00 0 
7f964c021000-7f9650000000 ---p 00000000 00:00 0 
7f9650000000-7f9650735000 rw-p 00000000 00:00 0 
7f9650735000-7f9654000000 ---p 00000000 00:00 0 
7f9654000000-7f9654aff000 rw-p 00000000 00:00 0 
7f9654aff000-7f9658000000 ---p 00000000 00:00 0 
7f9658000000-7f96599b3000 rw-p 00000000 00:00 0 
7f96599b3000-7f965c000000 ---p 00000000 00:00 0 
7f965c000000-7f965c6fb000 rw-p 00000000 00:00 0 
7f965c6fb000-7f9660000000 ---p 00000000 00:00 0 
7f9660000000-7f9660834000 rw-p 00000000 00:00 0 
7f9660834000-7f9664000000 ---p 00000000 00:00 0 
7f9664000000-7f9665226000 rw-p 00000000 00:00 0 
7f9665226000-7f9668000000 ---p 00000000 00:00 0 
7f9668000000-7f9668964000 rw-p 00000000 00:00 0 
7f9668964000-7f966c000000 ---p 00000000 00:00 0 
7f966c000000-7f966fb8b000 rw-p 00000000 00:00 0 
7f966fb8b000-7f9670000000 ---p 00000000 00:00 0 
7f9670000000-7f967071b000 rw-p 00000000 00:00 0 
7f967071b000-7f9674000000 ---p 00000000 00:00 0 
7f9674000000-7f967530d000 rw-p 00000000 00:00 0 
7f967530d000-7f9678000000 ---p 00000000 00:00 0 
7f9678000000-7f9678335000 rw-p 00000000 00:00 0 
7f9678335000-7f967c000000 ---p 00000000 00:00 0 
7f967c000000-7f967d080000 rw-p 00000000 00:00 0 
7f967d080000-7f9680000000 ---p 00000000 00:00 0 
7f9680000000-7f9680cbd000 rw-p 00000000 00:00 0 
7f9680cbd000-7f9684000000 ---p 00000000 00:00 0 
7f9684000000-7f9684d58000 rw-p 00000000 00:00 0 
7f9684d58000-7f9688000000 ---p 00000000 00:00 0 
7f9688000000-7f9688dc8000 rw-p 00000000 00:00 0 
7f9688dc8000-7f968c000000 ---p 00000000 00:00 0 
7f968c000000-7f968d9be000 rw-p 00000000 00:00 0 
7f968d9be000-7f9690000000 ---p 00000000 00:00 0 
7f9690000000-7f9690691000 rw-p 00000000 00:00 0 
7f9690691000-7f9694000000 ---p 00000000 00:00 0 
7f9694000000-7f9694947000 rw-p 00000000 00:00 0 
7f9694947000-7f9698000000 ---p 00000000 00:00 0 
7f9698000000-7f969888a000 rw-p 00000000 00:00 0 
7f969888a000-7f969c000000 ---p 00000000 00:00 0 
7f969c000000-7f969ca04000 rw-p 00000000 00:00 0 
7f969ca04000-7f96a0000000 ---p 00000000 00:00 0 
7f96a0000000-7f96a0ee5000 rw-p 00000000 00:00 0 
7f96a0ee5000-7f96a4000000 ---p 00000000 00:00 0 
7f96a4000000-7f96a58a1000 rw-p 00000000 00:00 0 
7f96a58a1000-7f96a8000000 ---p 00000000 00:00 0 
7f96a8000000-7f96a86ee000 rw-p 00000000 00:00 0 
7f96a86ee000-7f96ac000000 ---p 00000000 00:00 0 
7f96ac000000-7f96ac247000 rw-p 00000000 00:00 0 
7f96ac247000-7f96b0000000 ---p 00000000 00:00 0 
7f96b0000000-7f96b1935000 rw-p 00000000 00:00 0 
7f96b1935000-7f96b4000000 ---p 00000000 00:00 0 
7f96b4000000-7f96b4570000 rw-p 00000000 00:00 0 
7f96b4570000-7f96b8000000 ---p 00000000 00:00 0 
7f96b8000000-7f96b8395000 rw-p 00000000 00:00 0 
7f96b8395000-7f96bc000000 ---p 00000000 00:00 0 
7f96bc000000-7f96bd287000 rw-p 00000000 00:00 0 
7f96bd287000-7f96c0000000 ---p 00000000 00:00 0 
7f96c0000000-7f96c1092000 rw-p 00000000 00:00 0 
7f96c1092000-7f96c4000000 ---p 00000000 00:00 0 
7f96c4000000-7f96c5193000 rw-p 00000000 00:00 0 
7f96c5193000-7f96c8000000 ---p 00000000 00:00 0 
7f96c8000000-7f96c8f74000 rw-p 00000000 00:00 0 
7f96c8f74000-7f96cc000000 ---p 00000000 00:00 0 
7f96cc000000-7f96cc709000 rw-p 00000000 00:00 0 
7f96cc709000-7f96d0000000 ---p 00000000 00:00 0 
7f96d0000000-7f96d16cd000 rw-p 00000000 00:00 0 
7f96d16cd000-7f96d4000000 ---p 00000000 00:00 0 
7f96d4000000-7f96d4021000 rw-p 00000000 00:00 0 
7f96d4021000-7f96d8000000 ---p 00000000 00:00 0 
7f96d8000000-7f96d9dcb000 rw-p 00000000 00:00 0 
7f96d9dcb000-7f96dc000000 ---p 00000000 00:00 0 
7f96dc000000-7f96dc021000 rw-p 00000000 00:00 0 
7f96dc021000-7f96e0000000 ---p 00000000 00:00 0 
7f96e0000000-7f96e009d000 rw-p 00000000 00:00 0 
7f96e009d000-7f96e4000000 ---p 00000000 00:00 0 
7f96e4000000-7f96e4021000 rw-p 00000000 00:00 0 
7f96e4021000-7f96e8000000 ---p 00000000 00:00 0 
7f96e8000000-7f96e8021000 rw-p 00000000 00:00 0 
7f96e8021000-7f96ec000000 ---p 00000000 00:00 0 
7f96ec000000-7f96ef152000 rw-p 00000000 00:00 0 
7f96ef152000-7f96f0000000 ---p 00000000 00:00 0 
7f96f00d5000-7f96f00d6000 rw-p 00000000 00:00 0 
7f96f00d6000-7f96f00da000 ---p 00000000 00:00 0 
7f96f00da000-7f96f01d7000 rw-p 00000000 00:00 0 
7f96f01d7000-7f96f01db000 ---p 00000000 00:00 0 
7f96f01db000-7f96f02d8000 rw-p 00000000 00:00 0 
7f96f02d8000-7f96f02dc000 ---p 00000000 00:00 0 
7f96f02dc000-7f96f03d9000 rw-p 00000000 00:00 0 
7f96f03d9000-7f96f03dd000 ---p 00000000 00:00 0 
7f96f03dd000-7f96f04da000 rw-p 00000000 00:00 0 
7f96f04da000-7f96f04de000 ---p 00000000 00:00 0 
7f96f04de000-7f96f05db000 rw-p 00000000 00:00 0 
7f96f05db000-7f96f05df000 ---p 00000000 00:00 0 
7f96f05df000-7f96f06dc000 rw-p 00000000 00:00 0 
7f96f06dc000-7f96f06e0000 ---p 00000000 00:00 0 
7f96f06e0000-7f96f07dd000 rw-p 00000000 00:00 0 
7f96f07dd000-7f96f07e1000 ---p 00000000 00:00 0 
7f96f07e1000-7f96f08de000 rw-p 00000000 00:00 0 
7f96f08de000-7f96f08e2000 ---p 00000000 00:00 0 
7f96f08e2000-7f96f09df000 rw-p 00000000 00:00 0 
7f96f09df000-7f96f09e3000 ---p 00000000 00:00 0 
7f96f09e3000-7f96f0ae0000 rw-p 00000000 00:00 0 
7f96f0ae0000-7f96f0ae4000 ---p 00000000 00:00 0 
7f96f0ae4000-7f96f0be1000 rw-p 00000000 00:00 0 
7f96f0be1000-7f96f0be5000 ---p 00000000 00:00 0 
7f96f0be5000-7f96f0ce2000 rw-p 00000000 00:00 0 
7f96f0ce2000-7f96f0ce6000 ---p 00000000 00:00 0 
7f96f0ce6000-7f96f0de3000 rw-p 00000000 00:00 0 
7f96f0de3000-7f96f0de7000 ---p 00000000 00:00 0 
7f96f0de7000-7f96f0ee4000 rw-p 00000000 00:00 0 
7f96f0ee4000-7f96f0ee8000 ---p 00000000 00:00 0 
7f96f0ee8000-7f96f0fe5000 rw-p 00000000 00:00 0 
7f96f0fe5000-7f96f0fe9000 ---p 00000000 00:00 0 
7f96f0fe9000-7f96f10e6000 rw-p 00000000 00:00 0 
7f96f10e6000-7f96f10ea000 ---p 00000000 00:00 0 
7f96f10ea000-7f96f11e7000 rw-p 00000000 00:00 0 
7f96f11e7000-7f96f11eb000 ---p 00000000 00:00 0 
7f96f11eb000-7f96f18ee000 rw-p 00000000 00:00 0 
7f96f18ee000-7f96f18f2000 ---p 00000000 00:00 0 
7f96f18f2000-7f96f19ef000 rw-p 00000000 00:00 0 
7f96f19ef000-7f96f19f3000 ---p 00000000 00:00 0 
7f96f19f3000-7f96f1af0000 rw-p 00000000 00:00 0 
7f96f1af0000-7f96f1af4000 ---p 00000000 00:00 0 
7f96f1af4000-7f96f1bf1000 rw-p 00000000 00:00 0 
7f96f1bf1000-7f96f1bf5000 ---p 00000000 00:00 0 
7f96f1bf5000-7f96f1cf2000 rw-p 00000000 00:00 0 
7f96f1cf2000-7f96f1cf6000 ---p 00000000 00:00 0 
7f96f1cf6000-7f96f1df3000 rw-p 00000000 00:00 0 
7f96f1df3000-7f96f1df7000 ---p 00000000 00:00 0 
7f96f1df7000-7f96f1ef4000 rw-p 00000000 00:00 0 
7f96f1ef4000-7f96f1ef8000 ---p 00000000 00:00 0 
7f96f1ef8000-7f96f1ff5000 rw-p 00000000 00:00 0 
7f96f1ff5000-7f96f1ff9000 ---p 00000000 00:00 0 
7f96f1ff9000-7f96f20f6000 rw-p 00000000 00:00 0 
7f96f20f6000-7f96f20fa000 ---p 00000000 00:00 0 
7f96f20fa000-7f96f21f7000 rw-p 00000000 00:00 0 
7f96f21f7000-7f96f21fb000 ---p 00000000 00:00 0 
7f96f21fb000-7f96f22f8000 rw-p 00000000 00:00 0 
7f96f22f8000-7f96f22fc000 ---p 00000000 00:00 0 
7f96f22fc000-7f96f23f9000 rw-p 00000000 00:00 0 
7f96f23f9000-7f96f23fd000 ---p 00000000 00:00 0 
7f96f23fd000-7f96f24fa000 rw-p 00000000 00:00 0 
7f96f24fa000-7f96f24fe000 ---p 00000000 00:00 0 
7f96f24fe000-7f96f2c00000 rw-p 00000000 00:00 0 
7f96f2c00000-7f96f2c9a000 r--p 00000000 00:21 4287                       /usr/lib/libstdc++.so.6.0.35
7f96f2c9a000-7f96f2e79000 r-xp 0009a000 00:21 4287                       /usr/lib/libstdc++.so.6.0.35
7f96f2e79000-7f96f2f18000 r--p 00279000 00:21 4287                       /usr/lib/libstdc++.so.6.0.35
7f96f2f18000-7f96f2f29000 r--p 00318000 00:21 4287                       /usr/lib/libstdc++.so.6.0.35
7f96f2f29000-7f96f2f2a000 rw-p 00329000 00:21 4287                       /usr/lib/libstdc++.so.6.0.35
7f96f2f2a000-7f96f2f2e000 rw-p 00000000 00:00 0 
7f96f3000000-7f96f3400000 rw-p 00000000 00:00 0 
7f96f3400000-7f96f37e0000 rw-p 00000000 00:00 0 
7f96f37e0000-7f96f3900000 rw-p 00000000 00:00 0 
7f96f3900000-7f96f3a00000 rw-p 00000000 00:00 0 
7f96f3a00000-7f96f3f00000 rw-p 00000000 00:00 0 
7f96f3f00000-7f96f4000000 rw-p 00000000 00:00 0 
7f96f4000000-7f96f4b00000 rw-p 00000000 00:00 0 
7f96f4b00000-7f96f4b80000 rw-p 00000000 00:00 0 
7f96f4b80000-7f96f4c00000 rw-p 00000000 00:00 0 
7f96f4c00000-7f96f4d00000 rw-p 00000000 00:00 0 
7f96f4d00000-7f96f4e00000 rw-p 00000000 00:00 0 
7f96f4e00000-7f96f5d00000 rw-p 00000000 00:00 0 
7f96f5d00000-7f96f5d40000 rw-p 00000000 00:00 0 
7f96f5d40000-7f96f5d80000 rw-p 00000000 00:00 0 
7f96f5d80000-7f96f6b00000 rw-p 00000000 00:00 0 
7f96f6b00000-7f96f6c00000 rw-p 00000000 00:00 0 
7f96f6c00000-7f96f7000000 rw-p 00000000 00:00 0 
7f96f7000000-7f96f7c9b000 rw-p 00001000 00:21 203111                     /home/itzrival/.jdk/jdk-21/lib/server/classes.jsa
7f96f7c9b000-7f96f8000000 ---p 00000000 00:00 0 
7f96f8000000-7f96f8040000 rw-p 00000000 00:00 0 
7f96f8040000-7f96f8080000 rw-p 00000000 00:00 0 
7f96f8080000-7f96f8140000 rw-p 00000000 00:00 0 
7f96f8140000-7f96f8180000 rw-p 00000000 00:00 0 
7f96f8180000-7f96f8540000 rw-p 00000000 00:00 0 
7f96f8540000-7f96f8580000 rw-p 00000000 00:00 0 
7f96f8580000-7f96f8b00000 rw-p 00000000 00:00 0 
7f96f8b00000-7f96f9010000 rw-p 00000000 00:00 0 
7f96f9010000-7f96f9040000 ---p 00000000 00:00 0 
7f96f9040000-7f96f9220000 rw-p 00000000 00:00 0 
7f96f9220000-7f9738000000 ---p 00000000 00:00 0 
7f9738000000-7f9738021000 rw-p 00000000 00:00 0 
7f9738021000-7f973c000000 ---p 00000000 00:00 0 
7f973c000000-7f973c021000 rw-p 00000000 00:00 0 
7f973c021000-7f9740000000 ---p 00000000 00:00 0 
7f9740000000-7f97400a8000 rw-p 00000000 00:00 0 
7f97400a8000-7f9744000000 ---p 00000000 00:00 0 
7f97440fd000-7f9744400000 rw-p 00000000 00:00 0 
7f9744400000-7f9744453000 r-xp 00000000 00:21 989453                     /home/itzrival/.gradle/native/38dada09dfb8b06ba9b0570ebf7e218e3eb74d4ef43ca46872605cf95ebc2f47/linux-amd64/libnative-platform-file-events.so
7f9744453000-7f9744652000 ---p 00053000 00:21 989453                     /home/itzrival/.gradle/native/38dada09dfb8b06ba9b0570ebf7e218e3eb74d4ef43ca46872605cf95ebc2f47/linux-amd64/libnative-platform-file-events.so
7f9744652000-7f9744653000 r--p 00052000 00:21 989453                     /home/itzrival/.gradle/native/38dada09dfb8b06ba9b0570ebf7e218e3eb74d4ef43ca46872605cf95ebc2f47/linux-amd64/libnative-platform-file-events.so
7f9744653000-7f9744655000 rw-p 00053000 00:21 989453                     /home/itzrival/.gradle/native/38dada09dfb8b06ba9b0570ebf7e218e3eb74d4ef43ca46872605cf95ebc2f47/linux-amd64/libnative-platform-file-events.so
7f97446ff000-7f9744800000 rw-p 00000000 00:00 0 
7f9744800000-7f9744805000 r-xp 00000000 00:21 989435                     /home/itzrival/.gradle/native/c067742578af261105cb4f569cf0c3c89f3d7b1fecec35dd04571415982c5e48/linux-amd64/libnative-platform.so
7f9744805000-7f9744a05000 ---p 00005000 00:21 989435                     /home/itzrival/.gradle/native/c067742578af261105cb4f569cf0c3c89f3d7b1fecec35dd04571415982c5e48/linux-amd64/libnative-platform.so
7f9744a05000-7f9744a06000 r--p 00005000 00:21 989435                     /home/itzrival/.gradle/native/c067742578af261105cb4f569cf0c3c89f3d7b1fecec35dd04571415982c5e48/linux-amd64/libnative-platform.so
7f9744a06000-7f9744a07000 rw-p 00006000 00:21 989435                     /home/itzrival/.gradle/native/c067742578af261105cb4f569cf0c3c89f3d7b1fecec35dd04571415982c5e48/linux-amd64/libnative-platform.so
7f9744a0a000-7f9744a0d000 r--p 00000000 00:21 16231                      /usr/lib/libnss_resolve.so.2
7f9744a0d000-7f9744a36000 r-xp 00003000 00:21 16231                      /usr/lib/libnss_resolve.so.2
7f9744a36000-7f9744a4a000 r--p 0002c000 00:21 16231                      /usr/lib/libnss_resolve.so.2
7f9744a4a000-7f9744a51000 r--p 00040000 00:21 16231                      /usr/lib/libnss_resolve.so.2
7f9744a51000-7f9744a52000 rw-p 00047000 00:21 16231                      /usr/lib/libnss_resolve.so.2
7f9744a52000-7f9744a56000 r--p 00000000 00:21 16230                      /usr/lib/libnss_mymachines.so.2
7f9744a56000-7f9744aa0000 r-xp 00004000 00:21 16230                      /usr/lib/libnss_mymachines.so.2
7f9744aa0000-7f9744ab7000 r--p 0004e000 00:21 16230                      /usr/lib/libnss_mymachines.so.2
7f9744ab7000-7f9744aba000 r--p 00065000 00:21 16230                      /usr/lib/libnss_mymachines.so.2
7f9744aba000-7f9744abb000 rw-p 00068000 00:21 16230                      /usr/lib/libnss_mymachines.so.2
7f9744abb000-7f9744bbc000 rw-p 00000000 00:00 0 
7f9744bbc000-7f9744bc0000 r--p 00000000 00:21 4277                       /usr/lib/libgcc_s.so.1
7f9744bc0000-7f9744bec000 r-xp 00004000 00:21 4277                       /usr/lib/libgcc_s.so.1
7f9744bec000-7f9744bf0000 r--p 00030000 00:21 4277                       /usr/lib/libgcc_s.so.1
7f9744bf0000-7f9744bf1000 r--p 00034000 00:21 4277                       /usr/lib/libgcc_s.so.1
7f9744bf1000-7f9744bf2000 rw-p 00035000 00:21 4277                       /usr/lib/libgcc_s.so.1
7f9744bf2000-7f9744bf3000 rw-p 00000000 00:00 0 
7f9744bf3000-7f9744bf7000 ---p 00000000 00:00 0 
7f9744bf7000-7f9744cf4000 rw-p 00000000 00:00 0 
7f9744cf4000-7f9744cf8000 ---p 00000000 00:00 0 
7f9744cf8000-7f9744df5000 rw-p 00000000 00:00 0 
7f9744df5000-7f9744df9000 ---p 00000000 00:00 0 
7f9744df9000-7f9744ef6000 rw-p 00000000 00:00 0 
7f9744ef6000-7f9744efa000 ---p 00000000 00:00 0 
7f9744efa000-7f9744ff7000 rw-p 00000000 00:00 0 
7f9744ff7000-7f9744ffb000 ---p 00000000 00:00 0 
7f9744ffb000-7f97450f8000 rw-p 00000000 00:00 0 
7f97450f8000-7f97450fc000 ---p 00000000 00:00 0 
7f97450fc000-7f97451f9000 rw-p 00000000 00:00 0 
7f97451f9000-7f97451fd000 ---p 00000000 00:00 0 
7f97451fd000-7f97452fa000 rw-p 00000000 00:00 0 
7f97452fa000-7f97452fe000 ---p 00000000 00:00 0 
7f97452fe000-7f97453fb000 rw-p 00000000 00:00 0 
7f97453fb000-7f97453ff000 ---p 00000000 00:00 0 
7f97453ff000-7f97454fc000 rw-p 00000000 00:00 0 
7f97454fc000-7f9745500000 ---p 00000000 00:00 0 
7f9745500000-7f97455fd000 rw-p 00000000 00:00 0 
7f97455fd000-7f9745601000 ---p 00000000 00:00 0 
7f9745601000-7f97456fe000 rw-p 00000000 00:00 0 
7f97456fe000-7f9745702000 ---p 00000000 00:00 0 
7f9745702000-7f97457ff000 rw-p 00000000 00:00 0 
7f97457ff000-7f9745803000 ---p 00000000 00:00 0 
7f9745803000-7f9745900000 rw-p 00000000 00:00 0 
7f9745900000-7f9745904000 ---p 00000000 00:00 0 
7f9745904000-7f9745a00000 rw-p 00000000 00:00 0 
7f9745a00000-7f9745cee000 r--p 00000000 00:21 140498                     /usr/lib/locale/locale-archive
7f9745cfd000-7f9745cfe000 rw-p 00000000 00:00 0 
7f9745cfe000-7f9745d02000 ---p 00000000 00:00 0 
7f9745d02000-7f9746000000 rw-p 00000000 00:00 0 
7f9746000000-7f9748021000 rw-p 00000000 00:00 0 
7f9748021000-7f974c000000 ---p 00000000 00:00 0 
7f974c000000-7f974c3e7000 rw-p 00000000 00:00 0 
7f974c3e7000-7f9750000000 ---p 00000000 00:00 0 
7f9750000000-7f97509f3000 rw-p 00000000 00:00 0 
7f97509f3000-7f9754000000 ---p 00000000 00:00 0 
7f9754029000-7f97540f7000 r-xp 00000000 00:21 203027                     /home/itzrival/.jdk/jdk-21/lib/libjsvml.so
7f97540f7000-7f97540f8000 r--p 000cd000 00:21 203027                     /home/itzrival/.jdk/jdk-21/lib/libjsvml.so
7f97540f8000-7f97540f9000 rw-p 000ce000 00:21 203027                     /home/itzrival/.jdk/jdk-21/lib/libjsvml.so
7f97540f9000-7f97542fb000 rw-p 00000000 00:00 0 
7f97542fb000-7f9757300000 rw-p 00000000 00:00 0 
7f9757300000-7f9757e58000 ---p 00000000 00:00 0 
7f9757e58000-7f9758800000 rw-p 00000000 00:00 0 
7f9758800000-7f975ae40000 rwxp 00000000 00:00 0 
7f975ae40000-7f975fc5f000 ---p 00000000 00:00 0 
7f975fc5f000-7f976010f000 rwxp 00000000 00:00 0 
7f976010f000-7f97603a0000 ---p 00000000 00:00 0 
7f97603a0000-7f9761d20000 rwxp 00000000 00:00 0 
7f9761d20000-7f9767800000 ---p 00000000 00:00 0 
7f9767800000-7f976ffa8000 r--s 00000000 00:21 203080                     /home/itzrival/.jdk/jdk-21/lib/modules
7f976ffb8000-7f976ffe8000 r--p 00000000 00:21 4239                       /usr/share/locale/ru/LC_MESSAGES/libc.mo
7f976ffe8000-7f976ffee000 r-xp 00000000 00:21 203068                     /home/itzrival/.jdk/jdk-21/lib/libmanagement_ext.so
7f976ffee000-7f976ffef000 r--p 00005000 00:21 203068                     /home/itzrival/.jdk/jdk-21/lib/libmanagement_ext.so
7f976ffef000-7f976fff0000 rw-p 00006000 00:21 203068                     /home/itzrival/.jdk/jdk-21/lib/libmanagement_ext.so
7f976fff0000-7f976fffd000 r-xp 00000000 00:21 203105                     /home/itzrival/.jdk/jdk-21/lib/libverify.so
7f976fffd000-7f976ffff000 r--p 0000c000 00:21 203105                     /home/itzrival/.jdk/jdk-21/lib/libverify.so
7f976ffff000-7f9770000000 rw-p 0000e000 00:21 203105                     /home/itzrival/.jdk/jdk-21/lib/libverify.so
7f9770000000-7f9771329000 rw-p 00000000 00:00 0 
7f9771329000-7f9774000000 ---p 00000000 00:00 0 
7f9774001000-7f9774015000 r-xp 00000000 00:21 203077                     /home/itzrival/.jdk/jdk-21/lib/libnio.so
7f9774015000-7f9774016000 r--p 00013000 00:21 203077                     /home/itzrival/.jdk/jdk-21/lib/libnio.so
7f9774016000-7f9774017000 rw-p 00014000 00:21 203077                     /home/itzrival/.jdk/jdk-21/lib/libnio.so
7f9774017000-7f9774afd000 rw-p 00000000 00:00 0 
7f9774afd000-7f9774e00000 rw-p 00000000 00:00 0 
7f9774e00000-7f9775360000 rw-p 00000000 00:00 0 
7f9775360000-7f97754cb000 ---p 00000000 00:00 0 
7f97754cb000-7f9775b60000 rw-p 00000000 00:00 0 
7f9775b60000-7f9775ccb000 ---p 00000000 00:00 0 
7f9775ccb000-7f9775e00000 rw-p 00000000 00:00 0 
7f9775e06000-7f9775e12000 r-xp 00000000 00:21 203063                     /home/itzrival/.jdk/jdk-21/lib/libnet.so
7f9775e12000-7f9775e13000 r--p 0000b000 00:21 203063                     /home/itzrival/.jdk/jdk-21/lib/libnet.so
7f9775e13000-7f9775e14000 rw-p 0000c000 00:21 203063                     /home/itzrival/.jdk/jdk-21/lib/libnet.so
7f9775e14000-7f9776e5b000 rw-p 00000000 00:00 0 
7f9776e5b000-7f9776f11000 ---p 00000000 00:00 0 
7f9776f11000-7f9776f5e000 rw-p 00000000 00:00 0 
7f9776f5e000-7f9776ffa000 ---p 00000000 00:00 0 
7f9776ffa000-7f9776ffe000 ---p 00000000 00:00 0 
7f9776ffe000-7f97770fa000 rw-p 00000000 00:00 0 
7f97770fa000-7f977710a000 r--p 00000000 00:21 3476                       /usr/lib/libm.so.6
7f977710a000-7f977719f000 r-xp 00010000 00:21 3476                       /usr/lib/libm.so.6
7f977719f000-7f97771fe000 r--p 000a5000 00:21 3476                       /usr/lib/libm.so.6
7f97771fe000-7f97771ff000 r--p 00103000 00:21 3476                       /usr/lib/libm.so.6
7f97771ff000-7f9777200000 rw-p 00104000 00:21 3476                       /usr/lib/libm.so.6
7f9777200000-7f9778635000 r-xp 00000000 00:21 203115                     /home/itzrival/.jdk/jdk-21/lib/server/libjvm.so
7f9778635000-7f977870a000 r--p 01434000 00:21 203115                     /home/itzrival/.jdk/jdk-21/lib/server/libjvm.so
7f977870a000-7f977873a000 rw-p 01509000 00:21 203115                     /home/itzrival/.jdk/jdk-21/lib/server/libjvm.so
7f977873a000-7f97787a0000 rw-p 00000000 00:00 0 
7f97787a2000-7f97787bd000 r-xp 00000000 00:21 203118                     /home/itzrival/.jdk/jdk-21/lib/libzip.so
7f97787bd000-7f97787be000 r--p 0001a000 00:21 203118                     /home/itzrival/.jdk/jdk-21/lib/libzip.so
7f97787be000-7f97787bf000 rw-p 0001b000 00:21 203118                     /home/itzrival/.jdk/jdk-21/lib/libzip.so
7f9778800000-7f9778824000 r--p 00000000 00:21 3466                       /usr/lib/libc.so.6
7f9778824000-7f97789ce000 r-xp 00024000 00:21 3466                       /usr/lib/libc.so.6
7f97789ce000-7f9778a45000 r--p 001ce000 00:21 3466                       /usr/lib/libc.so.6
7f9778a45000-7f9778a49000 r--p 00244000 00:21 3466                       /usr/lib/libc.so.6
7f9778a49000-7f9778a4b000 rw-p 00248000 00:21 3466                       /usr/lib/libc.so.6
7f9778a4b000-7f9778a53000 rw-p 00000000 00:00 0 
7f9778a54000-7f9778a56000 r-xp 00000000 00:21 203097                     /home/itzrival/.jdk/jdk-21/lib/libextnet.so
7f9778a56000-7f9778a57000 r--p 00001000 00:21 203097                     /home/itzrival/.jdk/jdk-21/lib/libextnet.so
7f9778a57000-7f9778a58000 rw-p 00002000 00:21 203097                     /home/itzrival/.jdk/jdk-21/lib/libextnet.so
7f9778a58000-7f9778a62000 rw-p 00000000 00:00 0 
7f9778a62000-7f9778a67000 ---p 00000000 00:00 0 
7f9778a67000-7f9778a6f000 rw-s 00000000 00:34 9139                       /tmp/hsperfdata_itzrival/280840
7f9778a6f000-7f9778a90000 r-xp 00000000 00:21 203122                     /home/itzrival/.jdk/jdk-21/lib/libjava.so
7f9778a90000-7f9778a91000 r--p 00020000 00:21 203122                     /home/itzrival/.jdk/jdk-21/lib/libjava.so
7f9778a91000-7f9778a92000 rw-p 00021000 00:21 203122                     /home/itzrival/.jdk/jdk-21/lib/libjava.so
7f9778a92000-7f9778a93000 rw-p 00000000 00:00 0 
7f9778a93000-7f9778a9d000 r-xp 00000000 00:21 203078                     /home/itzrival/.jdk/jdk-21/lib/libinstrument.so
7f9778a9d000-7f9778a9e000 ---p 0000a000 00:21 203078                     /home/itzrival/.jdk/jdk-21/lib/libinstrument.so
7f9778a9e000-7f9778a9f000 r--p 0000a000 00:21 203078                     /home/itzrival/.jdk/jdk-21/lib/libinstrument.so
7f9778a9f000-7f9778aa0000 rw-p 0000b000 00:21 203078                     /home/itzrival/.jdk/jdk-21/lib/libinstrument.so
7f9778aa0000-7f9778aa1000 r--p 00000000 00:21 3498                       /usr/lib/librt.so.1
7f9778aa1000-7f9778aa2000 r-xp 00001000 00:21 3498                       /usr/lib/librt.so.1
7f9778aa2000-7f9778aa3000 r--p 00002000 00:21 3498                       /usr/lib/librt.so.1
7f9778aa3000-7f9778aa4000 r--p 00002000 00:21 3498                       /usr/lib/librt.so.1
7f9778aa4000-7f9778aa5000 rw-p 00003000 00:21 3498                       /usr/lib/librt.so.1
7f9778aa5000-7f9778aa7000 rw-p 00000000 00:00 0 
7f9778aa7000-7f9778aa8000 r--p 00000000 00:21 3471                       /usr/lib/libdl.so.2
7f9778aa8000-7f9778aa9000 r-xp 00001000 00:21 3471                       /usr/lib/libdl.so.2
7f9778aa9000-7f9778aaa000 r--p 00002000 00:21 3471                       /usr/lib/libdl.so.2
7f9778aaa000-7f9778aab000 r--p 00002000 00:21 3471                       /usr/lib/libdl.so.2
7f9778aab000-7f9778aac000 rw-p 00003000 00:21 3471                       /usr/lib/libdl.so.2
7f9778aac000-7f9778aad000 r--p 00000000 00:21 3493                       /usr/lib/libpthread.so.0
7f9778aad000-7f9778aae000 r-xp 00001000 00:21 3493                       /usr/lib/libpthread.so.0
7f9778aae000-7f9778aaf000 r--p 00002000 00:21 3493                       /usr/lib/libpthread.so.0
7f9778aaf000-7f9778ab0000 r--p 00002000 00:21 3493                       /usr/lib/libpthread.so.0
7f9778ab0000-7f9778ab1000 rw-p 00003000 00:21 3493                       /usr/lib/libpthread.so.0
7f9778ab1000-7f9778ab5000 r-xp 00000000 00:21 203108                     /home/itzrival/.jdk/jdk-21/lib/libmanagement.so
7f9778ab5000-7f9778ab6000 r--p 00003000 00:21 203108                     /home/itzrival/.jdk/jdk-21/lib/libmanagement.so
7f9778ab6000-7f9778ab7000 rw-p 00004000 00:21 203108                     /home/itzrival/.jdk/jdk-21/lib/libmanagement.so
7f9778ab7000-7f9778ab8000 ---p 00000000 00:00 0 
7f9778ab8000-7f9778ab9000 r--p 00000000 00:00 0 
7f9778ab9000-7f9778aba000 ---p 00000000 00:00 0 
7f9778aba000-7f9778ad5000 r-xp 00000000 00:21 203072                     /home/itzrival/.jdk/jdk-21/lib/libjimage.so
7f9778ad5000-7f9778ad6000 ---p 0001b000 00:21 203072                     /home/itzrival/.jdk/jdk-21/lib/libjimage.so
7f9778ad6000-7f9778ad8000 r--p 0001b000 00:21 203072                     /home/itzrival/.jdk/jdk-21/lib/libjimage.so
7f9778ad8000-7f9778ad9000 rw-p 0001d000 00:21 203072                     /home/itzrival/.jdk/jdk-21/lib/libjimage.so
7f9778ad9000-7f9778af2000 r-xp 00000000 00:21 203071                     /home/itzrival/.jdk/jdk-21/lib/libjli.so
7f9778af2000-7f9778af3000 r--p 00018000 00:21 203071                     /home/itzrival/.jdk/jdk-21/lib/libjli.so
7f9778af3000-7f9778af4000 rw-p 00019000 00:21 203071                     /home/itzrival/.jdk/jdk-21/lib/libjli.so
7f9778af4000-7f9778af6000 rw-p 00000000 00:00 0 
7f9778af6000-7f9778afa000 r--p 00000000 00:00 0                          [vvar]
7f9778afa000-7f9778afc000 r--p 00000000 00:00 0                          [vvar_vclock]
7f9778afc000-7f9778afe000 r-xp 00000000 00:00 0                          [vdso]
7f9778afe000-7f9778aff000 r--p 00000000 00:21 3457                       /usr/lib/ld-linux-x86-64.so.2
7f9778aff000-7f9778b2d000 r-xp 00001000 00:21 3457                       /usr/lib/ld-linux-x86-64.so.2
7f9778b2d000-7f9778b3c000 r--p 0002f000 00:21 3457                       /usr/lib/ld-linux-x86-64.so.2
7f9778b3c000-7f9778b3e000 r--p 0003e000 00:21 3457                       /usr/lib/ld-linux-x86-64.so.2
7f9778b3e000-7f9778b3f000 rw-p 00040000 00:21 3457                       /usr/lib/ld-linux-x86-64.so.2
7f9778b3f000-7f9778b40000 rw-p 00000000 00:00 0 
7ffcf2976000-7ffcf2998000 rw-p 00000000 00:00 0                          [stack]
ffffffffff600000-ffffffffff601000 --xp 00000000 00:00 0                  [vsyscall]
Total number of mappings: 905

JVMTI agents:
/home/itzrival/.gradle/wrapper/dists/gradle-8.7-bin/bhs2wmbdwecv87pi65oeuq5iu/gradle-8.7/lib/agents/gradle-instrumentation-agent-8.7.jar path:none, loaded, initialized, instrumentlib options:none


VM Arguments:
jvm_args: --add-opens=java.base/java.util=ALL-UNNAMED --add-opens=java.base/java.lang=ALL-UNNAMED --add-opens=java.base/java.lang.invoke=ALL-UNNAMED --add-opens=java.prefs/java.util.prefs=ALL-UNNAMED --add-opens=java.base/java.nio.charset=ALL-UNNAMED --add-opens=java.base/java.net=ALL-UNNAMED --add-opens=java.base/java.util.concurrent.atomic=ALL-UNNAMED -Xmx4096M -Dfile.encoding=UTF-8 -Duser.country=RU -Duser.language=ru -Duser.variant -javaagent:/home/itzrival/.gradle/wrapper/dists/gradle-8.7-bin/bhs2wmbdwecv87pi65oeuq5iu/gradle-8.7/lib/agents/gradle-instrumentation-agent-8.7.jar 
java_command: org.gradle.launcher.daemon.bootstrap.GradleDaemon 8.7
java_class_path (initial): /home/itzrival/.gradle/wrapper/dists/gradle-8.7-bin/bhs2wmbdwecv87pi65oeuq5iu/gradle-8.7/lib/gradle-launcher-8.7.jar
Launcher Type: SUN_STANDARD

[Global flags]
     intx CICompilerCount                          = 12                                        {product} {ergonomic}
     uint ConcGCThreads                            = 4                                         {product} {ergonomic}
     uint G1ConcRefinementThreads                  = 15                                        {product} {ergonomic}
   size_t G1HeapRegionSize                         = 2097152                                   {product} {ergonomic}
    uintx GCDrainStackTargetSize                   = 64                                        {product} {ergonomic}
   size_t InitialHeapSize                          = 522190848                                 {product} {ergonomic}
   size_t MarkStackSize                            = 4194304                                   {product} {ergonomic}
   size_t MaxHeapSize                              = 4294967296                                {product} {command line}
   size_t MaxNewSize                               = 2575302656                                {product} {ergonomic}
   size_t MinHeapDeltaBytes                        = 2097152                                   {product} {ergonomic}
   size_t MinHeapSize                              = 8388608                                   {product} {ergonomic}
    uintx NonNMethodCodeHeapSize                   = 7602480                                {pd product} {ergonomic}
    uintx NonProfiledCodeHeapSize                  = 122027880                              {pd product} {ergonomic}
    uintx ProfiledCodeHeapSize                     = 122027880                              {pd product} {ergonomic}
    uintx ReservedCodeCacheSize                    = 251658240                              {pd product} {ergonomic}
     bool SegmentedCodeCache                       = true                                      {product} {ergonomic}
   size_t SoftMaxHeapSize                          = 4294967296                             {manageable} {ergonomic}
     bool UseCompressedOops                        = true                           {product lp64_product} {ergonomic}
     bool UseG1GC                                  = true                                      {product} {ergonomic}

Logging:
Log output configuration:
 #0: stdout all=warning uptime,level,tags foldmultilines=false
 #1: stderr all=off uptime,level,tags foldmultilines=false

Release file:
IMPLEMENTOR="Eclipse Adoptium"
IMPLEMENTOR_VERSION="Temurin-21.0.11+10"
JAVA_RUNTIME_VERSION="21.0.11+10-LTS"
JAVA_VERSION="21.0.11"
JAVA_VERSION_DATE="2026-04-21"
LIBC="gnu"
MODULES="java.base java.compiler java.datatransfer java.xml java.prefs java.desktop java.instrument java.logging java.management java.security.sasl java.naming java.rmi java.management.rmi java.net.http java.scripting java.security.jgss java.transaction.xa java.sql java.sql.rowset java.xml.crypto java.se java.smartcardio jdk.accessibility jdk.internal.jvmstat jdk.attach jdk.charsets jdk.internal.opt jdk.zipfs jdk.compiler jdk.crypto.ec jdk.crypto.cryptoki jdk.dynalink jdk.internal.ed jdk.editpad jdk.hotspot.agent jdk.httpserver jdk.incubator.vector jdk.internal.le jdk.internal.vm.ci jdk.internal.vm.compiler jdk.internal.vm.compiler.management jdk.jartool jdk.javadoc jdk.jcmd jdk.management jdk.management.agent jdk.jconsole jdk.jdeps jdk.jdwp.agent jdk.jdi jdk.jfr jdk.jlink jdk.jpackage jdk.jshell jdk.jsobject jdk.jstatd jdk.localedata jdk.management.jfr jdk.naming.dns jdk.naming.rmi jdk.net jdk.nio.mapmode jdk.random jdk.sctp jdk.security.auth jdk.security.jgss jdk.unsupported jdk.unsupported.desktop jdk.xml.dom"
OS_ARCH="x86_64"
OS_NAME="Linux"
SOURCE=".:git:254494ad7d75"
BUILD_SOURCE="git:a612825ee82a20ac872d60958c349854c1f29a8e"
BUILD_SOURCE_REPO="https://github.com/adoptium/temurin-build.git"
SOURCE_REPO="https://github.com/adoptium/jdk21u.git"
FULL_VERSION="21.0.11+10-LTS"
SEMANTIC_VERSION="21.0.11+10"
BUILD_INFO="OS: Linux Version: 6.8.0-1051-azure"
JVM_VARIANT="Hotspot"
JVM_VERSION="21.0.11+10-LTS"
IMAGE_TYPE="JDK"

Environment Variables:
JAVA_HOME=/home/itzrival/.jdk/jdk-21
PATH=/home/itzrival/.config/nvm/versions/node/v24.16.0/bin:/home/itzrival/.local/bin:/home/itzrival/.local/bin:/home/itzrival/.config/nvm/versions/node/v24.16.0/bin:/home/itzrival/.local/bin:/usr/local/sbin:/usr/local/bin:/usr/bin:/home/itzrival/.local/share/flatpak/exports/bin:/usr/lib/jvm/default/bin:/usr/bin/site_perl:/usr/bin/vendor_perl:/usr/bin/core_perl
XDG_CACHE_HOME=/home/itzrival/.cache
XDG_CONFIG_HOME=/home/itzrival/.config
SHELL=/usr/bin/fish
DISPLAY=:1
WAYLAND_DISPLAY=wayland-1
LANG=ru_RU.UTF-8
LC_NUMERIC=ru_RU.UTF-8
LC_TIME=ru_RU.UTF-8
TERM=xterm-kitty

Active Locale:
LC_ALL=ru_RU.UTF-8
LC_COLLATE=ru_RU.UTF-8
LC_CTYPE=ru_RU.UTF-8
LC_MESSAGES=ru_RU.UTF-8
LC_MONETARY=ru_RU.UTF-8
LC_NUMERIC=ru_RU.UTF-8
LC_TIME=ru_RU.UTF-8

Signal Handlers:
   SIGSEGV: crash_handler in libjvm.so, mask=11100100010111111101111111111110, flags=SA_RESTART|SA_SIGINFO, unblocked
    SIGBUS: crash_handler in libjvm.so, mask=11100100010111111101111111111110, flags=SA_RESTART|SA_SIGINFO, unblocked
    SIGFPE: crash_handler in libjvm.so, mask=11100100010111111101111111111110, flags=SA_RESTART|SA_SIGINFO, unblocked
   SIGPIPE: javaSignalHandler in libjvm.so, mask=11100100010111111101111111111110, flags=SA_RESTART|SA_SIGINFO, blocked
   SIGXFSZ: javaSignalHandler in libjvm.so, mask=11100100010111111101111111111110, flags=SA_RESTART|SA_SIGINFO, blocked
    SIGILL: crash_handler in libjvm.so, mask=11100100010111111101111111111110, flags=SA_RESTART|SA_SIGINFO, unblocked
   SIGUSR2: SR_handler in libjvm.so, mask=00000000000000000000000000000000, flags=SA_RESTART|SA_SIGINFO, blocked
    SIGHUP: UserHandler in libjvm.so, mask=11100100010111111101111111111110, flags=SA_RESTART|SA_SIGINFO, blocked
    SIGINT: UserHandler in libjvm.so, mask=11100100010111111101111111111110, flags=SA_RESTART|SA_SIGINFO, blocked
   SIGTERM: UserHandler in libjvm.so, mask=11100100010111111101111111111110, flags=SA_RESTART|SA_SIGINFO, blocked
   SIGQUIT: UserHandler in libjvm.so, mask=11100100010111111101111111111110, flags=SA_RESTART|SA_SIGINFO, blocked
   SIGTRAP: crash_handler in libjvm.so, mask=11100100010111111101111111111110, flags=SA_RESTART|SA_SIGINFO, unblocked


Periodic native trim disabled

---------------  S Y S T E M  ---------------

OS:
DISTRIB_ID=cachyos
DISTRIB_RELEASE="rolling"
DISTRIB_DESCRIPTION="CachyOS"
uname: Linux 7.0.12-1-cachyos #1 SMP PREEMPT_DYNAMIC Sat, 13 Jun 2026 11:49:00 +0000 x86_64
OS uptime: 0 days 10:03 hours
libc: glibc 2.43 NPTL 2.43 
rlimit (soft/hard): STACK 8192k/infinity , CORE infinity/infinity , NPROC 126946/126946 , NOFILE 1048576/1048576 , AS infinity/infinity , CPU infinity/infinity , DATA infinity/infinity , FSIZE infinity/infinity , MEMLOCK 8192k/8192k
load average: 2,25 2,37 1,66

/proc/meminfo:
MemTotal:       32627720 kB
MemFree:        12358108 kB
MemAvailable:   22977928 kB
Buffers:          238268 kB
Cached:          9334276 kB
SwapCached:          564 kB
Active:          9395008 kB
Inactive:        7227692 kB
Active(anon):    6309356 kB
Inactive(anon):   950224 kB
Active(file):    3085652 kB
Inactive(file):  6277468 kB
Unevictable:      188472 kB
Mlocked:             320 kB
SwapTotal:      32627708 kB
SwapFree:       31726224 kB
Zswap:                 0 kB
Zswapped:              0 kB
Dirty:              4860 kB
Writeback:             0 kB
AnonPages:       7062648 kB
Mapped:           954580 kB
Shmem:             21208 kB
KReclaimable:    1725348 kB
Slab:            2092756 kB
SReclaimable:    1725348 kB
SUnreclaim:       367408 kB
KernelStack:       17904 kB
PageTables:        40732 kB
SecPageTables:      1028 kB
NFS_Unstable:          0 kB
Bounce:                0 kB
WritebackTmp:          0 kB
CommitLimit:    48941568 kB
Committed_AS:   12769136 kB
VmallocTotal:   34359738367 kB
VmallocUsed:      265360 kB
VmallocChunk:          0 kB
Percpu:            18816 kB
HardwareCorrupted:     0 kB
AnonHugePages:    266240 kB
ShmemHugePages:    14336 kB
ShmemPmdMapped:     2048 kB
FileHugePages:    219136 kB
FilePmdMapped:    184320 kB
CmaTotal:              0 kB
CmaFree:               0 kB
Unaccepted:            0 kB
Balloon:               0 kB
HugePages_Total:       0
HugePages_Free:        0
HugePages_Rsvd:        0
HugePages_Surp:        0
Hugepagesize:       2048 kB
Hugetlb:               0 kB
DirectMap4k:     2690436 kB
DirectMap2M:    22249472 kB
DirectMap1G:    10485760 kB

/sys/kernel/mm/transparent_hugepage/enabled: [always] madvise never
/sys/kernel/mm/transparent_hugepage/hpage_pmd_size: 2097152
/sys/kernel/mm/transparent_hugepage/defrag (defrag/compaction efforts parameter): always defer [defer+madvise] madvise never

Process Memory:
Virtual Size: 16611704K (peak: 16675700K)
Resident Set Size: 4846508K (peak: 5478808K) (anon: 4808892K, file: 37584K, shmem: 32K)
Swapped out: 0K
C-Heap outstanding allocations: 168783K, retained: 983552K
glibc malloc tunables: (default)

/proc/sys/kernel/threads-max (system-wide limit on the number of threads): 253893
/proc/sys/vm/max_map_count (maximum number of memory map areas a process may have): 1048576
/proc/sys/vm/swappiness (control to define how aggressively the kernel swaps out anonymous memory): 150
/proc/sys/kernel/pid_max (system-wide limit on number of process identifiers): 4194304

container information not found.
Steal ticks since vm start: 0
Steal ticks percentage since vm start:  0,000

CPU: total 20 (initial active 20) (10 cores per cpu, 2 threads per core) family 6 model 183 stepping 1 microcode 0x133, cx8, cmov, fxsr, ht, mmx, 3dnowpref, sse, sse2, sse3, ssse3, sse4.1, sse4.2, popcnt, lzcnt, tsc, tscinvbit, avx, avx2, aes, erms, clmul, bmi1, bmi2, adx, sha, fma, vzeroupper, clflush, clflushopt, clwb, serialize, rdtscp, rdpid, fsrm, f16c, pku, ospke, cet_ibt, cet_ss
CPU Model and flags from /proc/cpuinfo:
model name	: Intel(R) Core(TM) i5-14600KF
flags		: fpu vme de pse tsc msr pae mce cx8 apic sep mtrr pge mca cmov pat pse36 clflush dts acpi mmx fxsr sse sse2 ss ht tm pbe syscall nx pdpe1gb rdtscp lm constant_tsc art arch_perfmon pebs bts rep_good nopl xtopology nonstop_tsc cpuid aperfmperf tsc_known_freq pni pclmulqdq dtes64 monitor ds_cpl vmx est tm2 ssse3 sdbg fma cx16 xtpr pdcm pcid sse4_1 sse4_2 x2apic movbe popcnt tsc_deadline_timer aes xsave avx f16c rdrand lahf_lm abm 3dnowprefetch cpuid_fault ssbd ibrs ibpb stibp ibrs_enhanced tpr_shadow flexpriority ept vpid ept_ad fsgsbase tsc_adjust bmi1 avx2 smep bmi2 erms invpcid rdseed adx smap clflushopt clwb intel_pt sha_ni xsaveopt xsavec xgetbv1 xsaves split_lock_detect user_shstk avx_vnni dtherm ida arat pln pts hwp hwp_notify hwp_act_window hwp_epp hwp_pkg_req hfi vnmi umip pku ospke waitpkg gfni vaes vpclmulqdq rdpid movdiri movdir64b fsrm md_clear serialize arch_lbr ibt flush_l1d arch_capabilities

Online cpus: 0-19
Offline cpus: 
BIOS frequency limitation: <Not Available>
Frequency switch latency (ns): 0
Available cpu frequencies: <Not Available>
Current governor: powersave
Core performance/turbo boost: <Not Available>

Memory: 4k page, physical 32627720k(22977928k free), swap 32627708k(31726224k free)
Page Sizes: 4k

vm_info: OpenJDK 64-Bit Server VM (21.0.11+10-LTS) for linux-amd64 JRE (21.0.11+10-LTS), built on 2026-04-21T00:00:00Z by "admin" with gcc 11.3.0

END.
